entity_id,fiscal_year,corridor_type,currency_pair,direction,txn_count,value_zar
E01,FY2024,intercompany,AED/ZAR,inbound,107,96739583.34
E01,FY2024,intercompany,AED/ZAR,outbound,98,94800831.7
E01,FY2024,intercompany,CNY/ZAR,inbound,100,112422750.68
E01,FY2024,intercompany,CNY/ZAR,outbound,114,110250710.19
E01,FY2024,intercompany,EUR/ZAR,inbound,99,91485246.11
E01,FY2024,intercompany,EUR/ZAR,outbound,104,65062664.57
E01,FY2024,intercompany,GBP/ZAR,inbound,91,90072771.88
E01,FY2024,intercompany,GBP/ZAR,outbound,121,105627260.4
E01,FY2024,intercompany,USD/ZAR,inbound,121,110663167.87
E01,FY2024,intercompany,USD/ZAR,outbound,117,89409927.94
E01,FY2024,other,AED/ZAR,inbound,15,8096791.8
E01,FY2024,other,AED/ZAR,outbound,22,35347513.64
E01,FY2024,other,CNY/ZAR,inbound,17,11265384.0
E01,FY2024,other,CNY/ZAR,outbound,23,17794741.62
E01,FY2024,other,EUR/ZAR,inbound,20,21025015.34
E01,FY2024,other,EUR/ZAR,outbound,27,35169997.58
E01,FY2024,other,GBP/ZAR,inbound,12,14463492.030000001
E01,FY2024,other,GBP/ZAR,outbound,26,33487094.200000003
E01,FY2024,other,USD/ZAR,inbound,24,20323551.19
E01,FY2024,other,USD/ZAR,outbound,23,22220984.419999998
E01,FY2024,trade,AED/ZAR,inbound,98,86142943.32
E01,FY2024,trade,AED/ZAR,outbound,103,89940026.45
E01,FY2024,trade,CNY/ZAR,inbound,101,95378417.34
E01,FY2024,trade,CNY/ZAR,outbound,111,117420425.64
E01,FY2024,trade,EUR/ZAR,inbound,114,124907821.45
E01,FY2024,trade,EUR/ZAR,outbound,98,65512510.73
E01,FY2024,trade,GBP/ZAR,inbound,106,89262423.27
E01,FY2024,trade,GBP/ZAR,outbound,103,75726173.53999999
E01,FY2024,trade,USD/ZAR,inbound,102,75305833.02
E01,FY2024,trade,USD/ZAR,outbound,92,77934271.73
E01,FY2025,intercompany,AED/ZAR,inbound,100,80949000.2
E01,FY2025,intercompany,AED/ZAR,outbound,124,85638403.79
E01,FY2025,intercompany,CNY/ZAR,inbound,98,113152873.57000001
E01,FY2025,intercompany,CNY/ZAR,outbound,118,123314693.33
E01,FY2025,intercompany,EUR/ZAR,inbound,97,102055992.81
E01,FY2025,intercompany,EUR/ZAR,outbound,116,102039509.22
E01,FY2025,intercompany,GBP/ZAR,inbound,94,79677202.88
E01,FY2025,intercompany,GBP/ZAR,outbound,110,109999395.16
E01,FY2025,intercompany,USD/ZAR,inbound,101,109175282.25
E01,FY2025,intercompany,USD/ZAR,outbound,128,111722660.81
E01,FY2025,other,AED/ZAR,inbound,19,21271999.9
E01,FY2025,other,AED/ZAR,outbound,27,16024800.15
E01,FY2025,other,CNY/ZAR,inbound,24,17217691.009999998
E01,FY2025,other,CNY/ZAR,outbound,26,17743974.13
E01,FY2025,other,EUR/ZAR,inbound,32,29773820.73
E01,FY2025,other,EUR/ZAR,outbound,24,22335274.5
E01,FY2025,other,GBP/ZAR,inbound,14,7616406.699999999
E01,FY2025,other,GBP/ZAR,outbound,24,40732184.35
E01,FY2025,other,USD/ZAR,inbound,21,21784679.240000002
E01,FY2025,other,USD/ZAR,outbound,20,21195825.25
E01,FY2025,trade,AED/ZAR,inbound,126,87081594.47
E01,FY2025,trade,AED/ZAR,outbound,122,114678536.94
E01,FY2025,trade,CNY/ZAR,inbound,113,87734901.27
E01,FY2025,trade,CNY/ZAR,outbound,116,106485118.93
E01,FY2025,trade,EUR/ZAR,inbound,95,62343282.99
E01,FY2025,trade,EUR/ZAR,outbound,103,116668570.95
E01,FY2025,trade,GBP/ZAR,inbound,103,119676366.6
E01,FY2025,trade,GBP/ZAR,outbound,124,83893046.33
E01,FY2025,trade,USD/ZAR,inbound,93,72839336.36
E01,FY2025,trade,USD/ZAR,outbound,99,89641027.59
E01,FY2026,intercompany,AED/ZAR,inbound,76,75639855.18
E01,FY2026,intercompany,AED/ZAR,outbound,105,94989016.92
E01,FY2026,intercompany,CNY/ZAR,inbound,104,99190155.25
E01,FY2026,intercompany,CNY/ZAR,outbound,104,86391282.96000001
E01,FY2026,intercompany,EUR/ZAR,inbound,74,54529975.09
E01,FY2026,intercompany,EUR/ZAR,outbound,103,108116079.17
E01,FY2026,intercompany,GBP/ZAR,inbound,103,101233155.51
E01,FY2026,intercompany,GBP/ZAR,outbound,100,61459095.04
E01,FY2026,intercompany,USD/ZAR,inbound,91,75681188.08
E01,FY2026,intercompany,USD/ZAR,outbound,112,119919807.74000001
E01,FY2026,other,AED/ZAR,inbound,23,29081765.94
E01,FY2026,other,AED/ZAR,outbound,19,18286485.29
E01,FY2026,other,CNY/ZAR,inbound,16,12743719.98
E01,FY2026,other,CNY/ZAR,outbound,33,29879268.080000002
E01,FY2026,other,EUR/ZAR,inbound,20,34861723.6
E01,FY2026,other,EUR/ZAR,outbound,28,35477247.01
E01,FY2026,other,GBP/ZAR,inbound,18,11688486.66
E01,FY2026,other,GBP/ZAR,outbound,21,16065421.49
E01,FY2026,other,USD/ZAR,inbound,18,9888236.21
E01,FY2026,other,USD/ZAR,outbound,32,29078160.26
E01,FY2026,trade,AED/ZAR,inbound,95,90819941.97
E01,FY2026,trade,AED/ZAR,outbound,97,69866581.09
E01,FY2026,trade,CNY/ZAR,inbound,89,113761120.87
E01,FY2026,trade,CNY/ZAR,outbound,90,76124219.06
E01,FY2026,trade,EUR/ZAR,inbound,101,103852858.02
E01,FY2026,trade,EUR/ZAR,outbound,114,113762295.54
E01,FY2026,trade,GBP/ZAR,inbound,89,105105023.52
E01,FY2026,trade,GBP/ZAR,outbound,111,95674402.5
E01,FY2026,trade,USD/ZAR,inbound,109,103363638.64
E01,FY2026,trade,USD/ZAR,outbound,96,106326056.45
E02,FY2024,intercompany,AED/ZAR,inbound,66,84688180.17
E02,FY2024,intercompany,AED/ZAR,outbound,62,113531588.71
E02,FY2024,intercompany,CNY/ZAR,inbound,61,101828196.73
E02,FY2024,intercompany,CNY/ZAR,outbound,67,95858382.91
E02,FY2024,intercompany,EUR/ZAR,inbound,56,103849934.78
E02,FY2024,intercompany,EUR/ZAR,outbound,59,107093483.11
E02,FY2024,intercompany,GBP/ZAR,inbound,63,87856264.93
E02,FY2024,intercompany,GBP/ZAR,outbound,71,130303092.85
E02,FY2024,intercompany,USD/ZAR,inbound,69,121020057.3
E02,FY2024,intercompany,USD/ZAR,outbound,74,92684165.92999999
E02,FY2024,other,AED/ZAR,inbound,17,38476201.15
E02,FY2024,other,AED/ZAR,outbound,12,18344738.82
E02,FY2024,other,CNY/ZAR,inbound,11,15563618.9
E02,FY2024,other,CNY/ZAR,outbound,13,12584227.94
E02,FY2024,other,EUR/ZAR,inbound,20,35989258.1
E02,FY2024,other,EUR/ZAR,outbound,9,15932305.82
E02,FY2024,other,GBP/ZAR,inbound,21,28337093.67
E02,FY2024,other,GBP/ZAR,outbound,12,19564406.869999997
E02,FY2024,other,USD/ZAR,inbound,20,25692509.55
E02,FY2024,other,USD/ZAR,outbound,16,32444311.43
E02,FY2024,trade,AED/ZAR,inbound,57,143190762.19
E02,FY2024,trade,AED/ZAR,outbound,79,117912191.82
E02,FY2024,trade,CNY/ZAR,inbound,66,102156494.88
E02,FY2024,trade,CNY/ZAR,outbound,72,141792426.56
E02,FY2024,trade,EUR/ZAR,inbound,76,108950279.24
E02,FY2024,trade,EUR/ZAR,outbound,59,92375091.34
E02,FY2024,trade,GBP/ZAR,inbound,63,89239049.17
E02,FY2024,trade,GBP/ZAR,outbound,60,106503975.78
E02,FY2024,trade,USD/ZAR,inbound,60,98757139.08
E02,FY2024,trade,USD/ZAR,outbound,63,94630160.9
E02,FY2025,intercompany,AED/ZAR,inbound,71,107278735.79
E02,FY2025,intercompany,AED/ZAR,outbound,64,80634092.49
E02,FY2025,intercompany,CNY/ZAR,inbound,68,143235328.3
E02,FY2025,intercompany,CNY/ZAR,outbound,68,166815834.86
E02,FY2025,intercompany,EUR/ZAR,inbound,79,104097544.76
E02,FY2025,intercompany,EUR/ZAR,outbound,66,77969331.57000001
E02,FY2025,intercompany,GBP/ZAR,inbound,75,135873515.31
E02,FY2025,intercompany,GBP/ZAR,outbound,77,118062057.48
E02,FY2025,intercompany,USD/ZAR,inbound,73,149935522.61
E02,FY2025,intercompany,USD/ZAR,outbound,78,93885884.78
E02,FY2025,other,AED/ZAR,inbound,10,15262649.77
E02,FY2025,other,AED/ZAR,outbound,16,14143190.15
E02,FY2025,other,CNY/ZAR,inbound,14,19520972.41
E02,FY2025,other,CNY/ZAR,outbound,19,24696450.830000002
E02,FY2025,other,EUR/ZAR,inbound,15,19466456.84
E02,FY2025,other,EUR/ZAR,outbound,16,35205905.75
E02,FY2025,other,GBP/ZAR,inbound,15,27724046.32
E02,FY2025,other,GBP/ZAR,outbound,16,23198667.94
E02,FY2025,other,USD/ZAR,inbound,11,21550442.53
E02,FY2025,other,USD/ZAR,outbound,20,36751896.78
E02,FY2025,trade,AED/ZAR,inbound,80,104352034.91
E02,FY2025,trade,AED/ZAR,outbound,84,108623226.91
E02,FY2025,trade,CNY/ZAR,inbound,61,65252095.55
E02,FY2025,trade,CNY/ZAR,outbound,76,99266119.79
E02,FY2025,trade,EUR/ZAR,inbound,73,109891990.83
E02,FY2025,trade,EUR/ZAR,outbound,62,102716483.44
E02,FY2025,trade,GBP/ZAR,inbound,64,120821919.92
E02,FY2025,trade,GBP/ZAR,outbound,64,82556029.62
E02,FY2025,trade,USD/ZAR,inbound,73,102841761.78
E02,FY2025,trade,USD/ZAR,outbound,73,98327228.92999999
E02,FY2026,intercompany,AED/ZAR,inbound,56,88885595.07000001
E02,FY2026,intercompany,AED/ZAR,outbound,71,137192555.03
E02,FY2026,intercompany,CNY/ZAR,inbound,62,72927057.45
E02,FY2026,intercompany,CNY/ZAR,outbound,66,74749989.64
E02,FY2026,intercompany,EUR/ZAR,inbound,80,128610451.33
E02,FY2026,intercompany,EUR/ZAR,outbound,71,99182376.14
E02,FY2026,intercompany,GBP/ZAR,inbound,63,76865159.31
E02,FY2026,intercompany,GBP/ZAR,outbound,64,96399729.31
E02,FY2026,intercompany,USD/ZAR,inbound,66,182119308.01
E02,FY2026,intercompany,USD/ZAR,outbound,65,128842541.11
E02,FY2026,other,AED/ZAR,inbound,12,11109719.43
E02,FY2026,other,AED/ZAR,outbound,15,18569739.74
E02,FY2026,other,CNY/ZAR,inbound,16,19543471.14
E02,FY2026,other,CNY/ZAR,outbound,12,11177420.44
E02,FY2026,other,EUR/ZAR,inbound,15,41021080.160000004
E02,FY2026,other,EUR/ZAR,outbound,14,39701225.0
E02,FY2026,other,GBP/ZAR,inbound,8,9500892.48
E02,FY2026,other,GBP/ZAR,outbound,14,28535122.01
E02,FY2026,other,USD/ZAR,inbound,18,38133348.34
E02,FY2026,other,USD/ZAR,outbound,18,21219114.009999998
E02,FY2026,trade,AED/ZAR,inbound,67,109527107.61
E02,FY2026,trade,AED/ZAR,outbound,75,108536695.48
E02,FY2026,trade,CNY/ZAR,inbound,74,97192452.24
E02,FY2026,trade,CNY/ZAR,outbound,67,127097021.65
E02,FY2026,trade,EUR/ZAR,inbound,56,72167236.64
E02,FY2026,trade,EUR/ZAR,outbound,62,91065100.47
E02,FY2026,trade,GBP/ZAR,inbound,60,97322215.35
E02,FY2026,trade,GBP/ZAR,outbound,63,78444027.07000001
E02,FY2026,trade,USD/ZAR,inbound,52,85896043.56
E02,FY2026,trade,USD/ZAR,outbound,82,132392531.06
E03,FY2024,intercompany,AED/ZAR,inbound,118,64372889.38
E03,FY2024,intercompany,AED/ZAR,outbound,124,65946821.26
E03,FY2024,intercompany,CNY/ZAR,inbound,111,67359933.82000001
E03,FY2024,intercompany,CNY/ZAR,outbound,118,89045985.32000001
E03,FY2024,intercompany,EUR/ZAR,inbound,102,75807061.28
E03,FY2024,intercompany,EUR/ZAR,outbound,98,68148716.58
E03,FY2024,intercompany,GBP/ZAR,inbound,95,77339811.52
E03,FY2024,intercompany,GBP/ZAR,outbound,115,88003965.1
E03,FY2024,intercompany,USD/ZAR,inbound,83,67222226.33
E03,FY2024,intercompany,USD/ZAR,outbound,119,108046389.23
E03,FY2024,other,AED/ZAR,inbound,16,17683959.98
E03,FY2024,other,AED/ZAR,outbound,27,13427731.379999999
E03,FY2024,other,CNY/ZAR,inbound,21,52669454.129999995
E03,FY2024,other,CNY/ZAR,outbound,26,20468798.45
E03,FY2024,other,EUR/ZAR,inbound,27,24780527.07
E03,FY2024,other,EUR/ZAR,outbound,25,18006557.63
E03,FY2024,other,GBP/ZAR,inbound,15,7377557.79
E03,FY2024,other,GBP/ZAR,outbound,22,13815386.55
E03,FY2024,other,USD/ZAR,inbound,21,11078707.290000001
E03,FY2024,other,USD/ZAR,outbound,21,11018014.629999999
E03,FY2024,trade,AED/ZAR,inbound,84,67940233.14
E03,FY2024,trade,AED/ZAR,outbound,114,87057560.49
E03,FY2024,trade,CNY/ZAR,inbound,96,54989993.51
E03,FY2024,trade,CNY/ZAR,outbound,109,108184880.76
E03,FY2024,trade,EUR/ZAR,inbound,119,83787936.7
E03,FY2024,trade,EUR/ZAR,outbound,117,62459851.16
E03,FY2024,trade,GBP/ZAR,inbound,96,62552655.02
E03,FY2024,trade,GBP/ZAR,outbound,111,90862157.32000001
E03,FY2024,trade,USD/ZAR,inbound,97,78716335.51
E03,FY2024,trade,USD/ZAR,outbound,111,80146858.24
E03,FY2025,intercompany,AED/ZAR,inbound,88,60575691.81
E03,FY2025,intercompany,AED/ZAR,outbound,104,78431888.98
E03,FY2025,intercompany,CNY/ZAR,inbound,84,58511328.15
E03,FY2025,intercompany,CNY/ZAR,outbound,83,52055097.980000004
E03,FY2025,intercompany,EUR/ZAR,inbound,85,53939612.26
E03,FY2025,intercompany,EUR/ZAR,outbound,110,61474518.42
E03,FY2025,intercompany,GBP/ZAR,inbound,93,53841690.16
E03,FY2025,intercompany,GBP/ZAR,outbound,80,52007684.08
E03,FY2025,intercompany,USD/ZAR,inbound,92,48010342.59
E03,FY2025,intercompany,USD/ZAR,outbound,104,81393144.61
E03,FY2025,other,AED/ZAR,inbound,22,11398279.58
E03,FY2025,other,AED/ZAR,outbound,15,10027900.57
E03,FY2025,other,CNY/ZAR,inbound,20,10832055.610000001
E03,FY2025,other,CNY/ZAR,outbound,12,7530289.87
E03,FY2025,other,EUR/ZAR,inbound,12,3829342.89
E03,FY2025,other,EUR/ZAR,outbound,23,11316143.95
E03,FY2025,other,GBP/ZAR,inbound,23,16290525.5
E03,FY2025,other,GBP/ZAR,outbound,31,15720276.790000001
E03,FY2025,other,USD/ZAR,inbound,19,27505991.84
E03,FY2025,other,USD/ZAR,outbound,24,16136257.43
E03,FY2025,trade,AED/ZAR,inbound,99,53979042.55
E03,FY2025,trade,AED/ZAR,outbound,102,75917769.61
E03,FY2025,trade,CNY/ZAR,inbound,79,66174301.620000005
E03,FY2025,trade,CNY/ZAR,outbound,94,62618145.12
E03,FY2025,trade,EUR/ZAR,inbound,80,47153941.199999996
E03,FY2025,trade,EUR/ZAR,outbound,89,64704406.06
E03,FY2025,trade,GBP/ZAR,inbound,86,62324928.16
E03,FY2025,trade,GBP/ZAR,outbound,88,61147213.44
E03,FY2025,trade,USD/ZAR,inbound,101,67730846.97
E03,FY2025,trade,USD/ZAR,outbound,96,56701969.62
E03,FY2026,intercompany,AED/ZAR,inbound,54,34886835.160000004
E03,FY2026,intercompany,AED/ZAR,outbound,75,47690700.620000005
E03,FY2026,intercompany,CNY/ZAR,inbound,56,32676841.23
E03,FY2026,intercompany,CNY/ZAR,outbound,77,86077035.53
E03,FY2026,intercompany,EUR/ZAR,inbound,62,36966993.4
E03,FY2026,intercompany,EUR/ZAR,outbound,85,45444556.35
E03,FY2026,intercompany,GBP/ZAR,inbound,63,44095970.66
E03,FY2026,intercompany,GBP/ZAR,outbound,72,36949433.160000004
E03,FY2026,intercompany,USD/ZAR,inbound,51,30869322.53
E03,FY2026,intercompany,USD/ZAR,outbound,69,44946967.339999996
E03,FY2026,other,AED/ZAR,inbound,18,8301693.37
E03,FY2026,other,AED/ZAR,outbound,13,11972074.46
E03,FY2026,other,CNY/ZAR,inbound,12,5009474.35
E03,FY2026,other,CNY/ZAR,outbound,17,11151628.78
E03,FY2026,other,EUR/ZAR,inbound,11,8653490.44
E03,FY2026,other,EUR/ZAR,outbound,16,9676379.41
E03,FY2026,other,GBP/ZAR,inbound,13,4201581.75
E03,FY2026,other,GBP/ZAR,outbound,16,9521729.35
E03,FY2026,other,USD/ZAR,inbound,17,6882354.2
E03,FY2026,other,USD/ZAR,outbound,19,7711134.2700000005
E03,FY2026,trade,AED/ZAR,inbound,61,48917815.370000005
E03,FY2026,trade,AED/ZAR,outbound,67,49264669.4
E03,FY2026,trade,CNY/ZAR,inbound,51,30165900.84
E03,FY2026,trade,CNY/ZAR,outbound,71,39966802.13
E03,FY2026,trade,EUR/ZAR,inbound,65,38240967.69
E03,FY2026,trade,EUR/ZAR,outbound,84,59426808.05
E03,FY2026,trade,GBP/ZAR,inbound,61,48647775.5
E03,FY2026,trade,GBP/ZAR,outbound,54,51943616.68
E03,FY2026,trade,USD/ZAR,inbound,56,39768651.97
E03,FY2026,trade,USD/ZAR,outbound,81,66349706.41
E04,FY2024,intercompany,AED/ZAR,inbound,70,54546756.22
E04,FY2024,intercompany,AED/ZAR,outbound,75,40649132.91
E04,FY2024,intercompany,CNY/ZAR,inbound,63,20117356.52
E04,FY2024,intercompany,CNY/ZAR,outbound,66,26918948.45
E04,FY2024,intercompany,EUR/ZAR,inbound,55,28971012.05
E04,FY2024,intercompany,EUR/ZAR,outbound,78,30344784.15
E04,FY2024,intercompany,GBP/ZAR,inbound,59,37411931.63
E04,FY2024,intercompany,GBP/ZAR,outbound,86,41734422.91
E04,FY2024,intercompany,USD/ZAR,inbound,65,48093965.16
E04,FY2024,intercompany,USD/ZAR,outbound,73,43922078.68
E04,FY2024,other,AED/ZAR,inbound,13,5831529.2
E04,FY2024,other,AED/ZAR,outbound,21,6576039.15
E04,FY2024,other,CNY/ZAR,inbound,11,8695202.97
E04,FY2024,other,CNY/ZAR,outbound,13,7770935.31
E04,FY2024,other,EUR/ZAR,inbound,15,15464118.280000001
E04,FY2024,other,EUR/ZAR,outbound,21,8858833.34
E04,FY2024,other,GBP/ZAR,inbound,16,8178973.21
E04,FY2024,other,GBP/ZAR,outbound,12,3393844.12
E04,FY2024,other,USD/ZAR,inbound,9,7543396.08
E04,FY2024,other,USD/ZAR,outbound,13,5299696.88
E04,FY2024,trade,AED/ZAR,inbound,61,30750720.87
E04,FY2024,trade,AED/ZAR,outbound,78,51703438.61
E04,FY2024,trade,CNY/ZAR,inbound,63,62508747.57
E04,FY2024,trade,CNY/ZAR,outbound,73,46104815.45
E04,FY2024,trade,EUR/ZAR,inbound,71,44546238.64
E04,FY2024,trade,EUR/ZAR,outbound,70,28722052.76
E04,FY2024,trade,GBP/ZAR,inbound,83,44683654.07
E04,FY2024,trade,GBP/ZAR,outbound,66,35678225.49
E04,FY2024,trade,USD/ZAR,inbound,59,31581623.9
E04,FY2024,trade,USD/ZAR,outbound,57,28054300.79
E04,FY2025,intercompany,AED/ZAR,inbound,81,45998953.12
E04,FY2025,intercompany,AED/ZAR,outbound,78,38703699.26
E04,FY2025,intercompany,CNY/ZAR,inbound,61,31650272.8
E04,FY2025,intercompany,CNY/ZAR,outbound,75,47161133.36
E04,FY2025,intercompany,EUR/ZAR,inbound,67,23801330.45
E04,FY2025,intercompany,EUR/ZAR,outbound,77,30265543.35
E04,FY2025,intercompany,GBP/ZAR,inbound,57,25459195.95
E04,FY2025,intercompany,GBP/ZAR,outbound,68,41366117.89
E04,FY2025,intercompany,USD/ZAR,inbound,62,36025184.01
E04,FY2025,intercompany,USD/ZAR,outbound,78,32083415.41
E04,FY2025,other,AED/ZAR,inbound,14,6039441.45
E04,FY2025,other,AED/ZAR,outbound,18,12079537.09
E04,FY2025,other,CNY/ZAR,inbound,17,13892857.35
E04,FY2025,other,CNY/ZAR,outbound,15,4419039.07
E04,FY2025,other,EUR/ZAR,inbound,20,8221942.42
E04,FY2025,other,EUR/ZAR,outbound,19,18264321.97
E04,FY2025,other,GBP/ZAR,inbound,13,12865890.530000001
E04,FY2025,other,GBP/ZAR,outbound,18,9184111.6
E04,FY2025,other,USD/ZAR,inbound,10,3617749.6
E04,FY2025,other,USD/ZAR,outbound,15,5099723.85
E04,FY2025,trade,AED/ZAR,inbound,72,34856383.93
E04,FY2025,trade,AED/ZAR,outbound,84,54269166.17
E04,FY2025,trade,CNY/ZAR,inbound,68,35733578.910000004
E04,FY2025,trade,CNY/ZAR,outbound,69,35072810.93
E04,FY2025,trade,EUR/ZAR,inbound,69,33399635.74
E04,FY2025,trade,EUR/ZAR,outbound,79,54475786.43
E04,FY2025,trade,GBP/ZAR,inbound,73,42596587.88
E04,FY2025,trade,GBP/ZAR,outbound,68,39644592.52
E04,FY2025,trade,USD/ZAR,inbound,66,65126928.57
E04,FY2025,trade,USD/ZAR,outbound,86,51416120.39
E04,FY2026,intercompany,AED/ZAR,inbound,70,42640537.02
E04,FY2026,intercompany,AED/ZAR,outbound,78,42526040.81
E04,FY2026,intercompany,CNY/ZAR,inbound,56,31601880.46
E04,FY2026,intercompany,CNY/ZAR,outbound,66,48298458.17
E04,FY2026,intercompany,EUR/ZAR,inbound,71,46983433.53
E04,FY2026,intercompany,EUR/ZAR,outbound,69,28871822.51
E04,FY2026,intercompany,GBP/ZAR,inbound,74,38412620.21
E04,FY2026,intercompany,GBP/ZAR,outbound,69,33943474.22
E04,FY2026,intercompany,USD/ZAR,inbound,57,30937666.75
E04,FY2026,intercompany,USD/ZAR,outbound,80,37686056.12
E04,FY2026,other,AED/ZAR,inbound,18,8110856.0
E04,FY2026,other,AED/ZAR,outbound,15,10792077.1
E04,FY2026,other,CNY/ZAR,inbound,14,6672645.63
E04,FY2026,other,CNY/ZAR,outbound,16,9642752.7
E04,FY2026,other,EUR/ZAR,inbound,9,4469174.98
E04,FY2026,other,EUR/ZAR,outbound,23,6326158.68
E04,FY2026,other,GBP/ZAR,inbound,12,6866706.7299999995
E04,FY2026,other,GBP/ZAR,outbound,14,3568553.36
E04,FY2026,other,USD/ZAR,inbound,15,7105372.42
E04,FY2026,other,USD/ZAR,outbound,10,5409903.67
E04,FY2026,trade,AED/ZAR,inbound,64,34234291.25
E04,FY2026,trade,AED/ZAR,outbound,64,34014539.33
E04,FY2026,trade,CNY/ZAR,inbound,70,35712763.88
E04,FY2026,trade,CNY/ZAR,outbound,62,24529795.53
E04,FY2026,trade,EUR/ZAR,inbound,71,53096854.269999996
E04,FY2026,trade,EUR/ZAR,outbound,67,31442820.21
E04,FY2026,trade,GBP/ZAR,inbound,75,43106898.73
E04,FY2026,trade,GBP/ZAR,outbound,72,50182020.54
E04,FY2026,trade,USD/ZAR,inbound,87,61770330.99
E04,FY2026,trade,USD/ZAR,outbound,59,29536189.26
E05,FY2024,intercompany,AED/ZAR,inbound,76,51773902.44
E05,FY2024,intercompany,AED/ZAR,outbound,80,43576443.99
E05,FY2024,intercompany,CNY/ZAR,inbound,78,45153068.28
E05,FY2024,intercompany,CNY/ZAR,outbound,98,58678806.699999996
E05,FY2024,intercompany,EUR/ZAR,inbound,77,62883825.47
E05,FY2024,intercompany,EUR/ZAR,outbound,72,39493332.31
E05,FY2024,intercompany,GBP/ZAR,inbound,69,61057989.88
E05,FY2024,intercompany,GBP/ZAR,outbound,89,49354103.0
E05,FY2024,intercompany,USD/ZAR,inbound,59,32980440.98
E05,FY2024,intercompany,USD/ZAR,outbound,91,62567037.07
E05,FY2024,other,AED/ZAR,inbound,13,4262926.29
E05,FY2024,other,AED/ZAR,outbound,17,7545544.85
E05,FY2024,other,CNY/ZAR,inbound,18,7537473.12
E05,FY2024,other,CNY/ZAR,outbound,10,4486331.31
E05,FY2024,other,EUR/ZAR,inbound,17,8299577.83
E05,FY2024,other,EUR/ZAR,outbound,13,10489514.67
E05,FY2024,other,GBP/ZAR,inbound,15,5597430.82
E05,FY2024,other,GBP/ZAR,outbound,14,5265984.41
E05,FY2024,other,USD/ZAR,inbound,17,4366049.34
E05,FY2024,other,USD/ZAR,outbound,21,7538392.649999999
E05,FY2024,trade,AED/ZAR,inbound,82,47025980.47
E05,FY2024,trade,AED/ZAR,outbound,66,38287943.79
E05,FY2024,trade,CNY/ZAR,inbound,68,35343804.64
E05,FY2024,trade,CNY/ZAR,outbound,73,35668647.2
E05,FY2024,trade,EUR/ZAR,inbound,58,35358617.08
E05,FY2024,trade,EUR/ZAR,outbound,81,41223520.85
E05,FY2024,trade,GBP/ZAR,inbound,72,47138781.72
E05,FY2024,trade,GBP/ZAR,outbound,80,48162688.25
E05,FY2024,trade,USD/ZAR,inbound,74,35278008.05
E05,FY2024,trade,USD/ZAR,outbound,77,37003837.14
E05,FY2025,intercompany,AED/ZAR,inbound,68,32860896.12
E05,FY2025,intercompany,AED/ZAR,outbound,76,47065721.79
E05,FY2025,intercompany,CNY/ZAR,inbound,75,53809668.14
E05,FY2025,intercompany,CNY/ZAR,outbound,66,33573006.28
E05,FY2025,intercompany,EUR/ZAR,inbound,64,29201905.57
E05,FY2025,intercompany,EUR/ZAR,outbound,72,43068024.11
E05,FY2025,intercompany,GBP/ZAR,inbound,82,45125829.78
E05,FY2025,intercompany,GBP/ZAR,outbound,82,38357894.85
E05,FY2025,intercompany,USD/ZAR,inbound,84,36363870.92
E05,FY2025,intercompany,USD/ZAR,outbound,70,31021290.84
E05,FY2025,other,AED/ZAR,inbound,15,7711382.66
E05,FY2025,other,AED/ZAR,outbound,20,10039115.8
E05,FY2025,other,CNY/ZAR,inbound,14,5601751.76
E05,FY2025,other,CNY/ZAR,outbound,23,14580145.66
E05,FY2025,other,EUR/ZAR,inbound,15,14315941.05
E05,FY2025,other,EUR/ZAR,outbound,21,8285495.7
E05,FY2025,other,GBP/ZAR,inbound,14,4595945.56
E05,FY2025,other,GBP/ZAR,outbound,19,10742335.46
E05,FY2025,other,USD/ZAR,inbound,17,11454274.87
E05,FY2025,other,USD/ZAR,outbound,23,10066678.72
E05,FY2025,trade,AED/ZAR,inbound,65,43028439.64
E05,FY2025,trade,AED/ZAR,outbound,88,37873547.17
E05,FY2025,trade,CNY/ZAR,inbound,79,60434510.38
E05,FY2025,trade,CNY/ZAR,outbound,92,54388130.06
E05,FY2025,trade,EUR/ZAR,inbound,81,49906004.21
E05,FY2025,trade,EUR/ZAR,outbound,72,43311569.4
E05,FY2025,trade,GBP/ZAR,inbound,78,40608834.78
E05,FY2025,trade,GBP/ZAR,outbound,84,53724085.92
E05,FY2025,trade,USD/ZAR,inbound,63,30031732.67
E05,FY2025,trade,USD/ZAR,outbound,84,46947594.66
E05,FY2026,intercompany,AED/ZAR,inbound,68,28223069.45
E05,FY2026,intercompany,AED/ZAR,outbound,84,42552962.17
E05,FY2026,intercompany,CNY/ZAR,inbound,68,34873450.81
E05,FY2026,intercompany,CNY/ZAR,outbound,80,43411987.61
E05,FY2026,intercompany,EUR/ZAR,inbound,66,36386330.089999996
E05,FY2026,intercompany,EUR/ZAR,outbound,93,62344632.38
E05,FY2026,intercompany,GBP/ZAR,inbound,71,36153343.06
E05,FY2026,intercompany,GBP/ZAR,outbound,84,35593651.39
E05,FY2026,intercompany,USD/ZAR,inbound,88,59872886.370000005
E05,FY2026,intercompany,USD/ZAR,outbound,77,48540058.71
E05,FY2026,other,AED/ZAR,inbound,17,9951395.95
E05,FY2026,other,AED/ZAR,outbound,22,10242547.7
E05,FY2026,other,CNY/ZAR,inbound,9,3893411.45
E05,FY2026,other,CNY/ZAR,outbound,19,8190019.61
E05,FY2026,other,EUR/ZAR,inbound,17,15696842.2
E05,FY2026,other,EUR/ZAR,outbound,20,9181669.690000001
E05,FY2026,other,GBP/ZAR,inbound,16,11815603.82
E05,FY2026,other,GBP/ZAR,outbound,25,12637052.72
E05,FY2026,other,USD/ZAR,inbound,16,6563989.45
E05,FY2026,other,USD/ZAR,outbound,16,5059425.7700000005
E05,FY2026,trade,AED/ZAR,inbound,77,36390274.54
E05,FY2026,trade,AED/ZAR,outbound,77,38231135.23
E05,FY2026,trade,CNY/ZAR,inbound,65,29017730.1
E05,FY2026,trade,CNY/ZAR,outbound,74,58525616.84
E05,FY2026,trade,EUR/ZAR,inbound,61,28060454.47
E05,FY2026,trade,EUR/ZAR,outbound,77,29235139.1
E05,FY2026,trade,GBP/ZAR,inbound,79,39153275.52
E05,FY2026,trade,GBP/ZAR,outbound,74,42194587.02
E05,FY2026,trade,USD/ZAR,inbound,79,34044747.14
E05,FY2026,trade,USD/ZAR,outbound,69,43713487.8
E06,FY2024,intercompany,AED/ZAR,inbound,15,5211707.15
E06,FY2024,intercompany,AED/ZAR,outbound,18,6884000.05
E06,FY2024,intercompany,CNY/ZAR,inbound,21,15252215.95
E06,FY2024,intercompany,CNY/ZAR,outbound,16,5327910.61
E06,FY2024,intercompany,EUR/ZAR,inbound,12,4413082.25
E06,FY2024,intercompany,EUR/ZAR,outbound,18,6636093.52
E06,FY2024,intercompany,GBP/ZAR,inbound,12,3305329.6799999997
E06,FY2024,intercompany,GBP/ZAR,outbound,10,8152247.35
E06,FY2024,intercompany,USD/ZAR,inbound,19,8000530.55
E06,FY2024,intercompany,USD/ZAR,outbound,18,8075517.5600000005
E06,FY2024,other,AED/ZAR,inbound,1,28382.1
E06,FY2024,other,AED/ZAR,outbound,2,2121572.12
E06,FY2024,other,CNY/ZAR,inbound,6,3575391.0
E06,FY2024,other,CNY/ZAR,outbound,8,5229220.7
E06,FY2024,other,EUR/ZAR,inbound,8,4641651.85
E06,FY2024,other,EUR/ZAR,outbound,5,1469006.8599999999
E06,FY2024,other,GBP/ZAR,inbound,5,2554746.0599999996
E06,FY2024,other,GBP/ZAR,outbound,6,1183855.8399999999
E06,FY2024,other,USD/ZAR,inbound,8,3576744.57
E06,FY2024,other,USD/ZAR,outbound,5,1036292.2
E06,FY2024,trade,AED/ZAR,inbound,13,4757056.75
E06,FY2024,trade,AED/ZAR,outbound,23,9527927.96
E06,FY2024,trade,CNY/ZAR,inbound,11,6989737.5600000005
E06,FY2024,trade,CNY/ZAR,outbound,13,7815073.56
E06,FY2024,trade,EUR/ZAR,inbound,19,10775069.76
E06,FY2024,trade,EUR/ZAR,outbound,14,7689631.83
E06,FY2024,trade,GBP/ZAR,inbound,17,12371214.469999999
E06,FY2024,trade,GBP/ZAR,outbound,9,3620704.8499999996
E06,FY2024,trade,USD/ZAR,inbound,13,5873148.39
E06,FY2024,trade,USD/ZAR,outbound,18,8064440.17
E06,FY2025,intercompany,AED/ZAR,inbound,10,9583064.02
E06,FY2025,intercompany,AED/ZAR,outbound,17,8774617.79
E06,FY2025,intercompany,CNY/ZAR,inbound,17,11930335.57
E06,FY2025,intercompany,CNY/ZAR,outbound,21,11743482.17
E06,FY2025,intercompany,EUR/ZAR,inbound,20,7599899.75
E06,FY2025,intercompany,EUR/ZAR,outbound,13,8459093.5
E06,FY2025,intercompany,GBP/ZAR,inbound,13,5063286.4
E06,FY2025,intercompany,GBP/ZAR,outbound,20,9620144.2
E06,FY2025,intercompany,USD/ZAR,inbound,12,6069230.7
E06,FY2025,intercompany,USD/ZAR,outbound,21,13234601.24
E06,FY2025,other,AED/ZAR,inbound,5,3309839.74
E06,FY2025,other,AED/ZAR,outbound,5,2803630.1999999997
E06,FY2025,other,CNY/ZAR,inbound,6,1436564.3
E06,FY2025,other,CNY/ZAR,outbound,2,986511.26
E06,FY2025,other,EUR/ZAR,inbound,5,3016194.8
E06,FY2025,other,EUR/ZAR,outbound,5,4378939.38
E06,FY2025,other,GBP/ZAR,inbound,3,1604167.83
E06,FY2025,other,GBP/ZAR,outbound,2,1193597.81
E06,FY2025,other,USD/ZAR,inbound,3,314589.39
E06,FY2025,other,USD/ZAR,outbound,5,2097058.17
E06,FY2025,trade,AED/ZAR,inbound,12,11426386.2
E06,FY2025,trade,AED/ZAR,outbound,14,4579198.89
E06,FY2025,trade,CNY/ZAR,inbound,15,6253294.23
E06,FY2025,trade,CNY/ZAR,outbound,22,11819096.2
E06,FY2025,trade,EUR/ZAR,inbound,13,5291409.88
E06,FY2025,trade,EUR/ZAR,outbound,11,5211810.0600000005
E06,FY2025,trade,GBP/ZAR,inbound,10,3549654.67
E06,FY2025,trade,GBP/ZAR,outbound,21,8129090.88
E06,FY2025,trade,USD/ZAR,inbound,23,13669189.42
E06,FY2025,trade,USD/ZAR,outbound,17,9644751.41
E06,FY2026,intercompany,AED/ZAR,inbound,16,6337133.76
E06,FY2026,intercompany,AED/ZAR,outbound,18,7236819.890000001
E06,FY2026,intercompany,CNY/ZAR,inbound,14,9491425.92
E06,FY2026,intercompany,CNY/ZAR,outbound,14,3839385.67
E06,FY2026,intercompany,EUR/ZAR,inbound,13,19168354.17
E06,FY2026,intercompany,EUR/ZAR,outbound,19,10158107.11
E06,FY2026,intercompany,GBP/ZAR,inbound,19,7870162.850000001
E06,FY2026,intercompany,GBP/ZAR,outbound,13,7622629.38
E06,FY2026,intercompany,USD/ZAR,inbound,11,2418403.45
E06,FY2026,intercompany,USD/ZAR,outbound,28,18818823.87
E06,FY2026,other,AED/ZAR,inbound,1,137616.12
E06,FY2026,other,AED/ZAR,outbound,4,1013556.81
E06,FY2026,other,CNY/ZAR,inbound,8,6317046.17
E06,FY2026,other,CNY/ZAR,outbound,5,2106215.42
E06,FY2026,other,EUR/ZAR,inbound,5,3241644.79
E06,FY2026,other,EUR/ZAR,outbound,5,4071260.33
E06,FY2026,other,GBP/ZAR,inbound,3,1828815.7999999998
E06,FY2026,other,GBP/ZAR,outbound,3,674316.06
E06,FY2026,other,USD/ZAR,inbound,3,389878.18
E06,FY2026,other,USD/ZAR,outbound,5,1259309.3800000001
E06,FY2026,trade,AED/ZAR,inbound,17,6698582.14
E06,FY2026,trade,AED/ZAR,outbound,21,5697597.84
E06,FY2026,trade,CNY/ZAR,inbound,20,15628078.24
E06,FY2026,trade,CNY/ZAR,outbound,18,9065326.3
E06,FY2026,trade,EUR/ZAR,inbound,16,7106474.7
E06,FY2026,trade,EUR/ZAR,outbound,17,8039086.44
E06,FY2026,trade,GBP/ZAR,inbound,13,7877955.3
E06,FY2026,trade,GBP/ZAR,outbound,10,5281938.09
E06,FY2026,trade,USD/ZAR,inbound,22,9472893.96
E06,FY2026,trade,USD/ZAR,outbound,19,13642702.74
E07,FY2024,intercompany,AED/ZAR,inbound,57,15045704.04
E07,FY2024,intercompany,AED/ZAR,outbound,64,23066600.78
E07,FY2024,intercompany,CNY/ZAR,inbound,50,19970396.72
E07,FY2024,intercompany,CNY/ZAR,outbound,60,15286083.75
E07,FY2024,intercompany,EUR/ZAR,inbound,70,21728153.19
E07,FY2024,intercompany,EUR/ZAR,outbound,70,29934321.16
E07,FY2024,intercompany,GBP/ZAR,inbound,55,10330224.32
E07,FY2024,intercompany,GBP/ZAR,outbound,56,22634936.47
E07,FY2024,intercompany,USD/ZAR,inbound,59,16836136.53
E07,FY2024,intercompany,USD/ZAR,outbound,64,21275005.66
E07,FY2024,other,AED/ZAR,inbound,11,4277370.66
E07,FY2024,other,AED/ZAR,outbound,14,4262777.1
E07,FY2024,other,CNY/ZAR,inbound,16,7130343.43
E07,FY2024,other,CNY/ZAR,outbound,16,3502899.9
E07,FY2024,other,EUR/ZAR,inbound,9,2634135.18
E07,FY2024,other,EUR/ZAR,outbound,14,2006059.25
E07,FY2024,other,GBP/ZAR,inbound,13,6922550.87
E07,FY2024,other,GBP/ZAR,outbound,18,4280771.94
E07,FY2024,other,USD/ZAR,inbound,17,3890065.81
E07,FY2024,other,USD/ZAR,outbound,13,6613188.2
E07,FY2024,trade,AED/ZAR,inbound,62,18122524.76
E07,FY2024,trade,AED/ZAR,outbound,57,13591967.23
E07,FY2024,trade,CNY/ZAR,inbound,47,14516357.56
E07,FY2024,trade,CNY/ZAR,outbound,58,14683514.64
E07,FY2024,trade,EUR/ZAR,inbound,50,17163535.95
E07,FY2024,trade,EUR/ZAR,outbound,68,25852389.669999998
E07,FY2024,trade,GBP/ZAR,inbound,66,15843225.02
E07,FY2024,trade,GBP/ZAR,outbound,62,14086209.41
E07,FY2024,trade,USD/ZAR,inbound,63,19611369.63
E07,FY2024,trade,USD/ZAR,outbound,72,19042986.26
E07,FY2025,intercompany,AED/ZAR,inbound,93,27837104.8
E07,FY2025,intercompany,AED/ZAR,outbound,120,34968585.74
E07,FY2025,intercompany,CNY/ZAR,inbound,106,28617933.8
E07,FY2025,intercompany,CNY/ZAR,outbound,121,33723142.88
E07,FY2025,intercompany,EUR/ZAR,inbound,110,39035104.089999996
E07,FY2025,intercompany,EUR/ZAR,outbound,114,33350356.91
E07,FY2025,intercompany,GBP/ZAR,inbound,102,26802435.46
E07,FY2025,intercompany,GBP/ZAR,outbound,104,37148020.62
E07,FY2025,intercompany,USD/ZAR,inbound,116,36147574.769999996
E07,FY2025,intercompany,USD/ZAR,outbound,116,32202057.77
E07,FY2025,other,AED/ZAR,inbound,23,14149270.24
E07,FY2025,other,AED/ZAR,outbound,32,9124058.48
E07,FY2025,other,CNY/ZAR,inbound,31,15130291.61
E07,FY2025,other,CNY/ZAR,outbound,23,8449739.780000001
E07,FY2025,other,EUR/ZAR,inbound,24,8301850.27
E07,FY2025,other,EUR/ZAR,outbound,31,15130793.18
E07,FY2025,other,GBP/ZAR,inbound,26,11361637.58
E07,FY2025,other,GBP/ZAR,outbound,25,8463435.59
E07,FY2025,other,USD/ZAR,inbound,17,6740725.32
E07,FY2025,other,USD/ZAR,outbound,23,6748503.17
E07,FY2025,trade,AED/ZAR,inbound,120,49027816.56
E07,FY2025,trade,AED/ZAR,outbound,115,43937645.35
E07,FY2025,trade,CNY/ZAR,inbound,111,33935378.44
E07,FY2025,trade,CNY/ZAR,outbound,105,36840701.56
E07,FY2025,trade,EUR/ZAR,inbound,124,47851448.03
E07,FY2025,trade,EUR/ZAR,outbound,114,41219010.23
E07,FY2025,trade,GBP/ZAR,inbound,93,35810743.38
E07,FY2025,trade,GBP/ZAR,outbound,112,37058019.72
E07,FY2025,trade,USD/ZAR,inbound,100,32911079.42
E07,FY2025,trade,USD/ZAR,outbound,98,36974150.53
E07,FY2026,intercompany,AED/ZAR,inbound,136,42743643.85
E07,FY2026,intercompany,AED/ZAR,outbound,170,66638612.28
E07,FY2026,intercompany,CNY/ZAR,inbound,126,38709284.75
E07,FY2026,intercompany,CNY/ZAR,outbound,157,60544497.43
E07,FY2026,intercompany,EUR/ZAR,inbound,162,47189099.88
E07,FY2026,intercompany,EUR/ZAR,outbound,171,56397709.98
E07,FY2026,intercompany,GBP/ZAR,inbound,124,38435902.69
E07,FY2026,intercompany,GBP/ZAR,outbound,141,52390394.07
E07,FY2026,intercompany,USD/ZAR,inbound,129,37812492.01
E07,FY2026,intercompany,USD/ZAR,outbound,153,50684099.87
E07,FY2026,other,AED/ZAR,inbound,22,5333557.01
E07,FY2026,other,AED/ZAR,outbound,33,11114668.95
E07,FY2026,other,CNY/ZAR,inbound,30,10900203.32
E07,FY2026,other,CNY/ZAR,outbound,26,12197564.76
E07,FY2026,other,EUR/ZAR,inbound,25,7133643.34
E07,FY2026,other,EUR/ZAR,outbound,36,12083968.47
E07,FY2026,other,GBP/ZAR,inbound,42,21626866.53
E07,FY2026,other,GBP/ZAR,outbound,37,19015984.17
E07,FY2026,other,USD/ZAR,inbound,26,8059046.34
E07,FY2026,other,USD/ZAR,outbound,26,9727988.67
E07,FY2026,trade,AED/ZAR,inbound,140,57399608.58
E07,FY2026,trade,AED/ZAR,outbound,140,48765010.43
E07,FY2026,trade,CNY/ZAR,inbound,132,38947188.42
E07,FY2026,trade,CNY/ZAR,outbound,161,60198661.54
E07,FY2026,trade,EUR/ZAR,inbound,139,46536988.39
E07,FY2026,trade,EUR/ZAR,outbound,151,50722291.03
E07,FY2026,trade,GBP/ZAR,inbound,141,48456583.72
E07,FY2026,trade,GBP/ZAR,outbound,146,61481074.05
E07,FY2026,trade,USD/ZAR,inbound,155,50242111.99
E07,FY2026,trade,USD/ZAR,outbound,157,65328029.69
E08,FY2024,intercompany,AED/ZAR,inbound,260,122412675.98
E08,FY2024,intercompany,AED/ZAR,outbound,269,148494128.54
E08,FY2024,intercompany,CNY/ZAR,inbound,228,103208810.57
E08,FY2024,intercompany,CNY/ZAR,outbound,243,124649692.49
E08,FY2024,intercompany,EUR/ZAR,inbound,238,118479041.99
E08,FY2024,intercompany,EUR/ZAR,outbound,279,143129917.19
E08,FY2024,intercompany,GBP/ZAR,inbound,289,125740474.55
E08,FY2024,intercompany,GBP/ZAR,outbound,280,132817177.6
E08,FY2024,intercompany,USD/ZAR,inbound,225,130647217.13
E08,FY2024,intercompany,USD/ZAR,outbound,250,134171386.57
E08,FY2024,other,AED/ZAR,inbound,72,25513731.2
E08,FY2024,other,AED/ZAR,outbound,52,26859770.96
E08,FY2024,other,CNY/ZAR,inbound,51,18828518.18
E08,FY2024,other,CNY/ZAR,outbound,54,45034110.08
E08,FY2024,other,EUR/ZAR,inbound,59,26496355.16
E08,FY2024,other,EUR/ZAR,outbound,66,25994077.02
E08,FY2024,other,GBP/ZAR,inbound,40,15887673.22
E08,FY2024,other,GBP/ZAR,outbound,68,37794324.65
E08,FY2024,other,USD/ZAR,inbound,50,21184387.74
E08,FY2024,other,USD/ZAR,outbound,54,18898125.73
E08,FY2024,trade,AED/ZAR,inbound,227,120290695.83
E08,FY2024,trade,AED/ZAR,outbound,231,144998614.23
E08,FY2024,trade,CNY/ZAR,inbound,263,142558774.54
E08,FY2024,trade,CNY/ZAR,outbound,250,124954475.62
E08,FY2024,trade,EUR/ZAR,inbound,236,137063610.87
E08,FY2024,trade,EUR/ZAR,outbound,274,145397576.12
E08,FY2024,trade,GBP/ZAR,inbound,219,107589205.89
E08,FY2024,trade,GBP/ZAR,outbound,265,133434074.89
E08,FY2024,trade,USD/ZAR,inbound,254,121641408.08
E08,FY2024,trade,USD/ZAR,outbound,256,127387021.91
E08,FY2025,intercompany,AED/ZAR,inbound,225,117239013.11
E08,FY2025,intercompany,AED/ZAR,outbound,245,134870595.18
E08,FY2025,intercompany,CNY/ZAR,inbound,249,129828786.4
E08,FY2025,intercompany,CNY/ZAR,outbound,259,141862358.33
E08,FY2025,intercompany,EUR/ZAR,inbound,235,146349158.5
E08,FY2025,intercompany,EUR/ZAR,outbound,266,116329075.42
E08,FY2025,intercompany,GBP/ZAR,inbound,235,124368705.79
E08,FY2025,intercompany,GBP/ZAR,outbound,252,128910935.55
E08,FY2025,intercompany,USD/ZAR,inbound,251,129931166.27
E08,FY2025,intercompany,USD/ZAR,outbound,267,129356272.77
E08,FY2025,other,AED/ZAR,inbound,34,14917630.379999999
E08,FY2025,other,AED/ZAR,outbound,61,30031271.52
E08,FY2025,other,CNY/ZAR,inbound,42,21867123.81
E08,FY2025,other,CNY/ZAR,outbound,68,26414726.64
E08,FY2025,other,EUR/ZAR,inbound,44,16301745.36
E08,FY2025,other,EUR/ZAR,outbound,50,16826225.17
E08,FY2025,other,GBP/ZAR,inbound,52,22599008.830000002
E08,FY2025,other,GBP/ZAR,outbound,61,27192671.31
E08,FY2025,other,USD/ZAR,inbound,43,25508696.67
E08,FY2025,other,USD/ZAR,outbound,39,13718556.36
E08,FY2025,trade,AED/ZAR,inbound,256,138045301.16
E08,FY2025,trade,AED/ZAR,outbound,266,160540160.04
E08,FY2025,trade,CNY/ZAR,inbound,226,103043177.36
E08,FY2025,trade,CNY/ZAR,outbound,271,135458765.3
E08,FY2025,trade,EUR/ZAR,inbound,237,149399484.82999998
E08,FY2025,trade,EUR/ZAR,outbound,250,112519063.4
E08,FY2025,trade,GBP/ZAR,inbound,240,121255954.11
E08,FY2025,trade,GBP/ZAR,outbound,261,133910294.33
E08,FY2025,trade,USD/ZAR,inbound,226,125650745.99
E08,FY2025,trade,USD/ZAR,outbound,255,130995017.35
E08,FY2026,intercompany,AED/ZAR,inbound,213,110741635.96
E08,FY2026,intercompany,AED/ZAR,outbound,253,157359275.9
E08,FY2026,intercompany,CNY/ZAR,inbound,212,101087758.03
E08,FY2026,intercompany,CNY/ZAR,outbound,221,104160516.74
E08,FY2026,intercompany,EUR/ZAR,inbound,212,98089003.13
E08,FY2026,intercompany,EUR/ZAR,outbound,202,102319923.89
E08,FY2026,intercompany,GBP/ZAR,inbound,218,119903640.41
E08,FY2026,intercompany,GBP/ZAR,outbound,262,138365462.83
E08,FY2026,intercompany,USD/ZAR,inbound,217,118856361.27
E08,FY2026,intercompany,USD/ZAR,outbound,236,121193967.53
E08,FY2026,other,AED/ZAR,inbound,50,19243051.919999998
E08,FY2026,other,AED/ZAR,outbound,54,23464019.83
E08,FY2026,other,CNY/ZAR,inbound,36,23729304.78
E08,FY2026,other,CNY/ZAR,outbound,66,32930757.88
E08,FY2026,other,EUR/ZAR,inbound,45,26709618.29
E08,FY2026,other,EUR/ZAR,outbound,42,27142578.59
E08,FY2026,other,GBP/ZAR,inbound,45,35843037.67
E08,FY2026,other,GBP/ZAR,outbound,50,18747511.32
E08,FY2026,other,USD/ZAR,inbound,40,23165311.24
E08,FY2026,other,USD/ZAR,outbound,48,40582304.65
E08,FY2026,trade,AED/ZAR,inbound,216,132942383.35
E08,FY2026,trade,AED/ZAR,outbound,257,109446949.78
E08,FY2026,trade,CNY/ZAR,inbound,206,109395354.86
E08,FY2026,trade,CNY/ZAR,outbound,222,115530847.48
E08,FY2026,trade,EUR/ZAR,inbound,203,130738838.75
E08,FY2026,trade,EUR/ZAR,outbound,230,141754867.88
E08,FY2026,trade,GBP/ZAR,inbound,219,104115997.44
E08,FY2026,trade,GBP/ZAR,outbound,220,121094333.57000001
E08,FY2026,trade,USD/ZAR,inbound,193,111368301.49
E08,FY2026,trade,USD/ZAR,outbound,252,144867347.43
E09,FY2024,intercompany,AED/ZAR,inbound,215,122461723.03
E09,FY2024,intercompany,AED/ZAR,outbound,242,153917249.72
E09,FY2024,intercompany,CNY/ZAR,inbound,212,122472536.79
E09,FY2024,intercompany,CNY/ZAR,outbound,218,144538873.63
E09,FY2024,intercompany,EUR/ZAR,inbound,219,142931453.67
E09,FY2024,intercompany,EUR/ZAR,outbound,237,172055543.13
E09,FY2024,intercompany,GBP/ZAR,inbound,219,151740358.12
E09,FY2024,intercompany,GBP/ZAR,outbound,240,147966378.2
E09,FY2024,intercompany,USD/ZAR,inbound,231,159595509.75
E09,FY2024,intercompany,USD/ZAR,outbound,228,155941352.77
E09,FY2024,other,AED/ZAR,inbound,45,43972624.02
E09,FY2024,other,AED/ZAR,outbound,57,34349220.53
E09,FY2024,other,CNY/ZAR,inbound,58,35941118.480000004
E09,FY2024,other,CNY/ZAR,outbound,51,29175787.419999998
E09,FY2024,other,EUR/ZAR,inbound,46,24218524.6
E09,FY2024,other,EUR/ZAR,outbound,51,25933419.69
E09,FY2024,other,GBP/ZAR,inbound,57,45984552.32
E09,FY2024,other,GBP/ZAR,outbound,45,22944028.43
E09,FY2024,other,USD/ZAR,inbound,39,29532551.09
E09,FY2024,other,USD/ZAR,outbound,56,33738183.01
E09,FY2024,trade,AED/ZAR,inbound,205,122622874.21000001
E09,FY2024,trade,AED/ZAR,outbound,236,149195941.12
E09,FY2024,trade,CNY/ZAR,inbound,249,167080815.14000002
E09,FY2024,trade,CNY/ZAR,outbound,249,137005013.93
E09,FY2024,trade,EUR/ZAR,inbound,239,160173230.74
E09,FY2024,trade,EUR/ZAR,outbound,218,146180375.65
E09,FY2024,trade,GBP/ZAR,inbound,232,162714833.64
E09,FY2024,trade,GBP/ZAR,outbound,238,143625186.99
E09,FY2024,trade,USD/ZAR,inbound,223,132648889.89
E09,FY2024,trade,USD/ZAR,outbound,259,185342161.35
E09,FY2025,intercompany,AED/ZAR,inbound,232,133016672.95
E09,FY2025,intercompany,AED/ZAR,outbound,258,158703377.14000002
E09,FY2025,intercompany,CNY/ZAR,inbound,259,164205299.99
E09,FY2025,intercompany,CNY/ZAR,outbound,264,139258234.73
E09,FY2025,intercompany,EUR/ZAR,inbound,240,204740799.42
E09,FY2025,intercompany,EUR/ZAR,outbound,251,151788065.88
E09,FY2025,intercompany,GBP/ZAR,inbound,226,154960013.04
E09,FY2025,intercompany,GBP/ZAR,outbound,267,171891213.7
E09,FY2025,intercompany,USD/ZAR,inbound,227,184582706.45
E09,FY2025,intercompany,USD/ZAR,outbound,262,195293008.15
E09,FY2025,other,AED/ZAR,inbound,54,41440979.75
E09,FY2025,other,AED/ZAR,outbound,52,26550320.4
E09,FY2025,other,CNY/ZAR,inbound,38,18963076.810000002
E09,FY2025,other,CNY/ZAR,outbound,52,32155826.94
E09,FY2025,other,EUR/ZAR,inbound,44,19285819.11
E09,FY2025,other,EUR/ZAR,outbound,56,27401552.25
E09,FY2025,other,GBP/ZAR,inbound,54,50784749.95
E09,FY2025,other,GBP/ZAR,outbound,57,29816613.7
E09,FY2025,other,USD/ZAR,inbound,70,36948557.14
E09,FY2025,other,USD/ZAR,outbound,44,24445887.3
E09,FY2025,trade,AED/ZAR,inbound,259,159659831.41
E09,FY2025,trade,AED/ZAR,outbound,247,157088229.83
E09,FY2025,trade,CNY/ZAR,inbound,223,134168512.64
E09,FY2025,trade,CNY/ZAR,outbound,256,162645971.93
E09,FY2025,trade,EUR/ZAR,inbound,250,152345157.06
E09,FY2025,trade,EUR/ZAR,outbound,263,143208423.83
E09,FY2025,trade,GBP/ZAR,inbound,260,157964911.26
E09,FY2025,trade,GBP/ZAR,outbound,234,150371499.25
E09,FY2025,trade,USD/ZAR,inbound,234,125972955.58
E09,FY2025,trade,USD/ZAR,outbound,278,148219574.71
E09,FY2026,intercompany,AED/ZAR,inbound,222,123937688.25
E09,FY2026,intercompany,AED/ZAR,outbound,238,161200697.4
E09,FY2026,intercompany,CNY/ZAR,inbound,217,141944239.18
E09,FY2026,intercompany,CNY/ZAR,outbound,233,156054386.0
E09,FY2026,intercompany,EUR/ZAR,inbound,226,124873513.75
E09,FY2026,intercompany,EUR/ZAR,outbound,262,173188648.56
E09,FY2026,intercompany,GBP/ZAR,inbound,222,125316094.56
E09,FY2026,intercompany,GBP/ZAR,outbound,241,177083755.91
E09,FY2026,intercompany,USD/ZAR,inbound,227,183662870.99
E09,FY2026,intercompany,USD/ZAR,outbound,236,172599607.04
E09,FY2026,other,AED/ZAR,inbound,40,24802018.25
E09,FY2026,other,AED/ZAR,outbound,42,16322241.86
E09,FY2026,other,CNY/ZAR,inbound,52,42893951.61
E09,FY2026,other,CNY/ZAR,outbound,61,44990215.06
E09,FY2026,other,EUR/ZAR,inbound,42,24341311.06
E09,FY2026,other,EUR/ZAR,outbound,38,30633134.63
E09,FY2026,other,GBP/ZAR,inbound,53,30932975.41
E09,FY2026,other,GBP/ZAR,outbound,57,26469454.34
E09,FY2026,other,USD/ZAR,inbound,43,25944950.689999998
E09,FY2026,other,USD/ZAR,outbound,55,40878451.910000004
E09,FY2026,trade,AED/ZAR,inbound,211,160591884.2
E09,FY2026,trade,AED/ZAR,outbound,225,153888519.93
E09,FY2026,trade,CNY/ZAR,inbound,216,133320113.61
E09,FY2026,trade,CNY/ZAR,outbound,263,167016663.38
E09,FY2026,trade,EUR/ZAR,inbound,242,149352229.58
E09,FY2026,trade,EUR/ZAR,outbound,251,148717420.32
E09,FY2026,trade,GBP/ZAR,inbound,223,131009039.48
E09,FY2026,trade,GBP/ZAR,outbound,270,178209453.1
E09,FY2026,trade,USD/ZAR,inbound,235,142877740.15
E09,FY2026,trade,USD/ZAR,outbound,238,143164540.58
E10,FY2024,intercompany,AED/ZAR,inbound,277,161184571.32
E10,FY2024,intercompany,AED/ZAR,outbound,308,181353923.94
E10,FY2024,intercompany,CNY/ZAR,inbound,258,194972505.01
E10,FY2024,intercompany,CNY/ZAR,outbound,291,178587559.42
E10,FY2024,intercompany,EUR/ZAR,inbound,266,172134073.75
E10,FY2024,intercompany,EUR/ZAR,outbound,272,161798955.11
E10,FY2024,intercompany,GBP/ZAR,inbound,281,164862415.59
E10,FY2024,intercompany,GBP/ZAR,outbound,310,178290450.5
E10,FY2024,intercompany,USD/ZAR,inbound,283,173702877.3
E10,FY2024,intercompany,USD/ZAR,outbound,307,163600336.09
E10,FY2024,other,AED/ZAR,inbound,65,30374418.52
E10,FY2024,other,AED/ZAR,outbound,54,36071274.3
E10,FY2024,other,CNY/ZAR,inbound,61,27327199.91
E10,FY2024,other,CNY/ZAR,outbound,66,40463081.96
E10,FY2024,other,EUR/ZAR,inbound,57,30663092.16
E10,FY2024,other,EUR/ZAR,outbound,63,32597858.3
E10,FY2024,other,GBP/ZAR,inbound,64,47253315.21
E10,FY2024,other,GBP/ZAR,outbound,56,27082963.52
E10,FY2024,other,USD/ZAR,inbound,61,47478215.9
E10,FY2024,other,USD/ZAR,outbound,66,33441784.11
E10,FY2024,trade,AED/ZAR,inbound,290,181153938.60999998
E10,FY2024,trade,AED/ZAR,outbound,282,204885192.2
E10,FY2024,trade,CNY/ZAR,inbound,302,214097020.54
E10,FY2024,trade,CNY/ZAR,outbound,294,186331649.59
E10,FY2024,trade,EUR/ZAR,inbound,279,217063629.57
E10,FY2024,trade,EUR/ZAR,outbound,274,168657890.25
E10,FY2024,trade,GBP/ZAR,inbound,277,162333271.81
E10,FY2024,trade,GBP/ZAR,outbound,289,182199343.38
E10,FY2024,trade,USD/ZAR,inbound,240,141603748.88
E10,FY2024,trade,USD/ZAR,outbound,308,223159316.28
E10,FY2025,intercompany,AED/ZAR,inbound,353,243558491.78
E10,FY2025,intercompany,AED/ZAR,outbound,401,199763937.66
E10,FY2025,intercompany,CNY/ZAR,inbound,379,249322466.27
E10,FY2025,intercompany,CNY/ZAR,outbound,349,214473369.81
E10,FY2025,intercompany,EUR/ZAR,inbound,356,257899184.54
E10,FY2025,intercompany,EUR/ZAR,outbound,435,267260050.59
E10,FY2025,intercompany,GBP/ZAR,inbound,364,241508491.51
E10,FY2025,intercompany,GBP/ZAR,outbound,405,266937487.07
E10,FY2025,intercompany,USD/ZAR,inbound,364,192162185.09
E10,FY2025,intercompany,USD/ZAR,outbound,399,254705351.91
E10,FY2025,other,AED/ZAR,inbound,83,36590011.97
E10,FY2025,other,AED/ZAR,outbound,78,34338896.91
E10,FY2025,other,CNY/ZAR,inbound,87,56155920.26
E10,FY2025,other,CNY/ZAR,outbound,91,58924995.3
E10,FY2025,other,EUR/ZAR,inbound,81,44257467.9
E10,FY2025,other,EUR/ZAR,outbound,78,45301106.04
E10,FY2025,other,GBP/ZAR,inbound,71,29772642.02
E10,FY2025,other,GBP/ZAR,outbound,86,65628179.21
E10,FY2025,other,USD/ZAR,inbound,84,40168730.05
E10,FY2025,other,USD/ZAR,outbound,101,67237357.93
E10,FY2025,trade,AED/ZAR,inbound,355,195054126.66
E10,FY2025,trade,AED/ZAR,outbound,393,216360658.09
E10,FY2025,trade,CNY/ZAR,inbound,370,249825135.89
E10,FY2025,trade,CNY/ZAR,outbound,404,238992953.07
E10,FY2025,trade,EUR/ZAR,inbound,354,204112981.73
E10,FY2025,trade,EUR/ZAR,outbound,355,262829834.72
E10,FY2025,trade,GBP/ZAR,inbound,373,249358872.16
E10,FY2025,trade,GBP/ZAR,outbound,368,243232875.86
E10,FY2025,trade,USD/ZAR,inbound,345,211489637.86
E10,FY2025,trade,USD/ZAR,outbound,365,244083917.27
E10,FY2026,intercompany,AED/ZAR,inbound,402,260698655.41
E10,FY2026,intercompany,AED/ZAR,outbound,461,308104859.37
E10,FY2026,intercompany,CNY/ZAR,inbound,446,269028183.24
E10,FY2026,intercompany,CNY/ZAR,outbound,479,330908492.04
E10,FY2026,intercompany,EUR/ZAR,inbound,452,279718756.04
E10,FY2026,intercompany,EUR/ZAR,outbound,450,249221562.95
E10,FY2026,intercompany,GBP/ZAR,inbound,410,265928984.55
E10,FY2026,intercompany,GBP/ZAR,outbound,450,320269589.72
E10,FY2026,intercompany,USD/ZAR,inbound,448,267658113.4
E10,FY2026,intercompany,USD/ZAR,outbound,433,296010806.51
E10,FY2026,other,AED/ZAR,inbound,85,58340266.13
E10,FY2026,other,AED/ZAR,outbound,100,61065329.18
E10,FY2026,other,CNY/ZAR,inbound,91,65386937.370000005
E10,FY2026,other,CNY/ZAR,outbound,88,60860307.79
E10,FY2026,other,EUR/ZAR,inbound,91,38453653.53
E10,FY2026,other,EUR/ZAR,outbound,107,60060101.68
E10,FY2026,other,GBP/ZAR,inbound,86,46176735.41
E10,FY2026,other,GBP/ZAR,outbound,108,65690500.39
E10,FY2026,other,USD/ZAR,inbound,100,74485443.85
E10,FY2026,other,USD/ZAR,outbound,101,63463748.66
E10,FY2026,trade,AED/ZAR,inbound,416,258994790.31
E10,FY2026,trade,AED/ZAR,outbound,450,298597134.4
E10,FY2026,trade,CNY/ZAR,inbound,435,260111228.94
E10,FY2026,trade,CNY/ZAR,outbound,476,292154367.29
E10,FY2026,trade,EUR/ZAR,inbound,439,289631167.4
E10,FY2026,trade,EUR/ZAR,outbound,438,252087230.38
E10,FY2026,trade,GBP/ZAR,inbound,454,286699574.29
E10,FY2026,trade,GBP/ZAR,outbound,433,249582032.52
E10,FY2026,trade,USD/ZAR,inbound,416,240578117.22
E10,FY2026,trade,USD/ZAR,outbound,467,295634484.3
E11,FY2024,intercompany,AED/ZAR,inbound,633,334758782.58
E11,FY2024,intercompany,AED/ZAR,outbound,641,313897509.23
E11,FY2024,intercompany,CNY/ZAR,inbound,575,249008759.10999998
E11,FY2024,intercompany,CNY/ZAR,outbound,672,288308606.81
E11,FY2024,intercompany,EUR/ZAR,inbound,605,293500086.26
E11,FY2024,intercompany,EUR/ZAR,outbound,649,302896462.57
E11,FY2024,intercompany,GBP/ZAR,inbound,601,269586961.58
E11,FY2024,intercompany,GBP/ZAR,outbound,652,292616737.76
E11,FY2024,intercompany,USD/ZAR,inbound,623,263875099.09
E11,FY2024,intercompany,USD/ZAR,outbound,641,302170592.94
E11,FY2024,other,AED/ZAR,inbound,117,54513447.269999996
E11,FY2024,other,AED/ZAR,outbound,151,74181432.34
E11,FY2024,other,CNY/ZAR,inbound,138,62407161.91
E11,FY2024,other,CNY/ZAR,outbound,131,52880470.49
E11,FY2024,other,EUR/ZAR,inbound,147,67027398.410000004
E11,FY2024,other,EUR/ZAR,outbound,149,80593547.62
E11,FY2024,other,GBP/ZAR,inbound,146,60550020.61
E11,FY2024,other,GBP/ZAR,outbound,147,60314151.7
E11,FY2024,other,USD/ZAR,inbound,137,54211915.7
E11,FY2024,other,USD/ZAR,outbound,139,59727085.71
E11,FY2024,trade,AED/ZAR,inbound,560,252871443.9
E11,FY2024,trade,AED/ZAR,outbound,651,296192634.55
E11,FY2024,trade,CNY/ZAR,inbound,596,265915092.2
E11,FY2024,trade,CNY/ZAR,outbound,629,315192152.97
E11,FY2024,trade,EUR/ZAR,inbound,623,270235416.71
E11,FY2024,trade,EUR/ZAR,outbound,645,281477835.77
E11,FY2024,trade,GBP/ZAR,inbound,647,310027877.82
E11,FY2024,trade,GBP/ZAR,outbound,689,285812189.89
E11,FY2024,trade,USD/ZAR,inbound,611,261836490.73
E11,FY2024,trade,USD/ZAR,outbound,630,290844509.92
E11,FY2025,intercompany,AED/ZAR,inbound,644,294699892.71
E11,FY2025,intercompany,AED/ZAR,outbound,707,355412246.52
E11,FY2025,intercompany,CNY/ZAR,inbound,637,305080969.87
E11,FY2025,intercompany,CNY/ZAR,outbound,694,295026489.02
E11,FY2025,intercompany,EUR/ZAR,inbound,611,322847296.44
E11,FY2025,intercompany,EUR/ZAR,outbound,685,329135909.16
E11,FY2025,intercompany,GBP/ZAR,inbound,622,319082038.36
E11,FY2025,intercompany,GBP/ZAR,outbound,692,293284898.94
E11,FY2025,intercompany,USD/ZAR,inbound,611,302122790.88
E11,FY2025,intercompany,USD/ZAR,outbound,690,355682216.92
E11,FY2025,other,AED/ZAR,inbound,139,73351385.66
E11,FY2025,other,AED/ZAR,outbound,137,61411419.03
E11,FY2025,other,CNY/ZAR,inbound,155,58728760.34
E11,FY2025,other,CNY/ZAR,outbound,158,83491548.07
E11,FY2025,other,EUR/ZAR,inbound,135,64775030.24
E11,FY2025,other,EUR/ZAR,outbound,149,85242536.21
E11,FY2025,other,GBP/ZAR,inbound,146,72854232.46
E11,FY2025,other,GBP/ZAR,outbound,140,67555506.87
E11,FY2025,other,USD/ZAR,inbound,144,73633909.67
E11,FY2025,other,USD/ZAR,outbound,155,70627184.54
E11,FY2025,trade,AED/ZAR,inbound,635,274907277.05
E11,FY2025,trade,AED/ZAR,outbound,672,305747783.21
E11,FY2025,trade,CNY/ZAR,inbound,610,282996296.13
E11,FY2025,trade,CNY/ZAR,outbound,702,306620492.81
E11,FY2025,trade,EUR/ZAR,inbound,634,301613737.94
E11,FY2025,trade,EUR/ZAR,outbound,720,346147076.04
E11,FY2025,trade,GBP/ZAR,inbound,647,306559146.33
E11,FY2025,trade,GBP/ZAR,outbound,695,319679695.82
E11,FY2025,trade,USD/ZAR,inbound,607,303090535.51
E11,FY2025,trade,USD/ZAR,outbound,728,339510766.93
E11,FY2026,intercompany,AED/ZAR,inbound,620,332908824.59
E11,FY2026,intercompany,AED/ZAR,outbound,663,279493780.85
E11,FY2026,intercompany,CNY/ZAR,inbound,621,296011164.85
E11,FY2026,intercompany,CNY/ZAR,outbound,694,359708932.35
E11,FY2026,intercompany,EUR/ZAR,inbound,599,255460048.28
E11,FY2026,intercompany,EUR/ZAR,outbound,661,285034644.15
E11,FY2026,intercompany,GBP/ZAR,inbound,624,290154612.92
E11,FY2026,intercompany,GBP/ZAR,outbound,686,303331657.76
E11,FY2026,intercompany,USD/ZAR,inbound,605,270914665.11
E11,FY2026,intercompany,USD/ZAR,outbound,663,319611431.51
E11,FY2026,other,AED/ZAR,inbound,97,41913225.92
E11,FY2026,other,AED/ZAR,outbound,145,61762173.88
E11,FY2026,other,CNY/ZAR,inbound,130,56140097.14
E11,FY2026,other,CNY/ZAR,outbound,148,73450531.03
E11,FY2026,other,EUR/ZAR,inbound,124,67708968.59
E11,FY2026,other,EUR/ZAR,outbound,150,88410084.18
E11,FY2026,other,GBP/ZAR,inbound,144,69736158.52
E11,FY2026,other,GBP/ZAR,outbound,151,55288457.12
E11,FY2026,other,USD/ZAR,inbound,141,51914420.08
E11,FY2026,other,USD/ZAR,outbound,125,69090179.16
E11,FY2026,trade,AED/ZAR,inbound,586,284505320.23
E11,FY2026,trade,AED/ZAR,outbound,670,308769369.26
E11,FY2026,trade,CNY/ZAR,inbound,579,306486597.53
E11,FY2026,trade,CNY/ZAR,outbound,720,371603136.51
E11,FY2026,trade,EUR/ZAR,inbound,617,264699283.74
E11,FY2026,trade,EUR/ZAR,outbound,676,319134239.71
E11,FY2026,trade,GBP/ZAR,inbound,588,262733514.09
E11,FY2026,trade,GBP/ZAR,outbound,649,282733679.84
E11,FY2026,trade,USD/ZAR,inbound,631,270502361.25
E11,FY2026,trade,USD/ZAR,outbound,695,356308579.77
E12,FY2024,intercompany,AED/ZAR,inbound,93,25580836.75
E12,FY2024,intercompany,AED/ZAR,outbound,128,41428314.1
E12,FY2024,intercompany,CNY/ZAR,inbound,112,54378330.83
E12,FY2024,intercompany,CNY/ZAR,outbound,113,59560566.35
E12,FY2024,intercompany,EUR/ZAR,inbound,106,47249060.2
E12,FY2024,intercompany,EUR/ZAR,outbound,125,49452598.230000004
E12,FY2024,intercompany,GBP/ZAR,inbound,123,43653124.1
E12,FY2024,intercompany,GBP/ZAR,outbound,122,36343290.78
E12,FY2024,intercompany,USD/ZAR,inbound,124,44665698.28
E12,FY2024,intercompany,USD/ZAR,outbound,127,50072643.11
E12,FY2024,other,AED/ZAR,inbound,24,8931795.63
E12,FY2024,other,AED/ZAR,outbound,31,10612494.68
E12,FY2024,other,CNY/ZAR,inbound,25,11779894.42
E12,FY2024,other,CNY/ZAR,outbound,23,8368595.62
E12,FY2024,other,EUR/ZAR,inbound,22,7884434.43
E12,FY2024,other,EUR/ZAR,outbound,26,10868561.74
E12,FY2024,other,GBP/ZAR,inbound,25,7309156.109999999
E12,FY2024,other,GBP/ZAR,outbound,25,6049290.87
E12,FY2024,other,USD/ZAR,inbound,26,16530387.03
E12,FY2024,other,USD/ZAR,outbound,25,7448265.59
E12,FY2024,trade,AED/ZAR,inbound,105,56653602.61
E12,FY2024,trade,AED/ZAR,outbound,125,44454471.01
E12,FY2024,trade,CNY/ZAR,inbound,92,39793619.03
E12,FY2024,trade,CNY/ZAR,outbound,125,47880361.08
E12,FY2024,trade,EUR/ZAR,inbound,123,41239835.75
E12,FY2024,trade,EUR/ZAR,outbound,114,46480737.83
E12,FY2024,trade,GBP/ZAR,inbound,132,55265456.07
E12,FY2024,trade,GBP/ZAR,outbound,125,43622493.55
E12,FY2024,trade,USD/ZAR,inbound,112,45867752.26
E12,FY2024,trade,USD/ZAR,outbound,136,43732994.7
E12,FY2025,intercompany,AED/ZAR,inbound,87,36977654.46
E12,FY2025,intercompany,AED/ZAR,outbound,101,31090176.09
E12,FY2025,intercompany,CNY/ZAR,inbound,111,50448372.28
E12,FY2025,intercompany,CNY/ZAR,outbound,112,45459422.589999996
E12,FY2025,intercompany,EUR/ZAR,inbound,119,54584615.39
E12,FY2025,intercompany,EUR/ZAR,outbound,125,45633646.31
E12,FY2025,intercompany,GBP/ZAR,inbound,123,59962861.24
E12,FY2025,intercompany,GBP/ZAR,outbound,114,50329470.45
E12,FY2025,intercompany,USD/ZAR,inbound,110,29840544.13
E12,FY2025,intercompany,USD/ZAR,outbound,106,35797932.199999996
E12,FY2025,other,AED/ZAR,inbound,24,5382233.98
E12,FY2025,other,AED/ZAR,outbound,29,10987799.87
E12,FY2025,other,CNY/ZAR,inbound,16,6710757.02
E12,FY2025,other,CNY/ZAR,outbound,27,17178361.03
E12,FY2025,other,EUR/ZAR,inbound,30,6590580.79
E12,FY2025,other,EUR/ZAR,outbound,27,7400317.24
E12,FY2025,other,GBP/ZAR,inbound,29,8580940.15
E12,FY2025,other,GBP/ZAR,outbound,26,8437181.66
E12,FY2025,other,USD/ZAR,inbound,25,16495083.4
E12,FY2025,other,USD/ZAR,outbound,25,8263299.89
E12,FY2025,trade,AED/ZAR,inbound,118,45349946.87
E12,FY2025,trade,AED/ZAR,outbound,139,47685111.29
E12,FY2025,trade,CNY/ZAR,inbound,126,54763151.54
E12,FY2025,trade,CNY/ZAR,outbound,133,49292606.45
E12,FY2025,trade,EUR/ZAR,inbound,116,36813744.0
E12,FY2025,trade,EUR/ZAR,outbound,118,46967016.95
E12,FY2025,trade,GBP/ZAR,inbound,109,43935796.26
E12,FY2025,trade,GBP/ZAR,outbound,123,47073602.769999996
E12,FY2025,trade,USD/ZAR,inbound,108,38396138.88
E12,FY2025,trade,USD/ZAR,outbound,149,66455509.05
E12,FY2026,intercompany,AED/ZAR,inbound,132,50079468.09
E12,FY2026,intercompany,AED/ZAR,outbound,118,63611248.36
E12,FY2026,intercompany,CNY/ZAR,inbound,131,48009075.78
E12,FY2026,intercompany,CNY/ZAR,outbound,120,43596030.21
E12,FY2026,intercompany,EUR/ZAR,inbound,116,43899221.92
E12,FY2026,intercompany,EUR/ZAR,outbound,126,40028629.2
E12,FY2026,intercompany,GBP/ZAR,inbound,110,42707611.36
E12,FY2026,intercompany,GBP/ZAR,outbound,120,43204960.2
E12,FY2026,intercompany,USD/ZAR,inbound,104,31969047.36
E12,FY2026,intercompany,USD/ZAR,outbound,129,58711184.01
E12,FY2026,other,AED/ZAR,inbound,26,11045619.83
E12,FY2026,other,AED/ZAR,outbound,28,11595418.52
E12,FY2026,other,CNY/ZAR,inbound,24,13289510.59
E12,FY2026,other,CNY/ZAR,outbound,26,10402326.91
E12,FY2026,other,EUR/ZAR,inbound,23,10976040.24
E12,FY2026,other,EUR/ZAR,outbound,30,13614622.48
E12,FY2026,other,GBP/ZAR,inbound,33,10691445.04
E12,FY2026,other,GBP/ZAR,outbound,22,8965817.26
E12,FY2026,other,USD/ZAR,inbound,25,5882563.9
E12,FY2026,other,USD/ZAR,outbound,19,13074644.39
E12,FY2026,trade,AED/ZAR,inbound,115,40996629.45
E12,FY2026,trade,AED/ZAR,outbound,131,50169774.09
E12,FY2026,trade,CNY/ZAR,inbound,87,33791707.28
E12,FY2026,trade,CNY/ZAR,outbound,118,39456643.33
E12,FY2026,trade,EUR/ZAR,inbound,116,51777470.75
E12,FY2026,trade,EUR/ZAR,outbound,105,36282855.2
E12,FY2026,trade,GBP/ZAR,inbound,124,44748226.26
E12,FY2026,trade,GBP/ZAR,outbound,126,54339774.85
E12,FY2026,trade,USD/ZAR,inbound,117,36787568.97
E12,FY2026,trade,USD/ZAR,outbound,105,41791653.73
E13,FY2024,intercompany,AED/ZAR,inbound,37,8158279.53
E13,FY2024,intercompany,AED/ZAR,outbound,41,10783611.97
E13,FY2024,intercompany,CNY/ZAR,inbound,25,6349641.85
E13,FY2024,intercompany,CNY/ZAR,outbound,38,5290064.39
E13,FY2024,intercompany,EUR/ZAR,inbound,24,4054260.86
E13,FY2024,intercompany,EUR/ZAR,outbound,40,6840435.43
E13,FY2024,intercompany,GBP/ZAR,inbound,27,3979277.1799999997
E13,FY2024,intercompany,GBP/ZAR,outbound,24,3490679.27
E13,FY2024,intercompany,USD/ZAR,inbound,28,6460487.99
E13,FY2024,intercompany,USD/ZAR,outbound,26,5578447.31
E13,FY2024,other,AED/ZAR,inbound,9,2331149.92
E13,FY2024,other,AED/ZAR,outbound,6,2464421.05
E13,FY2024,other,CNY/ZAR,inbound,7,684682.25
E13,FY2024,other,CNY/ZAR,outbound,10,2682464.17
E13,FY2024,other,EUR/ZAR,inbound,4,374747.83999999997
E13,FY2024,other,EUR/ZAR,outbound,8,2334218.02
E13,FY2024,other,GBP/ZAR,inbound,9,2940568.7
E13,FY2024,other,GBP/ZAR,outbound,6,801281.54
E13,FY2024,other,USD/ZAR,inbound,8,1114353.96
E13,FY2024,other,USD/ZAR,outbound,7,1514767.77
E13,FY2024,trade,AED/ZAR,inbound,21,3337911.5700000003
E13,FY2024,trade,AED/ZAR,outbound,47,13340348.5
E13,FY2024,trade,CNY/ZAR,inbound,26,5447617.22
E13,FY2024,trade,CNY/ZAR,outbound,28,7099497.11
E13,FY2024,trade,EUR/ZAR,inbound,26,6396269.0200000005
E13,FY2024,trade,EUR/ZAR,outbound,24,4313309.61
E13,FY2024,trade,GBP/ZAR,inbound,32,8865233.89
E13,FY2024,trade,GBP/ZAR,outbound,30,5062661.6899999995
E13,FY2024,trade,USD/ZAR,inbound,19,9270987.44
E13,FY2024,trade,USD/ZAR,outbound,47,9886990.53
E13,FY2025,intercompany,AED/ZAR,inbound,35,8967649.25
E13,FY2025,intercompany,AED/ZAR,outbound,46,8434153.04
E13,FY2025,intercompany,CNY/ZAR,inbound,55,8733144.98
E13,FY2025,intercompany,CNY/ZAR,outbound,44,11353643.790000001
E13,FY2025,intercompany,EUR/ZAR,inbound,52,16963585.37
E13,FY2025,intercompany,EUR/ZAR,outbound,40,10823657.28
E13,FY2025,intercompany,GBP/ZAR,inbound,46,10127871.7
E13,FY2025,intercompany,GBP/ZAR,outbound,41,11056591.28
E13,FY2025,intercompany,USD/ZAR,inbound,43,10896778.08
E13,FY2025,intercompany,USD/ZAR,outbound,44,10864630.41
E13,FY2025,other,AED/ZAR,inbound,11,4899455.87
E13,FY2025,other,AED/ZAR,outbound,6,1776084.81
E13,FY2025,other,CNY/ZAR,inbound,12,2938224.34
E13,FY2025,other,CNY/ZAR,outbound,11,2848073.1399999997
E13,FY2025,other,EUR/ZAR,inbound,10,3830835.04
E13,FY2025,other,EUR/ZAR,outbound,13,3031812.22
E13,FY2025,other,GBP/ZAR,inbound,10,2589982.0700000003
E13,FY2025,other,GBP/ZAR,outbound,7,2071862.3199999998
E13,FY2025,other,USD/ZAR,inbound,15,6049901.37
E13,FY2025,other,USD/ZAR,outbound,8,956086.31
E13,FY2025,trade,AED/ZAR,inbound,55,11568552.34
E13,FY2025,trade,AED/ZAR,outbound,48,11486684.2
E13,FY2025,trade,CNY/ZAR,inbound,43,9135860.76
E13,FY2025,trade,CNY/ZAR,outbound,55,12723728.42
E13,FY2025,trade,EUR/ZAR,inbound,45,12635567.91
E13,FY2025,trade,EUR/ZAR,outbound,52,18999703.88
E13,FY2025,trade,GBP/ZAR,inbound,35,11890736.25
E13,FY2025,trade,GBP/ZAR,outbound,57,12159970.38
E13,FY2025,trade,USD/ZAR,inbound,41,5086305.46
E13,FY2025,trade,USD/ZAR,outbound,39,11698145.9
E13,FY2026,intercompany,AED/ZAR,inbound,47,23622421.99
E13,FY2026,intercompany,AED/ZAR,outbound,56,13289309.18
E13,FY2026,intercompany,CNY/ZAR,inbound,52,9040087.4
E13,FY2026,intercompany,CNY/ZAR,outbound,55,17830121.009999998
E13,FY2026,intercompany,EUR/ZAR,inbound,66,14091437.24
E13,FY2026,intercompany,EUR/ZAR,outbound,49,14685235.9
E13,FY2026,intercompany,GBP/ZAR,inbound,45,10079497.93
E13,FY2026,intercompany,GBP/ZAR,outbound,56,11060614.39
E13,FY2026,intercompany,USD/ZAR,inbound,52,14160207.94
E13,FY2026,intercompany,USD/ZAR,outbound,53,9070875.07
E13,FY2026,other,AED/ZAR,inbound,15,2529246.58
E13,FY2026,other,AED/ZAR,outbound,12,1572627.8800000001
E13,FY2026,other,CNY/ZAR,inbound,13,2111064.8899999997
E13,FY2026,other,CNY/ZAR,outbound,11,2337874.04
E13,FY2026,other,EUR/ZAR,inbound,6,749483.71
E13,FY2026,other,EUR/ZAR,outbound,17,3238099.74
E13,FY2026,other,GBP/ZAR,inbound,12,1418541.52
E13,FY2026,other,GBP/ZAR,outbound,16,4117838.95
E13,FY2026,other,USD/ZAR,inbound,14,4056785.6
E13,FY2026,other,USD/ZAR,outbound,12,4763784.97
E13,FY2026,trade,AED/ZAR,inbound,54,11837343.37
E13,FY2026,trade,AED/ZAR,outbound,52,17437378.71
E13,FY2026,trade,CNY/ZAR,inbound,40,14415982.58
E13,FY2026,trade,CNY/ZAR,outbound,51,10565663.59
E13,FY2026,trade,EUR/ZAR,inbound,55,10551686.39
E13,FY2026,trade,EUR/ZAR,outbound,51,14009481.73
E13,FY2026,trade,GBP/ZAR,inbound,52,11753221.27
E13,FY2026,trade,GBP/ZAR,outbound,53,11425880.25
E13,FY2026,trade,USD/ZAR,inbound,56,16402843.51
E13,FY2026,trade,USD/ZAR,outbound,52,22000879.36
E14,FY2024,intercompany,AED/ZAR,inbound,170,82741009.7
E14,FY2024,intercompany,AED/ZAR,outbound,189,98032015.09
E14,FY2024,intercompany,CNY/ZAR,inbound,151,90490766.72
E14,FY2024,intercompany,CNY/ZAR,outbound,212,111514209.63
E14,FY2024,intercompany,EUR/ZAR,inbound,165,81603658.1
E14,FY2024,intercompany,EUR/ZAR,outbound,204,95249072.78
E14,FY2024,intercompany,GBP/ZAR,inbound,186,92418241.99
E14,FY2024,intercompany,GBP/ZAR,outbound,199,72950987.25
E14,FY2024,intercompany,USD/ZAR,inbound,166,86922572.7
E14,FY2024,intercompany,USD/ZAR,outbound,179,88918406.61
E14,FY2024,other,AED/ZAR,inbound,44,18616256.0
E14,FY2024,other,AED/ZAR,outbound,41,22053605.54
E14,FY2024,other,CNY/ZAR,inbound,29,21272369.73
E14,FY2024,other,CNY/ZAR,outbound,32,18289776.89
E14,FY2024,other,EUR/ZAR,inbound,41,14357467.48
E14,FY2024,other,EUR/ZAR,outbound,38,14577386.17
E14,FY2024,other,GBP/ZAR,inbound,35,19290148.58
E14,FY2024,other,GBP/ZAR,outbound,43,13002509.83
E14,FY2024,other,USD/ZAR,inbound,36,22575552.65
E14,FY2024,other,USD/ZAR,outbound,35,27057981.57
E14,FY2024,trade,AED/ZAR,inbound,176,89198264.67999999
E14,FY2024,trade,AED/ZAR,outbound,175,83234917.57
E14,FY2024,trade,CNY/ZAR,inbound,176,71389384.58
E14,FY2024,trade,CNY/ZAR,outbound,168,81005208.34
E14,FY2024,trade,EUR/ZAR,inbound,156,69858011.42
E14,FY2024,trade,EUR/ZAR,outbound,213,93816776.6
E14,FY2024,trade,GBP/ZAR,inbound,163,95781810.68
E14,FY2024,trade,GBP/ZAR,outbound,169,77436532.59
E14,FY2024,trade,USD/ZAR,inbound,176,81951513.26
E14,FY2024,trade,USD/ZAR,outbound,202,101741558.31
E14,FY2025,intercompany,AED/ZAR,inbound,169,88631034.84
E14,FY2025,intercompany,AED/ZAR,outbound,203,111299147.51
E14,FY2025,intercompany,CNY/ZAR,inbound,174,79499176.44
E14,FY2025,intercompany,CNY/ZAR,outbound,180,80830952.3
E14,FY2025,intercompany,EUR/ZAR,inbound,183,89922456.29
E14,FY2025,intercompany,EUR/ZAR,outbound,192,97970474.08
E14,FY2025,intercompany,GBP/ZAR,inbound,180,89390546.46
E14,FY2025,intercompany,GBP/ZAR,outbound,180,94217206.22
E14,FY2025,intercompany,USD/ZAR,inbound,163,81260160.15
E14,FY2025,intercompany,USD/ZAR,outbound,175,86946201.36
E14,FY2025,other,AED/ZAR,inbound,42,15271577.17
E14,FY2025,other,AED/ZAR,outbound,42,12327608.25
E14,FY2025,other,CNY/ZAR,inbound,42,26735431.779999997
E14,FY2025,other,CNY/ZAR,outbound,47,22173672.81
E14,FY2025,other,EUR/ZAR,inbound,46,26362527.26
E14,FY2025,other,EUR/ZAR,outbound,43,21147242.13
E14,FY2025,other,GBP/ZAR,inbound,35,22453631.97
E14,FY2025,other,GBP/ZAR,outbound,34,21431584.07
E14,FY2025,other,USD/ZAR,inbound,50,25207464.77
E14,FY2025,other,USD/ZAR,outbound,38,21629165.89
E14,FY2025,trade,AED/ZAR,inbound,169,65587136.4
E14,FY2025,trade,AED/ZAR,outbound,207,88862961.04
E14,FY2025,trade,CNY/ZAR,inbound,190,107137173.21
E14,FY2025,trade,CNY/ZAR,outbound,189,118965075.73
E14,FY2025,trade,EUR/ZAR,inbound,203,104528394.47
E14,FY2025,trade,EUR/ZAR,outbound,218,118025802.2
E14,FY2025,trade,GBP/ZAR,inbound,183,99497099.73
E14,FY2025,trade,GBP/ZAR,outbound,208,96174863.41
E14,FY2025,trade,USD/ZAR,inbound,173,88668650.34
E14,FY2025,trade,USD/ZAR,outbound,188,81504634.16
E14,FY2026,intercompany,AED/ZAR,inbound,183,91345284.09
E14,FY2026,intercompany,AED/ZAR,outbound,186,91093293.55
E14,FY2026,intercompany,CNY/ZAR,inbound,171,86988988.97
E14,FY2026,intercompany,CNY/ZAR,outbound,181,89654911.91
E14,FY2026,intercompany,EUR/ZAR,inbound,173,87051315.24
E14,FY2026,intercompany,EUR/ZAR,outbound,174,74662973.2
E14,FY2026,intercompany,GBP/ZAR,inbound,155,64835455.95
E14,FY2026,intercompany,GBP/ZAR,outbound,165,83713051.23
E14,FY2026,intercompany,USD/ZAR,inbound,180,93396749.02
E14,FY2026,intercompany,USD/ZAR,outbound,191,95467641.4
E14,FY2026,other,AED/ZAR,inbound,35,18825122.06
E14,FY2026,other,AED/ZAR,outbound,43,17157480.7
E14,FY2026,other,CNY/ZAR,inbound,38,15203218.31
E14,FY2026,other,CNY/ZAR,outbound,52,24986659.89
E14,FY2026,other,EUR/ZAR,inbound,31,14151667.27
E14,FY2026,other,EUR/ZAR,outbound,42,24776505.31
E14,FY2026,other,GBP/ZAR,inbound,42,21041840.43
E14,FY2026,other,GBP/ZAR,outbound,49,16718353.14
E14,FY2026,other,USD/ZAR,inbound,35,17634673.73
E14,FY2026,other,USD/ZAR,outbound,49,23849772.19
E14,FY2026,trade,AED/ZAR,inbound,156,71236336.98
E14,FY2026,trade,AED/ZAR,outbound,213,88743173.65
E14,FY2026,trade,CNY/ZAR,inbound,169,79140929.58
E14,FY2026,trade,CNY/ZAR,outbound,206,122417113.81
E14,FY2026,trade,EUR/ZAR,inbound,182,103038802.55
E14,FY2026,trade,EUR/ZAR,outbound,182,86006119.54
E14,FY2026,trade,GBP/ZAR,inbound,173,81859183.05
E14,FY2026,trade,GBP/ZAR,outbound,218,136414674.13
E14,FY2026,trade,USD/ZAR,inbound,158,80870444.98
E14,FY2026,trade,USD/ZAR,outbound,178,71032692.67
E15,FY2024,intercompany,AED/ZAR,inbound,188,110939963.47
E15,FY2024,intercompany,AED/ZAR,outbound,188,84607333.94
E15,FY2024,intercompany,CNY/ZAR,inbound,167,68746144.91
E15,FY2024,intercompany,CNY/ZAR,outbound,161,79395464.22
E15,FY2024,intercompany,EUR/ZAR,inbound,165,76910337.6
E15,FY2024,intercompany,EUR/ZAR,outbound,176,68713880.47
E15,FY2024,intercompany,GBP/ZAR,inbound,182,72224963.61
E15,FY2024,intercompany,GBP/ZAR,outbound,182,91877813.2
E15,FY2024,intercompany,USD/ZAR,inbound,163,79444515.57
E15,FY2024,intercompany,USD/ZAR,outbound,171,85992850.47
E15,FY2024,other,AED/ZAR,inbound,35,15243455.56
E15,FY2024,other,AED/ZAR,outbound,46,52281662.51
E15,FY2024,other,CNY/ZAR,inbound,46,20820258.26
E15,FY2024,other,CNY/ZAR,outbound,23,13346168.23
E15,FY2024,other,EUR/ZAR,inbound,37,14273733.799999999
E15,FY2024,other,EUR/ZAR,outbound,43,11734600.65
E15,FY2024,other,GBP/ZAR,inbound,31,18829667.68
E15,FY2024,other,GBP/ZAR,outbound,44,15602175.64
E15,FY2024,other,USD/ZAR,inbound,42,24328610.02
E15,FY2024,other,USD/ZAR,outbound,50,19393947.77
E15,FY2024,trade,AED/ZAR,inbound,161,67390189.56
E15,FY2024,trade,AED/ZAR,outbound,182,94714926.45
E15,FY2024,trade,CNY/ZAR,inbound,165,102330514.00999999
E15,FY2024,trade,CNY/ZAR,outbound,187,88496319.3
E15,FY2024,trade,EUR/ZAR,inbound,155,73715673.08
E15,FY2024,trade,EUR/ZAR,outbound,210,101731022.83
E15,FY2024,trade,GBP/ZAR,inbound,178,81394323.31
E15,FY2024,trade,GBP/ZAR,outbound,176,104532817.72
E15,FY2024,trade,USD/ZAR,inbound,171,83973388.12
E15,FY2024,trade,USD/ZAR,outbound,174,75011068.87
E15,FY2025,intercompany,AED/ZAR,inbound,179,71643346.59
E15,FY2025,intercompany,AED/ZAR,outbound,213,143438342.39000002
E15,FY2025,intercompany,CNY/ZAR,inbound,191,105769903.51
E15,FY2025,intercompany,CNY/ZAR,outbound,210,102328324.91
E15,FY2025,intercompany,EUR/ZAR,inbound,196,85155999.57
E15,FY2025,intercompany,EUR/ZAR,outbound,198,88150073.54
E15,FY2025,intercompany,GBP/ZAR,inbound,170,74630272.44
E15,FY2025,intercompany,GBP/ZAR,outbound,190,84927289.61
E15,FY2025,intercompany,USD/ZAR,inbound,174,75391099.59
E15,FY2025,intercompany,USD/ZAR,outbound,193,91079493.85
E15,FY2025,other,AED/ZAR,inbound,41,15326563.450000001
E15,FY2025,other,AED/ZAR,outbound,41,27184861.41
E15,FY2025,other,CNY/ZAR,inbound,49,24191650.36
E15,FY2025,other,CNY/ZAR,outbound,38,10738099.28
E15,FY2025,other,EUR/ZAR,inbound,35,27429035.11
E15,FY2025,other,EUR/ZAR,outbound,35,13604956.67
E15,FY2025,other,GBP/ZAR,inbound,33,21074381.98
E15,FY2025,other,GBP/ZAR,outbound,51,22443367.84
E15,FY2025,other,USD/ZAR,inbound,46,31363095.48
E15,FY2025,other,USD/ZAR,outbound,42,21425252.32
E15,FY2025,trade,AED/ZAR,inbound,162,82763694.35
E15,FY2025,trade,AED/ZAR,outbound,202,89772649.98
E15,FY2025,trade,CNY/ZAR,inbound,189,98052664.49
E15,FY2025,trade,CNY/ZAR,outbound,191,99015208.33
E15,FY2025,trade,EUR/ZAR,inbound,159,70476211.99
E15,FY2025,trade,EUR/ZAR,outbound,181,86901810.49
E15,FY2025,trade,GBP/ZAR,inbound,170,80327461.6
E15,FY2025,trade,GBP/ZAR,outbound,164,84056918.6
E15,FY2025,trade,USD/ZAR,inbound,182,104931404.66
E15,FY2025,trade,USD/ZAR,outbound,180,84814358.35
E15,FY2026,intercompany,AED/ZAR,inbound,168,74757237.1
E15,FY2026,intercompany,AED/ZAR,outbound,187,106906368.58
E15,FY2026,intercompany,CNY/ZAR,inbound,177,79798737.19
E15,FY2026,intercompany,CNY/ZAR,outbound,185,109355048.17
E15,FY2026,intercompany,EUR/ZAR,inbound,182,107329430.46000001
E15,FY2026,intercompany,EUR/ZAR,outbound,164,75287507.02
E15,FY2026,intercompany,GBP/ZAR,inbound,178,100319209.17999999
E15,FY2026,intercompany,GBP/ZAR,outbound,189,96756549.13
E15,FY2026,intercompany,USD/ZAR,inbound,176,93964568.29
E15,FY2026,intercompany,USD/ZAR,outbound,187,98930852.66
E15,FY2026,other,AED/ZAR,inbound,44,18781205.47
E15,FY2026,other,AED/ZAR,outbound,46,28356665.37
E15,FY2026,other,CNY/ZAR,inbound,32,12079472.8
E15,FY2026,other,CNY/ZAR,outbound,41,25397833.599999998
E15,FY2026,other,EUR/ZAR,inbound,40,18955320.31
E15,FY2026,other,EUR/ZAR,outbound,45,28875864.09
E15,FY2026,other,GBP/ZAR,inbound,41,17072780.25
E15,FY2026,other,GBP/ZAR,outbound,40,12472909.57
E15,FY2026,other,USD/ZAR,inbound,29,18382719.28
E15,FY2026,other,USD/ZAR,outbound,38,21175786.509999998
E15,FY2026,trade,AED/ZAR,inbound,171,80172580.06
E15,FY2026,trade,AED/ZAR,outbound,194,92310619.32000001
E15,FY2026,trade,CNY/ZAR,inbound,174,91497576.88
E15,FY2026,trade,CNY/ZAR,outbound,170,94615498.04
E15,FY2026,trade,EUR/ZAR,inbound,182,91953296.24
E15,FY2026,trade,EUR/ZAR,outbound,193,96990465.73
E15,FY2026,trade,GBP/ZAR,inbound,155,80091813.0
E15,FY2026,trade,GBP/ZAR,outbound,172,107704201.47
E15,FY2026,trade,USD/ZAR,inbound,166,75478204.07
E15,FY2026,trade,USD/ZAR,outbound,164,97588508.9
E16,FY2024,intercompany,AED/ZAR,inbound,444,274819067.21
E16,FY2024,intercompany,AED/ZAR,outbound,479,307738655.32
E16,FY2024,intercompany,CNY/ZAR,inbound,442,256240613.69
E16,FY2024,intercompany,CNY/ZAR,outbound,512,308530700.1
E16,FY2024,intercompany,EUR/ZAR,inbound,425,301609557.0
E16,FY2024,intercompany,EUR/ZAR,outbound,485,288590180.21999997
E16,FY2024,intercompany,GBP/ZAR,inbound,435,285226160.2
E16,FY2024,intercompany,GBP/ZAR,outbound,517,317228305.07
E16,FY2024,intercompany,USD/ZAR,inbound,479,274048499.35
E16,FY2024,intercompany,USD/ZAR,outbound,482,327526231.56
E16,FY2024,other,AED/ZAR,inbound,108,80985169.48
E16,FY2024,other,AED/ZAR,outbound,113,75828033.56
E16,FY2024,other,CNY/ZAR,inbound,93,58203832.01
E16,FY2024,other,CNY/ZAR,outbound,117,89554099.52
E16,FY2024,other,EUR/ZAR,inbound,97,52805690.74
E16,FY2024,other,EUR/ZAR,outbound,119,66582399.870000005
E16,FY2024,other,GBP/ZAR,inbound,89,46724117.82
E16,FY2024,other,GBP/ZAR,outbound,97,44545463.57
E16,FY2024,other,USD/ZAR,inbound,94,61936709.7
E16,FY2024,other,USD/ZAR,outbound,113,57853780.7
E16,FY2024,trade,AED/ZAR,inbound,436,257555517.7
E16,FY2024,trade,AED/ZAR,outbound,515,322057454.94
E16,FY2024,trade,CNY/ZAR,inbound,411,324586536.73
E16,FY2024,trade,CNY/ZAR,outbound,494,287161475.92
E16,FY2024,trade,EUR/ZAR,inbound,484,288163545.28000003
E16,FY2024,trade,EUR/ZAR,outbound,467,278230648.89
E16,FY2024,trade,GBP/ZAR,inbound,438,248766976.26
E16,FY2024,trade,GBP/ZAR,outbound,491,314112789.65
E16,FY2024,trade,USD/ZAR,inbound,447,264784436.28
E16,FY2024,trade,USD/ZAR,outbound,485,275341780.2
E16,FY2025,intercompany,AED/ZAR,inbound,442,225774750.24
E16,FY2025,intercompany,AED/ZAR,outbound,521,336352713.53000003
E16,FY2025,intercompany,CNY/ZAR,inbound,467,305258900.6
E16,FY2025,intercompany,CNY/ZAR,outbound,514,290197244.46999997
E16,FY2025,intercompany,EUR/ZAR,inbound,448,250378383.9
E16,FY2025,intercompany,EUR/ZAR,outbound,541,350872462.27
E16,FY2025,intercompany,GBP/ZAR,inbound,466,260093222.59
E16,FY2025,intercompany,GBP/ZAR,outbound,491,307265811.31
E16,FY2025,intercompany,USD/ZAR,inbound,479,303889400.24
E16,FY2025,intercompany,USD/ZAR,outbound,526,353785145.63
E16,FY2025,other,AED/ZAR,inbound,108,60085047.56
E16,FY2025,other,AED/ZAR,outbound,119,73260780.52
E16,FY2025,other,CNY/ZAR,inbound,104,52337214.56
E16,FY2025,other,CNY/ZAR,outbound,115,55884967.0
E16,FY2025,other,EUR/ZAR,inbound,112,78327273.7
E16,FY2025,other,EUR/ZAR,outbound,106,98875893.24
E16,FY2025,other,GBP/ZAR,inbound,107,52364788.69
E16,FY2025,other,GBP/ZAR,outbound,107,69203580.86
E16,FY2025,other,USD/ZAR,inbound,125,67453455.03
E16,FY2025,other,USD/ZAR,outbound,112,82495135.71
E16,FY2025,trade,AED/ZAR,inbound,400,195191399.6
E16,FY2025,trade,AED/ZAR,outbound,548,339697836.95
E16,FY2025,trade,CNY/ZAR,inbound,454,291008195.31
E16,FY2025,trade,CNY/ZAR,outbound,494,284831744.41
E16,FY2025,trade,EUR/ZAR,inbound,475,320581805.12
E16,FY2025,trade,EUR/ZAR,outbound,510,309422502.58
E16,FY2025,trade,GBP/ZAR,inbound,435,246445177.72
E16,FY2025,trade,GBP/ZAR,outbound,556,332868472.89
E16,FY2025,trade,USD/ZAR,inbound,484,303932287.97
E16,FY2025,trade,USD/ZAR,outbound,511,371435193.97
E16,FY2026,intercompany,AED/ZAR,inbound,474,270626153.49
E16,FY2026,intercompany,AED/ZAR,outbound,487,299731226.67
E16,FY2026,intercompany,CNY/ZAR,inbound,481,264135094.75
E16,FY2026,intercompany,CNY/ZAR,outbound,487,322560330.12
E16,FY2026,intercompany,EUR/ZAR,inbound,422,245770669.31
E16,FY2026,intercompany,EUR/ZAR,outbound,482,305235444.34
E16,FY2026,intercompany,GBP/ZAR,inbound,444,273993733.81
E16,FY2026,intercompany,GBP/ZAR,outbound,471,252186450.98
E16,FY2026,intercompany,USD/ZAR,inbound,464,297870230.29
E16,FY2026,intercompany,USD/ZAR,outbound,466,233579365.58
E16,FY2026,other,AED/ZAR,inbound,112,52917728.03
E16,FY2026,other,AED/ZAR,outbound,109,59166459.2
E16,FY2026,other,CNY/ZAR,inbound,119,67205305.16
E16,FY2026,other,CNY/ZAR,outbound,102,66541145.99
E16,FY2026,other,EUR/ZAR,inbound,109,66812555.51
E16,FY2026,other,EUR/ZAR,outbound,121,68031835.98
E16,FY2026,other,GBP/ZAR,inbound,100,69151623.47
E16,FY2026,other,GBP/ZAR,outbound,108,72493975.94
E16,FY2026,other,USD/ZAR,inbound,103,82159345.75
E16,FY2026,other,USD/ZAR,outbound,111,65480452.16
E16,FY2026,trade,AED/ZAR,inbound,447,251230445.93
E16,FY2026,trade,AED/ZAR,outbound,505,257100769.4
E16,FY2026,trade,CNY/ZAR,inbound,415,252245452.07999998
E16,FY2026,trade,CNY/ZAR,outbound,501,319584994.33
E16,FY2026,trade,EUR/ZAR,inbound,461,254629796.8
E16,FY2026,trade,EUR/ZAR,outbound,502,321195497.83
E16,FY2026,trade,GBP/ZAR,inbound,452,284180288.54
E16,FY2026,trade,GBP/ZAR,outbound,491,309431566.02
E16,FY2026,trade,USD/ZAR,inbound,452,235539210.72
E16,FY2026,trade,USD/ZAR,outbound,494,288859032.1
E17,FY2024,intercompany,AED/ZAR,inbound,245,145361769.18
E17,FY2024,intercompany,AED/ZAR,outbound,269,160049764.35
E17,FY2024,intercompany,CNY/ZAR,inbound,257,121294017.85
E17,FY2024,intercompany,CNY/ZAR,outbound,239,119563199.73
E17,FY2024,intercompany,EUR/ZAR,inbound,206,115064737.37
E17,FY2024,intercompany,EUR/ZAR,outbound,248,141367514.49
E17,FY2024,intercompany,GBP/ZAR,inbound,222,109393836.71
E17,FY2024,intercompany,GBP/ZAR,outbound,273,116650600.42
E17,FY2024,intercompany,USD/ZAR,inbound,249,132499680.02
E17,FY2024,intercompany,USD/ZAR,outbound,259,158423331.45
E17,FY2024,other,AED/ZAR,inbound,56,35059252.22
E17,FY2024,other,AED/ZAR,outbound,58,35081893.81
E17,FY2024,other,CNY/ZAR,inbound,53,25861138.29
E17,FY2024,other,CNY/ZAR,outbound,58,27496879.38
E17,FY2024,other,EUR/ZAR,inbound,48,41336168.19
E17,FY2024,other,EUR/ZAR,outbound,57,25674436.060000002
E17,FY2024,other,GBP/ZAR,inbound,63,43235413.82
E17,FY2024,other,GBP/ZAR,outbound,72,25742207.86
E17,FY2024,other,USD/ZAR,inbound,52,34586227.32
E17,FY2024,other,USD/ZAR,outbound,59,27934621.73
E17,FY2024,trade,AED/ZAR,inbound,259,160913156.14000002
E17,FY2024,trade,AED/ZAR,outbound,266,171303956.05
E17,FY2024,trade,CNY/ZAR,inbound,215,128467251.84
E17,FY2024,trade,CNY/ZAR,outbound,262,145241132.03
E17,FY2024,trade,EUR/ZAR,inbound,235,133649322.89999999
E17,FY2024,trade,EUR/ZAR,outbound,229,124291188.62
E17,FY2024,trade,GBP/ZAR,inbound,250,126247761.15
E17,FY2024,trade,GBP/ZAR,outbound,275,153980652.34
E17,FY2024,trade,USD/ZAR,inbound,255,122771694.63
E17,FY2024,trade,USD/ZAR,outbound,271,112759979.16
E17,FY2025,intercompany,AED/ZAR,inbound,253,123506024.58
E17,FY2025,intercompany,AED/ZAR,outbound,269,128433720.0
E17,FY2025,intercompany,CNY/ZAR,inbound,228,111689522.42
E17,FY2025,intercompany,CNY/ZAR,outbound,275,171016926.12
E17,FY2025,intercompany,EUR/ZAR,inbound,218,112524586.39
E17,FY2025,intercompany,EUR/ZAR,outbound,267,125435972.71000001
E17,FY2025,intercompany,GBP/ZAR,inbound,256,154027954.83
E17,FY2025,intercompany,GBP/ZAR,outbound,283,120968764.84
E17,FY2025,intercompany,USD/ZAR,inbound,238,120066560.15
E17,FY2025,intercompany,USD/ZAR,outbound,247,115756189.77
E17,FY2025,other,AED/ZAR,inbound,60,33125705.23
E17,FY2025,other,AED/ZAR,outbound,69,33917790.99
E17,FY2025,other,CNY/ZAR,inbound,68,29624308.6
E17,FY2025,other,CNY/ZAR,outbound,53,23109152.7
E17,FY2025,other,EUR/ZAR,inbound,51,26948366.82
E17,FY2025,other,EUR/ZAR,outbound,53,23107645.14
E17,FY2025,other,GBP/ZAR,inbound,49,29429220.81
E17,FY2025,other,GBP/ZAR,outbound,62,32772911.35
E17,FY2025,other,USD/ZAR,inbound,44,56895074.39
E17,FY2025,other,USD/ZAR,outbound,63,28387051.82
E17,FY2025,trade,AED/ZAR,inbound,230,137153685.02
E17,FY2025,trade,AED/ZAR,outbound,265,152031404.64
E17,FY2025,trade,CNY/ZAR,inbound,233,157220108.35
E17,FY2025,trade,CNY/ZAR,outbound,270,156706021.42
E17,FY2025,trade,EUR/ZAR,inbound,280,163237812.72
E17,FY2025,trade,EUR/ZAR,outbound,279,150651382.51
E17,FY2025,trade,GBP/ZAR,inbound,255,147495870.07
E17,FY2025,trade,GBP/ZAR,outbound,263,127095510.34
E17,FY2025,trade,USD/ZAR,inbound,251,137932152.22
E17,FY2025,trade,USD/ZAR,outbound,282,137214973.83
E17,FY2026,intercompany,AED/ZAR,inbound,232,120280268.4
E17,FY2026,intercompany,AED/ZAR,outbound,274,126604453.84
E17,FY2026,intercompany,CNY/ZAR,inbound,256,134602775.08
E17,FY2026,intercompany,CNY/ZAR,outbound,249,132459552.49
E17,FY2026,intercompany,EUR/ZAR,inbound,266,131823446.72
E17,FY2026,intercompany,EUR/ZAR,outbound,262,141576068.56
E17,FY2026,intercompany,GBP/ZAR,inbound,212,123992472.59
E17,FY2026,intercompany,GBP/ZAR,outbound,296,161300528.7
E17,FY2026,intercompany,USD/ZAR,inbound,225,129022966.91
E17,FY2026,intercompany,USD/ZAR,outbound,246,145678572.99
E17,FY2026,other,AED/ZAR,inbound,63,36413889.050000004
E17,FY2026,other,AED/ZAR,outbound,81,39550892.18
E17,FY2026,other,CNY/ZAR,inbound,49,18971867.41
E17,FY2026,other,CNY/ZAR,outbound,44,19298670.86
E17,FY2026,other,EUR/ZAR,inbound,58,23304440.86
E17,FY2026,other,EUR/ZAR,outbound,57,29702951.37
E17,FY2026,other,GBP/ZAR,inbound,50,28792332.650000002
E17,FY2026,other,GBP/ZAR,outbound,70,32460349.88
E17,FY2026,other,USD/ZAR,inbound,45,21218669.02
E17,FY2026,other,USD/ZAR,outbound,62,35305885.7
E17,FY2026,trade,AED/ZAR,inbound,233,110247965.11
E17,FY2026,trade,AED/ZAR,outbound,270,135607398.74
E17,FY2026,trade,CNY/ZAR,inbound,238,116200910.44
E17,FY2026,trade,CNY/ZAR,outbound,250,130521478.67
E17,FY2026,trade,EUR/ZAR,inbound,251,138709179.42
E17,FY2026,trade,EUR/ZAR,outbound,260,130567334.98
E17,FY2026,trade,GBP/ZAR,inbound,229,102844433.83
E17,FY2026,trade,GBP/ZAR,outbound,252,129995856.89
E17,FY2026,trade,USD/ZAR,inbound,233,161347957.09
E17,FY2026,trade,USD/ZAR,outbound,230,122331233.05
E18,FY2024,intercompany,AED/ZAR,inbound,121,51183129.44
E18,FY2024,intercompany,AED/ZAR,outbound,152,93034648.13
E18,FY2024,intercompany,CNY/ZAR,inbound,152,81865816.98
E18,FY2024,intercompany,CNY/ZAR,outbound,162,85536566.92
E18,FY2024,intercompany,EUR/ZAR,inbound,126,63064447.86
E18,FY2024,intercompany,EUR/ZAR,outbound,161,81778237.12
E18,FY2024,intercompany,GBP/ZAR,inbound,163,88028322.95
E18,FY2024,intercompany,GBP/ZAR,outbound,163,79424831.91
E18,FY2024,intercompany,USD/ZAR,inbound,126,67691078.25
E18,FY2024,intercompany,USD/ZAR,outbound,170,87188042.88
E18,FY2024,other,AED/ZAR,inbound,25,7446422.83
E18,FY2024,other,AED/ZAR,outbound,29,18252038.810000002
E18,FY2024,other,CNY/ZAR,inbound,42,20226983.86
E18,FY2024,other,CNY/ZAR,outbound,36,17958064.47
E18,FY2024,other,EUR/ZAR,inbound,39,19663989.69
E18,FY2024,other,EUR/ZAR,outbound,27,13207344.12
E18,FY2024,other,GBP/ZAR,inbound,26,28763891.54
E18,FY2024,other,GBP/ZAR,outbound,42,17368485.91
E18,FY2024,other,USD/ZAR,inbound,32,9809076.35
E18,FY2024,other,USD/ZAR,outbound,26,15114673.81
E18,FY2024,trade,AED/ZAR,inbound,133,58982680.79
E18,FY2024,trade,AED/ZAR,outbound,128,79533486.41
E18,FY2024,trade,CNY/ZAR,inbound,151,75344172.22
E18,FY2024,trade,CNY/ZAR,outbound,143,99370920.69
E18,FY2024,trade,EUR/ZAR,inbound,135,73100512.31
E18,FY2024,trade,EUR/ZAR,outbound,156,82955740.0
E18,FY2024,trade,GBP/ZAR,inbound,126,53484916.46
E18,FY2024,trade,GBP/ZAR,outbound,159,93888105.75
E18,FY2024,trade,USD/ZAR,inbound,116,64802681.97
E18,FY2024,trade,USD/ZAR,outbound,149,75451203.31
E18,FY2025,intercompany,AED/ZAR,inbound,123,54460024.28
E18,FY2025,intercompany,AED/ZAR,outbound,157,77977738.71
E18,FY2025,intercompany,CNY/ZAR,inbound,134,94380064.29
E18,FY2025,intercompany,CNY/ZAR,outbound,165,93769708.77
E18,FY2025,intercompany,EUR/ZAR,inbound,135,63635386.49
E18,FY2025,intercompany,EUR/ZAR,outbound,162,74226535.73
E18,FY2025,intercompany,GBP/ZAR,inbound,129,60073048.76
E18,FY2025,intercompany,GBP/ZAR,outbound,159,71685634.36
E18,FY2025,intercompany,USD/ZAR,inbound,151,58096621.75
E18,FY2025,intercompany,USD/ZAR,outbound,175,87023590.35
E18,FY2025,other,AED/ZAR,inbound,38,18145554.73
E18,FY2025,other,AED/ZAR,outbound,36,32770738.38
E18,FY2025,other,CNY/ZAR,inbound,32,10589186.15
E18,FY2025,other,CNY/ZAR,outbound,42,26608401.549999997
E18,FY2025,other,EUR/ZAR,inbound,31,12446386.200000001
E18,FY2025,other,EUR/ZAR,outbound,32,13489463.629999999
E18,FY2025,other,GBP/ZAR,inbound,39,18134792.56
E18,FY2025,other,GBP/ZAR,outbound,29,27445823.809999995
E18,FY2025,other,USD/ZAR,inbound,38,12651773.38
E18,FY2025,other,USD/ZAR,outbound,30,18155985.48
E18,FY2025,trade,AED/ZAR,inbound,134,67598194.12
E18,FY2025,trade,AED/ZAR,outbound,152,83303307.07
E18,FY2025,trade,CNY/ZAR,inbound,135,75419954.55
E18,FY2025,trade,CNY/ZAR,outbound,154,83544505.16
E18,FY2025,trade,EUR/ZAR,inbound,148,67313674.29
E18,FY2025,trade,EUR/ZAR,outbound,149,73543078.82
E18,FY2025,trade,GBP/ZAR,inbound,129,80486981.06
E18,FY2025,trade,GBP/ZAR,outbound,139,67843748.28
E18,FY2025,trade,USD/ZAR,inbound,127,61680825.64
E18,FY2025,trade,USD/ZAR,outbound,160,76501913.28
E18,FY2026,intercompany,AED/ZAR,inbound,142,58343186.03
E18,FY2026,intercompany,AED/ZAR,outbound,147,79905559.05
E18,FY2026,intercompany,CNY/ZAR,inbound,130,54881241.05
E18,FY2026,intercompany,CNY/ZAR,outbound,133,71126976.38
E18,FY2026,intercompany,EUR/ZAR,inbound,134,69553986.05
E18,FY2026,intercompany,EUR/ZAR,outbound,150,76369477.89
E18,FY2026,intercompany,GBP/ZAR,inbound,125,78115114.34
E18,FY2026,intercompany,GBP/ZAR,outbound,144,78333416.21
E18,FY2026,intercompany,USD/ZAR,inbound,135,70541932.89
E18,FY2026,intercompany,USD/ZAR,outbound,142,77214218.96
E18,FY2026,other,AED/ZAR,inbound,39,25527343.1
E18,FY2026,other,AED/ZAR,outbound,39,20964982.24
E18,FY2026,other,CNY/ZAR,inbound,44,21904078.07
E18,FY2026,other,CNY/ZAR,outbound,33,25048994.2
E18,FY2026,other,EUR/ZAR,inbound,38,21221449.35
E18,FY2026,other,EUR/ZAR,outbound,20,12570789.47
E18,FY2026,other,GBP/ZAR,inbound,27,8444824.52
E18,FY2026,other,GBP/ZAR,outbound,31,12072897.81
E18,FY2026,other,USD/ZAR,inbound,35,11045084.97
E18,FY2026,other,USD/ZAR,outbound,39,19023357.67
E18,FY2026,trade,AED/ZAR,inbound,126,72432965.58
E18,FY2026,trade,AED/ZAR,outbound,154,74574907.67
E18,FY2026,trade,CNY/ZAR,inbound,133,59501358.79
E18,FY2026,trade,CNY/ZAR,outbound,140,76873370.66
E18,FY2026,trade,EUR/ZAR,inbound,138,59883688.05
E18,FY2026,trade,EUR/ZAR,outbound,164,94531016.79
E18,FY2026,trade,GBP/ZAR,inbound,158,84404684.31
E18,FY2026,trade,GBP/ZAR,outbound,127,53983113.87
E18,FY2026,trade,USD/ZAR,inbound,139,73816815.84
E18,FY2026,trade,USD/ZAR,outbound,150,72047041.78
E19,FY2024,intercompany,AED/ZAR,inbound,163,68872638.72
E19,FY2024,intercompany,AED/ZAR,outbound,170,80323689.72
E19,FY2024,intercompany,CNY/ZAR,inbound,185,59937191.48
E19,FY2024,intercompany,CNY/ZAR,outbound,175,60998107.71
E19,FY2024,intercompany,EUR/ZAR,inbound,160,62515244.4
E19,FY2024,intercompany,EUR/ZAR,outbound,167,74202708.21000001
E19,FY2024,intercompany,GBP/ZAR,inbound,150,48392093.15
E19,FY2024,intercompany,GBP/ZAR,outbound,166,55591826.93
E19,FY2024,intercompany,USD/ZAR,inbound,154,53268620.65
E19,FY2024,intercompany,USD/ZAR,outbound,203,82600299.24
E19,FY2024,other,AED/ZAR,inbound,35,12841444.370000001
E19,FY2024,other,AED/ZAR,outbound,42,13490495.79
E19,FY2024,other,CNY/ZAR,inbound,36,16872908.88
E19,FY2024,other,CNY/ZAR,outbound,36,10742778.14
E19,FY2024,other,EUR/ZAR,inbound,33,19464455.13
E19,FY2024,other,EUR/ZAR,outbound,42,21725281.85
E19,FY2024,other,GBP/ZAR,inbound,41,10535566.05
E19,FY2024,other,GBP/ZAR,outbound,27,11850815.25
E19,FY2024,other,USD/ZAR,inbound,47,16747703.14
E19,FY2024,other,USD/ZAR,outbound,40,10452692.92
E19,FY2024,trade,AED/ZAR,inbound,156,60289319.12
E19,FY2024,trade,AED/ZAR,outbound,165,64647118.11
E19,FY2024,trade,CNY/ZAR,inbound,152,56187843.57
E19,FY2024,trade,CNY/ZAR,outbound,180,70643971.73
E19,FY2024,trade,EUR/ZAR,inbound,173,96627352.36
E19,FY2024,trade,EUR/ZAR,outbound,199,74802116.12
E19,FY2024,trade,GBP/ZAR,inbound,145,53796205.12
E19,FY2024,trade,GBP/ZAR,outbound,168,56267579.75
E19,FY2024,trade,USD/ZAR,inbound,155,55754305.660000004
E19,FY2024,trade,USD/ZAR,outbound,185,58811572.58
E19,FY2025,intercompany,AED/ZAR,inbound,136,60246470.83
E19,FY2025,intercompany,AED/ZAR,outbound,186,66299793.2
E19,FY2025,intercompany,CNY/ZAR,inbound,157,41493181.47
E19,FY2025,intercompany,CNY/ZAR,outbound,161,48341199.02
E19,FY2025,intercompany,EUR/ZAR,inbound,136,49301819.04
E19,FY2025,intercompany,EUR/ZAR,outbound,180,73020866.25
E19,FY2025,intercompany,GBP/ZAR,inbound,174,64756436.31
E19,FY2025,intercompany,GBP/ZAR,outbound,170,60981272.36
E19,FY2025,intercompany,USD/ZAR,inbound,180,68367509.02
E19,FY2025,intercompany,USD/ZAR,outbound,179,67962125.95
E19,FY2025,other,AED/ZAR,inbound,33,15243823.6
E19,FY2025,other,AED/ZAR,outbound,29,14945142.45
E19,FY2025,other,CNY/ZAR,inbound,34,10192118.7
E19,FY2025,other,CNY/ZAR,outbound,38,19146784.82
E19,FY2025,other,EUR/ZAR,inbound,33,14939511.25
E19,FY2025,other,EUR/ZAR,outbound,46,21257277.79
E19,FY2025,other,GBP/ZAR,inbound,41,16983053.81
E19,FY2025,other,GBP/ZAR,outbound,45,19472462.87
E19,FY2025,other,USD/ZAR,inbound,27,10508307.61
E19,FY2025,other,USD/ZAR,outbound,45,16109345.08
E19,FY2025,trade,AED/ZAR,inbound,166,62331800.89
E19,FY2025,trade,AED/ZAR,outbound,179,60105715.230000004
E19,FY2025,trade,CNY/ZAR,inbound,166,47049538.24
E19,FY2025,trade,CNY/ZAR,outbound,183,67793931.15
E19,FY2025,trade,EUR/ZAR,inbound,160,67903727.47
E19,FY2025,trade,EUR/ZAR,outbound,182,60754109.44
E19,FY2025,trade,GBP/ZAR,inbound,167,53368892.57
E19,FY2025,trade,GBP/ZAR,outbound,198,76361634.13
E19,FY2025,trade,USD/ZAR,inbound,164,60014145.36
E19,FY2025,trade,USD/ZAR,outbound,174,55521635.1
E19,FY2026,intercompany,AED/ZAR,inbound,156,53629875.72
E19,FY2026,intercompany,AED/ZAR,outbound,176,69930020.02
E19,FY2026,intercompany,CNY/ZAR,inbound,158,56520184.2
E19,FY2026,intercompany,CNY/ZAR,outbound,170,63088745.18
E19,FY2026,intercompany,EUR/ZAR,inbound,181,49574234.46
E19,FY2026,intercompany,EUR/ZAR,outbound,172,66293355.800000004
E19,FY2026,intercompany,GBP/ZAR,inbound,154,62370560.11
E19,FY2026,intercompany,GBP/ZAR,outbound,181,65891222.21
E19,FY2026,intercompany,USD/ZAR,inbound,148,53385328.07
E19,FY2026,intercompany,USD/ZAR,outbound,180,62194416.63
E19,FY2026,other,AED/ZAR,inbound,37,14550444.22
E19,FY2026,other,AED/ZAR,outbound,33,8832168.61
E19,FY2026,other,CNY/ZAR,inbound,23,10562968.58
E19,FY2026,other,CNY/ZAR,outbound,38,16418056.120000001
E19,FY2026,other,EUR/ZAR,inbound,31,18610587.009999998
E19,FY2026,other,EUR/ZAR,outbound,37,15576937.99
E19,FY2026,other,GBP/ZAR,inbound,27,8271505.96
E19,FY2026,other,GBP/ZAR,outbound,38,13758440.99
E19,FY2026,other,USD/ZAR,inbound,37,16178402.84
E19,FY2026,other,USD/ZAR,outbound,31,11716136.97
E19,FY2026,trade,AED/ZAR,inbound,147,55518296.22
E19,FY2026,trade,AED/ZAR,outbound,160,81476773.1
E19,FY2026,trade,CNY/ZAR,inbound,186,76490372.11
E19,FY2026,trade,CNY/ZAR,outbound,142,49346662.9
E19,FY2026,trade,EUR/ZAR,inbound,170,67152791.73
E19,FY2026,trade,EUR/ZAR,outbound,189,77636266.88
E19,FY2026,trade,GBP/ZAR,inbound,153,66510714.870000005
E19,FY2026,trade,GBP/ZAR,outbound,179,76133650.79
E19,FY2026,trade,USD/ZAR,inbound,159,58548294.26
E19,FY2026,trade,USD/ZAR,outbound,160,66819575.8
E20,FY2024,intercompany,AED/ZAR,inbound,2,220962.83000000002
E20,FY2024,intercompany,AED/ZAR,outbound,6,1063593.86
E20,FY2024,intercompany,CNY/ZAR,inbound,2,322371.33
E20,FY2024,intercompany,CNY/ZAR,outbound,6,1180361.41
E20,FY2024,intercompany,EUR/ZAR,inbound,2,146873.27
E20,FY2024,intercompany,GBP/ZAR,inbound,2,263271.53
E20,FY2024,intercompany,GBP/ZAR,outbound,2,2010101.86
E20,FY2024,intercompany,USD/ZAR,inbound,4,763083.88
E20,FY2024,intercompany,USD/ZAR,outbound,5,396750.51
E20,FY2024,other,AED/ZAR,inbound,7,1776118.6500000001
E20,FY2024,other,AED/ZAR,outbound,8,640403.5700000001
E20,FY2024,other,CNY/ZAR,inbound,4,255310.66
E20,FY2024,other,CNY/ZAR,outbound,5,895071.84
E20,FY2024,other,EUR/ZAR,inbound,4,818705.95
E20,FY2024,other,EUR/ZAR,outbound,6,660804.28
E20,FY2024,other,GBP/ZAR,inbound,3,562803.85
E20,FY2024,other,GBP/ZAR,outbound,3,521342.28
E20,FY2024,other,USD/ZAR,inbound,7,1404374.03
E20,FY2024,other,USD/ZAR,outbound,5,1481049.9100000001
E20,FY2024,trade,AED/ZAR,inbound,37,4951393.26
E20,FY2024,trade,AED/ZAR,outbound,51,10309098.780000001
E20,FY2024,trade,CNY/ZAR,inbound,48,7808732.48
E20,FY2024,trade,CNY/ZAR,outbound,46,8570175.87
E20,FY2024,trade,EUR/ZAR,inbound,41,4257463.63
E20,FY2024,trade,EUR/ZAR,outbound,47,5383205.9399999995
E20,FY2024,trade,GBP/ZAR,inbound,49,10812483.76
E20,FY2024,trade,GBP/ZAR,outbound,57,11025655.02
E20,FY2024,trade,USD/ZAR,inbound,36,8841467.19
E20,FY2024,trade,USD/ZAR,outbound,59,12075374.64
E20,FY2025,intercompany,AED/ZAR,inbound,3,589667.6900000001
E20,FY2025,intercompany,AED/ZAR,outbound,2,205544.53000000003
E20,FY2025,intercompany,CNY/ZAR,outbound,4,727973.72
E20,FY2025,intercompany,EUR/ZAR,inbound,4,731271.85
E20,FY2025,intercompany,EUR/ZAR,outbound,3,351852.31
E20,FY2025,intercompany,GBP/ZAR,inbound,6,645147.43
E20,FY2025,intercompany,GBP/ZAR,outbound,1,852618.7
E20,FY2025,intercompany,USD/ZAR,inbound,5,706881.62
E20,FY2025,intercompany,USD/ZAR,outbound,2,355269.63
E20,FY2025,other,AED/ZAR,inbound,8,792276.55
E20,FY2025,other,AED/ZAR,outbound,5,1240754.72
E20,FY2025,other,CNY/ZAR,inbound,5,550131.7
E20,FY2025,other,CNY/ZAR,outbound,7,1162917.71
E20,FY2025,other,EUR/ZAR,inbound,5,567710.11
E20,FY2025,other,EUR/ZAR,outbound,8,1479192.6400000001
E20,FY2025,other,GBP/ZAR,inbound,7,863438.46
E20,FY2025,other,GBP/ZAR,outbound,7,1699233.9100000001
E20,FY2025,other,USD/ZAR,inbound,1,488383.25
E20,FY2025,other,USD/ZAR,outbound,4,392077.18999999994
E20,FY2025,trade,AED/ZAR,inbound,45,7759051.21
E20,FY2025,trade,AED/ZAR,outbound,63,12267928.780000001
E20,FY2025,trade,CNY/ZAR,inbound,51,14350134.77
E20,FY2025,trade,CNY/ZAR,outbound,52,10336004.89
E20,FY2025,trade,EUR/ZAR,inbound,48,7677754.76
E20,FY2025,trade,EUR/ZAR,outbound,45,8281736.4399999995
E20,FY2025,trade,GBP/ZAR,inbound,55,13538239.55
E20,FY2025,trade,GBP/ZAR,outbound,59,14125478.11
E20,FY2025,trade,USD/ZAR,inbound,47,10155564.04
E20,FY2025,trade,USD/ZAR,outbound,61,14854166.82
E20,FY2026,intercompany,AED/ZAR,inbound,4,402951.13
E20,FY2026,intercompany,AED/ZAR,outbound,6,1065210.07
E20,FY2026,intercompany,CNY/ZAR,inbound,5,1054627.21
E20,FY2026,intercompany,CNY/ZAR,outbound,1,20816.77
E20,FY2026,intercompany,EUR/ZAR,inbound,2,338414.18
E20,FY2026,intercompany,EUR/ZAR,outbound,8,732322.06
E20,FY2026,intercompany,GBP/ZAR,inbound,1,154379.18
E20,FY2026,intercompany,GBP/ZAR,outbound,1,357936.81
E20,FY2026,intercompany,USD/ZAR,inbound,2,260444.95
E20,FY2026,intercompany,USD/ZAR,outbound,4,388670.42
E20,FY2026,other,AED/ZAR,inbound,10,2730445.37
E20,FY2026,other,AED/ZAR,outbound,13,1175378.01
E20,FY2026,other,CNY/ZAR,inbound,5,430852.55
E20,FY2026,other,CNY/ZAR,outbound,2,168017.21
E20,FY2026,other,EUR/ZAR,inbound,7,1044126.7
E20,FY2026,other,EUR/ZAR,outbound,11,973870.98
E20,FY2026,other,GBP/ZAR,inbound,6,1785349.7699999998
E20,FY2026,other,GBP/ZAR,outbound,3,290058.85000000003
E20,FY2026,other,USD/ZAR,inbound,5,375010.36
E20,FY2026,other,USD/ZAR,outbound,10,810883.64
E20,FY2026,trade,AED/ZAR,inbound,55,7082567.42
E20,FY2026,trade,AED/ZAR,outbound,47,10905142.08
E20,FY2026,trade,CNY/ZAR,inbound,41,8913082.82
E20,FY2026,trade,CNY/ZAR,outbound,56,7698513.16
E20,FY2026,trade,EUR/ZAR,inbound,50,14621345.35
E20,FY2026,trade,EUR/ZAR,outbound,48,9198792.99
E20,FY2026,trade,GBP/ZAR,inbound,56,11589502.2
E20,FY2026,trade,GBP/ZAR,outbound,50,9091864.28
E20,FY2026,trade,USD/ZAR,inbound,51,8545192.18
E20,FY2026,trade,USD/ZAR,outbound,47,9173381.96
