dataset,entity_id,log10_value,txn_count
transactional_banking,E01,2.0875,0
transactional_banking,E01,2.2625,0
transactional_banking,E01,2.4375,0
transactional_banking,E01,2.6125,0
transactional_banking,E01,2.7875,0
transactional_banking,E01,2.9625,1
transactional_banking,E01,3.1374999999999997,8
transactional_banking,E01,3.3125,22
transactional_banking,E01,3.4875,84
transactional_banking,E01,3.6625,229
transactional_banking,E01,3.8375,705
transactional_banking,E01,4.012499999999999,1666
transactional_banking,E01,4.1875,3268
transactional_banking,E01,4.3625,5495
transactional_banking,E01,4.5375,8324
transactional_banking,E01,4.7125,11202
transactional_banking,E01,4.887499999999999,13403
transactional_banking,E01,5.0625,14764
transactional_banking,E01,5.2375,14833
transactional_banking,E01,5.4125,13605
transactional_banking,E01,5.5875,11801
transactional_banking,E01,5.762499999999999,9332
transactional_banking,E01,5.9375,6525
transactional_banking,E01,6.112499999999999,4410
transactional_banking,E01,6.2875,2599
transactional_banking,E01,6.4625,1394
transactional_banking,E01,6.637499999999999,655
transactional_banking,E01,6.8125,277
transactional_banking,E01,6.987499999999999,88
transactional_banking,E01,7.1625,34
transactional_banking,E01,7.3375,9
transactional_banking,E01,7.512499999999999,6
transactional_banking,E01,7.6875,0
transactional_banking,E01,7.862499999999999,2
transactional_banking,E01,8.0375,0
transactional_banking,E01,8.2125,0
transactional_banking,E01,8.3875,0
transactional_banking,E01,8.5625,0
transactional_banking,E01,8.737499999999999,0
transactional_banking,E01,8.9125,0
transactional_banking,E02,2.0875,0
transactional_banking,E02,2.2625,0
transactional_banking,E02,2.4375,0
transactional_banking,E02,2.6125,0
transactional_banking,E02,2.7875,0
transactional_banking,E02,2.9625,0
transactional_banking,E02,3.1374999999999997,0
transactional_banking,E02,3.3125,2
transactional_banking,E02,3.4875,4
transactional_banking,E02,3.6625,9
transactional_banking,E02,3.8375,41
transactional_banking,E02,4.012499999999999,95
transactional_banking,E02,4.1875,226
transactional_banking,E02,4.3625,501
transactional_banking,E02,4.5375,909
transactional_banking,E02,4.7125,1267
transactional_banking,E02,4.887499999999999,1805
transactional_banking,E02,5.0625,2142
transactional_banking,E02,5.2375,2419
transactional_banking,E02,5.4125,2533
transactional_banking,E02,5.5875,2375
transactional_banking,E02,5.762499999999999,1952
transactional_banking,E02,5.9375,1677
transactional_banking,E02,6.112499999999999,1168
transactional_banking,E02,6.2875,772
transactional_banking,E02,6.4625,472
transactional_banking,E02,6.637499999999999,261
transactional_banking,E02,6.8125,127
transactional_banking,E02,6.987499999999999,59
transactional_banking,E02,7.1625,19
transactional_banking,E02,7.3375,7
transactional_banking,E02,7.512499999999999,2
transactional_banking,E02,7.6875,3
transactional_banking,E02,7.862499999999999,0
transactional_banking,E02,8.0375,0
transactional_banking,E02,8.2125,0
transactional_banking,E02,8.3875,0
transactional_banking,E02,8.5625,0
transactional_banking,E02,8.737499999999999,0
transactional_banking,E02,8.9125,0
transactional_banking,E03,2.0875,0
transactional_banking,E03,2.2625,0
transactional_banking,E03,2.4375,0
transactional_banking,E03,2.6125,0
transactional_banking,E03,2.7875,0
transactional_banking,E03,2.9625,3
transactional_banking,E03,3.1374999999999997,15
transactional_banking,E03,3.3125,44
transactional_banking,E03,3.4875,152
transactional_banking,E03,3.6625,423
transactional_banking,E03,3.8375,917
transactional_banking,E03,4.012499999999999,2084
transactional_banking,E03,4.1875,3669
transactional_banking,E03,4.3625,5663
transactional_banking,E03,4.5375,7860
transactional_banking,E03,4.7125,9791
transactional_banking,E03,4.887499999999999,10849
transactional_banking,E03,5.0625,11220
transactional_banking,E03,5.2375,10438
transactional_banking,E03,5.4125,9387
transactional_banking,E03,5.5875,7650
transactional_banking,E03,5.762499999999999,5730
transactional_banking,E03,5.9375,3765
transactional_banking,E03,6.112499999999999,2236
transactional_banking,E03,6.2875,1253
transactional_banking,E03,6.4625,618
transactional_banking,E03,6.637499999999999,260
transactional_banking,E03,6.8125,93
transactional_banking,E03,6.987499999999999,35
transactional_banking,E03,7.1625,9
transactional_banking,E03,7.3375,3
transactional_banking,E03,7.512499999999999,2
transactional_banking,E03,7.6875,0
transactional_banking,E03,7.862499999999999,0
transactional_banking,E03,8.0375,0
transactional_banking,E03,8.2125,0
transactional_banking,E03,8.3875,0
transactional_banking,E03,8.5625,0
transactional_banking,E03,8.737499999999999,0
transactional_banking,E03,8.9125,0
transactional_banking,E04,2.0875,0
transactional_banking,E04,2.2625,0
transactional_banking,E04,2.4375,0
transactional_banking,E04,2.6125,0
transactional_banking,E04,2.7875,0
transactional_banking,E04,2.9625,1
transactional_banking,E04,3.1374999999999997,3
transactional_banking,E04,3.3125,13
transactional_banking,E04,3.4875,73
transactional_banking,E04,3.6625,140
transactional_banking,E04,3.8375,400
transactional_banking,E04,4.012499999999999,745
transactional_banking,E04,4.1875,1188
transactional_banking,E04,4.3625,1753
transactional_banking,E04,4.5375,2165
transactional_banking,E04,4.7125,2742
transactional_banking,E04,4.887499999999999,2806
transactional_banking,E04,5.0625,2729
transactional_banking,E04,5.2375,2524
transactional_banking,E04,5.4125,2120
transactional_banking,E04,5.5875,1635
transactional_banking,E04,5.762499999999999,1186
transactional_banking,E04,5.9375,712
transactional_banking,E04,6.112499999999999,461
transactional_banking,E04,6.2875,214
transactional_banking,E04,6.4625,132
transactional_banking,E04,6.637499999999999,34
transactional_banking,E04,6.8125,23
transactional_banking,E04,6.987499999999999,4
transactional_banking,E04,7.1625,4
transactional_banking,E04,7.3375,1
transactional_banking,E04,7.512499999999999,0
transactional_banking,E04,7.6875,0
transactional_banking,E04,7.862499999999999,0
transactional_banking,E04,8.0375,0
transactional_banking,E04,8.2125,0
transactional_banking,E04,8.3875,0
transactional_banking,E04,8.5625,0
transactional_banking,E04,8.737499999999999,0
transactional_banking,E04,8.9125,0
transactional_banking,E05,2.0875,0
transactional_banking,E05,2.2625,0
transactional_banking,E05,2.4375,0
transactional_banking,E05,2.6125,0
transactional_banking,E05,2.7875,0
transactional_banking,E05,2.9625,1
transactional_banking,E05,3.1374999999999997,2
transactional_banking,E05,3.3125,12
transactional_banking,E05,3.4875,53
transactional_banking,E05,3.6625,148
transactional_banking,E05,3.8375,393
transactional_banking,E05,4.012499999999999,718
transactional_banking,E05,4.1875,1104
transactional_banking,E05,4.3625,1594
transactional_banking,E05,4.5375,2020
transactional_banking,E05,4.7125,2506
transactional_banking,E05,4.887499999999999,2649
transactional_banking,E05,5.0625,2526
transactional_banking,E05,5.2375,2302
transactional_banking,E05,5.4125,1899
transactional_banking,E05,5.5875,1468
transactional_banking,E05,5.762499999999999,981
transactional_banking,E05,5.9375,679
transactional_banking,E05,6.112499999999999,389
transactional_banking,E05,6.2875,170
transactional_banking,E05,6.4625,86
transactional_banking,E05,6.637499999999999,44
transactional_banking,E05,6.8125,11
transactional_banking,E05,6.987499999999999,3
transactional_banking,E05,7.1625,2
transactional_banking,E05,7.3375,0
transactional_banking,E05,7.512499999999999,0
transactional_banking,E05,7.6875,1
transactional_banking,E05,7.862499999999999,0
transactional_banking,E05,8.0375,0
transactional_banking,E05,8.2125,0
transactional_banking,E05,8.3875,0
transactional_banking,E05,8.5625,0
transactional_banking,E05,8.737499999999999,0
transactional_banking,E05,8.9125,0
transactional_banking,E06,2.0875,0
transactional_banking,E06,2.2625,0
transactional_banking,E06,2.4375,0
transactional_banking,E06,2.6125,0
transactional_banking,E06,2.7875,0
transactional_banking,E06,2.9625,0
transactional_banking,E06,3.1374999999999997,0
transactional_banking,E06,3.3125,2
transactional_banking,E06,3.4875,4
transactional_banking,E06,3.6625,5
transactional_banking,E06,3.8375,12
transactional_banking,E06,4.012499999999999,38
transactional_banking,E06,4.1875,53
transactional_banking,E06,4.3625,73
transactional_banking,E06,4.5375,105
transactional_banking,E06,4.7125,102
transactional_banking,E06,4.887499999999999,77
transactional_banking,E06,5.0625,87
transactional_banking,E06,5.2375,74
transactional_banking,E06,5.4125,61
transactional_banking,E06,5.5875,36
transactional_banking,E06,5.762499999999999,25
transactional_banking,E06,5.9375,19
transactional_banking,E06,6.112499999999999,14
transactional_banking,E06,6.2875,2
transactional_banking,E06,6.4625,4
transactional_banking,E06,6.637499999999999,1
transactional_banking,E06,6.8125,0
transactional_banking,E06,6.987499999999999,0
transactional_banking,E06,7.1625,0
transactional_banking,E06,7.3375,0
transactional_banking,E06,7.512499999999999,0
transactional_banking,E06,7.6875,0
transactional_banking,E06,7.862499999999999,0
transactional_banking,E06,8.0375,0
transactional_banking,E06,8.2125,0
transactional_banking,E06,8.3875,0
transactional_banking,E06,8.5625,0
transactional_banking,E06,8.737499999999999,0
transactional_banking,E06,8.9125,0
transactional_banking,E07,2.0875,0
transactional_banking,E07,2.2625,0
transactional_banking,E07,2.4375,0
transactional_banking,E07,2.6125,0
transactional_banking,E07,2.7875,2
transactional_banking,E07,2.9625,7
transactional_banking,E07,3.1374999999999997,40
transactional_banking,E07,3.3125,79
transactional_banking,E07,3.4875,212
transactional_banking,E07,3.6625,423
transactional_banking,E07,3.8375,840
transactional_banking,E07,4.012499999999999,1289
transactional_banking,E07,4.1875,1732
transactional_banking,E07,4.3625,2017
transactional_banking,E07,4.5375,1965
transactional_banking,E07,4.7125,1718
transactional_banking,E07,4.887499999999999,1370
transactional_banking,E07,5.0625,842
transactional_banking,E07,5.2375,566
transactional_banking,E07,5.4125,342
transactional_banking,E07,5.5875,163
transactional_banking,E07,5.762499999999999,85
transactional_banking,E07,5.9375,39
transactional_banking,E07,6.112499999999999,24
transactional_banking,E07,6.2875,9
transactional_banking,E07,6.4625,2
transactional_banking,E07,6.637499999999999,2
transactional_banking,E07,6.8125,2
transactional_banking,E07,6.987499999999999,1
transactional_banking,E07,7.1625,0
transactional_banking,E07,7.3375,0
transactional_banking,E07,7.512499999999999,0
transactional_banking,E07,7.6875,0
transactional_banking,E07,7.862499999999999,0
transactional_banking,E07,8.0375,0
transactional_banking,E07,8.2125,0
transactional_banking,E07,8.3875,0
transactional_banking,E07,8.5625,0
transactional_banking,E07,8.737499999999999,0
transactional_banking,E07,8.9125,0
transactional_banking,E08,2.0875,0
transactional_banking,E08,2.2625,2
transactional_banking,E08,2.4375,0
transactional_banking,E08,2.6125,7
transactional_banking,E08,2.7875,45
transactional_banking,E08,2.9625,137
transactional_banking,E08,3.1374999999999997,418
transactional_banking,E08,3.3125,1427
transactional_banking,E08,3.4875,3771
transactional_banking,E08,3.6625,9146
transactional_banking,E08,3.8375,19330
transactional_banking,E08,4.012499999999999,33309
transactional_banking,E08,4.1875,51196
transactional_banking,E08,4.3625,68215
transactional_banking,E08,4.5375,80162
transactional_banking,E08,4.7125,82992
transactional_banking,E08,4.887499999999999,75551
transactional_banking,E08,5.0625,61776
transactional_banking,E08,5.2375,45401
transactional_banking,E08,5.4125,30983
transactional_banking,E08,5.5875,19472
transactional_banking,E08,5.762499999999999,11739
transactional_banking,E08,5.9375,6820
transactional_banking,E08,6.112499999999999,3827
transactional_banking,E08,6.2875,1943
transactional_banking,E08,6.4625,933
transactional_banking,E08,6.637499999999999,400
transactional_banking,E08,6.8125,161
transactional_banking,E08,6.987499999999999,66
transactional_banking,E08,7.1625,25
transactional_banking,E08,7.3375,7
transactional_banking,E08,7.512499999999999,1
transactional_banking,E08,7.6875,0
transactional_banking,E08,7.862499999999999,0
transactional_banking,E08,8.0375,0
transactional_banking,E08,8.2125,0
transactional_banking,E08,8.3875,0
transactional_banking,E08,8.5625,0
transactional_banking,E08,8.737499999999999,0
transactional_banking,E08,8.9125,0
transactional_banking,E09,2.0875,0
transactional_banking,E09,2.2625,0
transactional_banking,E09,2.4375,0
transactional_banking,E09,2.6125,1
transactional_banking,E09,2.7875,10
transactional_banking,E09,2.9625,18
transactional_banking,E09,3.1374999999999997,77
transactional_banking,E09,3.3125,274
transactional_banking,E09,3.4875,698
transactional_banking,E09,3.6625,1951
transactional_banking,E09,3.8375,4409
transactional_banking,E09,4.012499999999999,8842
transactional_banking,E09,4.1875,14119
transactional_banking,E09,4.3625,19567
transactional_banking,E09,4.5375,24668
transactional_banking,E09,4.7125,27178
transactional_banking,E09,4.887499999999999,26280
transactional_banking,E09,5.0625,22725
transactional_banking,E09,5.2375,17790
transactional_banking,E09,5.4125,12903
transactional_banking,E09,5.5875,8533
transactional_banking,E09,5.762499999999999,5351
transactional_banking,E09,5.9375,3256
transactional_banking,E09,6.112499999999999,1832
transactional_banking,E09,6.2875,1039
transactional_banking,E09,6.4625,500
transactional_banking,E09,6.637499999999999,228
transactional_banking,E09,6.8125,79
transactional_banking,E09,6.987499999999999,42
transactional_banking,E09,7.1625,15
transactional_banking,E09,7.3375,4
transactional_banking,E09,7.512499999999999,0
transactional_banking,E09,7.6875,1
transactional_banking,E09,7.862499999999999,0
transactional_banking,E09,8.0375,0
transactional_banking,E09,8.2125,0
transactional_banking,E09,8.3875,0
transactional_banking,E09,8.5625,0
transactional_banking,E09,8.737499999999999,0
transactional_banking,E09,8.9125,0
transactional_banking,E10,2.0875,0
transactional_banking,E10,2.2625,0
transactional_banking,E10,2.4375,0
transactional_banking,E10,2.6125,3
transactional_banking,E10,2.7875,4
transactional_banking,E10,2.9625,25
transactional_banking,E10,3.1374999999999997,103
transactional_banking,E10,3.3125,306
transactional_banking,E10,3.4875,863
transactional_banking,E10,3.6625,2238
transactional_banking,E10,3.8375,5119
transactional_banking,E10,4.012499999999999,10049
transactional_banking,E10,4.1875,15629
transactional_banking,E10,4.3625,22060
transactional_banking,E10,4.5375,27100
transactional_banking,E10,4.7125,30009
transactional_banking,E10,4.887499999999999,29035
transactional_banking,E10,5.0625,24780
transactional_banking,E10,5.2375,19304
transactional_banking,E10,5.4125,13802
transactional_banking,E10,5.5875,9074
transactional_banking,E10,5.762499999999999,5708
transactional_banking,E10,5.9375,3443
transactional_banking,E10,6.112499999999999,1850
transactional_banking,E10,6.2875,1045
transactional_banking,E10,6.4625,514
transactional_banking,E10,6.637499999999999,219
transactional_banking,E10,6.8125,106
transactional_banking,E10,6.987499999999999,36
transactional_banking,E10,7.1625,18
transactional_banking,E10,7.3375,2
transactional_banking,E10,7.512499999999999,1
transactional_banking,E10,7.6875,0
transactional_banking,E10,7.862499999999999,0
transactional_banking,E10,8.0375,0
transactional_banking,E10,8.2125,0
transactional_banking,E10,8.3875,0
transactional_banking,E10,8.5625,0
transactional_banking,E10,8.737499999999999,0
transactional_banking,E10,8.9125,0
transactional_banking,E11,2.0875,0
transactional_banking,E11,2.2625,0
transactional_banking,E11,2.4375,6
transactional_banking,E11,2.6125,17
transactional_banking,E11,2.7875,78
transactional_banking,E11,2.9625,266
transactional_banking,E11,3.1374999999999997,871
transactional_banking,E11,3.3125,2670
transactional_banking,E11,3.4875,7249
transactional_banking,E11,3.6625,16425
transactional_banking,E11,3.8375,33460
transactional_banking,E11,4.012499999999999,57033
transactional_banking,E11,4.1875,84116
transactional_banking,E11,4.3625,109457
transactional_banking,E11,4.5375,124532
transactional_banking,E11,4.7125,125627
transactional_banking,E11,4.887499999999999,110922
transactional_banking,E11,5.0625,88403
transactional_banking,E11,5.2375,64264
transactional_banking,E11,5.4125,42616
transactional_banking,E11,5.5875,26920
transactional_banking,E11,5.762499999999999,16282
transactional_banking,E11,5.9375,9142
transactional_banking,E11,6.112499999999999,4881
transactional_banking,E11,6.2875,2619
transactional_banking,E11,6.4625,1208
transactional_banking,E11,6.637499999999999,515
transactional_banking,E11,6.8125,189
transactional_banking,E11,6.987499999999999,67
transactional_banking,E11,7.1625,24
transactional_banking,E11,7.3375,7
transactional_banking,E11,7.512499999999999,2
transactional_banking,E11,7.6875,1
transactional_banking,E11,7.862499999999999,0
transactional_banking,E11,8.0375,0
transactional_banking,E11,8.2125,0
transactional_banking,E11,8.3875,0
transactional_banking,E11,8.5625,0
transactional_banking,E11,8.737499999999999,0
transactional_banking,E11,8.9125,0
transactional_banking,E12,2.0875,0
transactional_banking,E12,2.2625,0
transactional_banking,E12,2.4375,0
transactional_banking,E12,2.6125,0
transactional_banking,E12,2.7875,0
transactional_banking,E12,2.9625,7
transactional_banking,E12,3.1374999999999997,15
transactional_banking,E12,3.3125,52
transactional_banking,E12,3.4875,118
transactional_banking,E12,3.6625,260
transactional_banking,E12,3.8375,452
transactional_banking,E12,4.012499999999999,746
transactional_banking,E12,4.1875,1027
transactional_banking,E12,4.3625,1300
transactional_banking,E12,4.5375,1339
transactional_banking,E12,4.7125,1203
transactional_banking,E12,4.887499999999999,961
transactional_banking,E12,5.0625,662
transactional_banking,E12,5.2375,429
transactional_banking,E12,5.4125,233
transactional_banking,E12,5.5875,123
transactional_banking,E12,5.762499999999999,59
transactional_banking,E12,5.9375,19
transactional_banking,E12,6.112499999999999,13
transactional_banking,E12,6.2875,3
transactional_banking,E12,6.4625,3
transactional_banking,E12,6.637499999999999,1
transactional_banking,E12,6.8125,0
transactional_banking,E12,6.987499999999999,1
transactional_banking,E12,7.1625,0
transactional_banking,E12,7.3375,0
transactional_banking,E12,7.512499999999999,0
transactional_banking,E12,7.6875,0
transactional_banking,E12,7.862499999999999,0
transactional_banking,E12,8.0375,0
transactional_banking,E12,8.2125,0
transactional_banking,E12,8.3875,0
transactional_banking,E12,8.5625,0
transactional_banking,E12,8.737499999999999,0
transactional_banking,E12,8.9125,0
transactional_banking,E13,2.0875,0
transactional_banking,E13,2.2625,0
transactional_banking,E13,2.4375,0
transactional_banking,E13,2.6125,0
transactional_banking,E13,2.7875,2
transactional_banking,E13,2.9625,4
transactional_banking,E13,3.1374999999999997,15
transactional_banking,E13,3.3125,34
transactional_banking,E13,3.4875,91
transactional_banking,E13,3.6625,159
transactional_banking,E13,3.8375,287
transactional_banking,E13,4.012499999999999,284
transactional_banking,E13,4.1875,377
transactional_banking,E13,4.3625,390
transactional_banking,E13,4.5375,363
transactional_banking,E13,4.7125,310
transactional_banking,E13,4.887499999999999,185
transactional_banking,E13,5.0625,149
transactional_banking,E13,5.2375,85
transactional_banking,E13,5.4125,30
transactional_banking,E13,5.5875,13
transactional_banking,E13,5.762499999999999,3
transactional_banking,E13,5.9375,4
transactional_banking,E13,6.112499999999999,3
transactional_banking,E13,6.2875,0
transactional_banking,E13,6.4625,0
transactional_banking,E13,6.637499999999999,0
transactional_banking,E13,6.8125,0
transactional_banking,E13,6.987499999999999,0
transactional_banking,E13,7.1625,0
transactional_banking,E13,7.3375,0
transactional_banking,E13,7.512499999999999,0
transactional_banking,E13,7.6875,0
transactional_banking,E13,7.862499999999999,0
transactional_banking,E13,8.0375,0
transactional_banking,E13,8.2125,0
transactional_banking,E13,8.3875,0
transactional_banking,E13,8.5625,0
transactional_banking,E13,8.737499999999999,0
transactional_banking,E13,8.9125,0
transactional_banking,E14,2.0875,0
transactional_banking,E14,2.2625,0
transactional_banking,E14,2.4375,0
transactional_banking,E14,2.6125,0
transactional_banking,E14,2.7875,6
transactional_banking,E14,2.9625,16
transactional_banking,E14,3.1374999999999997,40
transactional_banking,E14,3.3125,143
transactional_banking,E14,3.4875,315
transactional_banking,E14,3.6625,816
transactional_banking,E14,3.8375,1729
transactional_banking,E14,4.012499999999999,2894
transactional_banking,E14,4.1875,4393
transactional_banking,E14,4.3625,5688
transactional_banking,E14,4.5375,6456
transactional_banking,E14,4.7125,6662
transactional_banking,E14,4.887499999999999,6001
transactional_banking,E14,5.0625,4844
transactional_banking,E14,5.2375,3661
transactional_banking,E14,5.4125,2384
transactional_banking,E14,5.5875,1559
transactional_banking,E14,5.762499999999999,944
transactional_banking,E14,5.9375,585
transactional_banking,E14,6.112499999999999,299
transactional_banking,E14,6.2875,146
transactional_banking,E14,6.4625,71
transactional_banking,E14,6.637499999999999,29
transactional_banking,E14,6.8125,15
transactional_banking,E14,6.987499999999999,5
transactional_banking,E14,7.1625,2
transactional_banking,E14,7.3375,0
transactional_banking,E14,7.512499999999999,0
transactional_banking,E14,7.6875,0
transactional_banking,E14,7.862499999999999,0
transactional_banking,E14,8.0375,0
transactional_banking,E14,8.2125,0
transactional_banking,E14,8.3875,0
transactional_banking,E14,8.5625,0
transactional_banking,E14,8.737499999999999,0
transactional_banking,E14,8.9125,0
transactional_banking,E15,2.0875,0
transactional_banking,E15,2.2625,0
transactional_banking,E15,2.4375,0
transactional_banking,E15,2.6125,0
transactional_banking,E15,2.7875,3
transactional_banking,E15,2.9625,6
transactional_banking,E15,3.1374999999999997,27
transactional_banking,E15,3.3125,75
transactional_banking,E15,3.4875,198
transactional_banking,E15,3.6625,444
transactional_banking,E15,3.8375,1060
transactional_banking,E15,4.012499999999999,1770
transactional_banking,E15,4.1875,2703
transactional_banking,E15,4.3625,3623
transactional_banking,E15,4.5375,4243
transactional_banking,E15,4.7125,4319
transactional_banking,E15,4.887499999999999,4097
transactional_banking,E15,5.0625,3355
transactional_banking,E15,5.2375,2463
transactional_banking,E15,5.4125,1735
transactional_banking,E15,5.5875,1060
transactional_banking,E15,5.762499999999999,708
transactional_banking,E15,5.9375,415
transactional_banking,E15,6.112499999999999,181
transactional_banking,E15,6.2875,116
transactional_banking,E15,6.4625,65
transactional_banking,E15,6.637499999999999,25
transactional_banking,E15,6.8125,13
transactional_banking,E15,6.987499999999999,3
transactional_banking,E15,7.1625,0
transactional_banking,E15,7.3375,3
transactional_banking,E15,7.512499999999999,0
transactional_banking,E15,7.6875,0
transactional_banking,E15,7.862499999999999,0
transactional_banking,E15,8.0375,0
transactional_banking,E15,8.2125,0
transactional_banking,E15,8.3875,0
transactional_banking,E15,8.5625,0
transactional_banking,E15,8.737499999999999,0
transactional_banking,E15,8.9125,0
transactional_banking,E16,2.0875,0
transactional_banking,E16,2.2625,0
transactional_banking,E16,2.4375,0
transactional_banking,E16,2.6125,1
transactional_banking,E16,2.7875,4
transactional_banking,E16,2.9625,29
transactional_banking,E16,3.1374999999999997,94
transactional_banking,E16,3.3125,287
transactional_banking,E16,3.4875,878
transactional_banking,E16,3.6625,2232
transactional_banking,E16,3.8375,4952
transactional_banking,E16,4.012499999999999,9587
transactional_banking,E16,4.1875,14957
transactional_banking,E16,4.3625,20837
transactional_banking,E16,4.5375,25631
transactional_banking,E16,4.7125,28330
transactional_banking,E16,4.887499999999999,27321
transactional_banking,E16,5.0625,23454
transactional_banking,E16,5.2375,18054
transactional_banking,E16,5.4125,12867
transactional_banking,E16,5.5875,8688
transactional_banking,E16,5.762499999999999,5427
transactional_banking,E16,5.9375,3185
transactional_banking,E16,6.112499999999999,1778
transactional_banking,E16,6.2875,965
transactional_banking,E16,6.4625,503
transactional_banking,E16,6.637499999999999,205
transactional_banking,E16,6.8125,107
transactional_banking,E16,6.987499999999999,29
transactional_banking,E16,7.1625,20
transactional_banking,E16,7.3375,3
transactional_banking,E16,7.512499999999999,2
transactional_banking,E16,7.6875,0
transactional_banking,E16,7.862499999999999,0
transactional_banking,E16,8.0375,0
transactional_banking,E16,8.2125,0
transactional_banking,E16,8.3875,0
transactional_banking,E16,8.5625,0
transactional_banking,E16,8.737499999999999,0
transactional_banking,E16,8.9125,0
transactional_banking,E17,2.0875,0
transactional_banking,E17,2.2625,0
transactional_banking,E17,2.4375,0
transactional_banking,E17,2.6125,0
transactional_banking,E17,2.7875,0
transactional_banking,E17,2.9625,2
transactional_banking,E17,3.1374999999999997,6
transactional_banking,E17,3.3125,15
transactional_banking,E17,3.4875,46
transactional_banking,E17,3.6625,134
transactional_banking,E17,3.8375,262
transactional_banking,E17,4.012499999999999,437
transactional_banking,E17,4.1875,722
transactional_banking,E17,4.3625,949
transactional_banking,E17,4.5375,1119
transactional_banking,E17,4.7125,1173
transactional_banking,E17,4.887499999999999,1020
transactional_banking,E17,5.0625,785
transactional_banking,E17,5.2375,531
transactional_banking,E17,5.4125,298
transactional_banking,E17,5.5875,166
transactional_banking,E17,5.762499999999999,92
transactional_banking,E17,5.9375,44
transactional_banking,E17,6.112499999999999,22
transactional_banking,E17,6.2875,14
transactional_banking,E17,6.4625,6
transactional_banking,E17,6.637499999999999,3
transactional_banking,E17,6.8125,3
transactional_banking,E17,6.987499999999999,0
transactional_banking,E17,7.1625,0
transactional_banking,E17,7.3375,0
transactional_banking,E17,7.512499999999999,0
transactional_banking,E17,7.6875,0
transactional_banking,E17,7.862499999999999,0
transactional_banking,E17,8.0375,0
transactional_banking,E17,8.2125,0
transactional_banking,E17,8.3875,0
transactional_banking,E17,8.5625,0
transactional_banking,E17,8.737499999999999,0
transactional_banking,E17,8.9125,0
transactional_banking,E18,2.0875,0
transactional_banking,E18,2.2625,0
transactional_banking,E18,2.4375,0
transactional_banking,E18,2.6125,2
transactional_banking,E18,2.7875,5
transactional_banking,E18,2.9625,24
transactional_banking,E18,3.1374999999999997,79
transactional_banking,E18,3.3125,227
transactional_banking,E18,3.4875,676
transactional_banking,E18,3.6625,1556
transactional_banking,E18,3.8375,3511
transactional_banking,E18,4.012499999999999,6053
transactional_banking,E18,4.1875,8945
transactional_banking,E18,4.3625,12019
transactional_banking,E18,4.5375,13992
transactional_banking,E18,4.7125,14362
transactional_banking,E18,4.887499999999999,13251
transactional_banking,E18,5.0625,10743
transactional_banking,E18,5.2375,8113
transactional_banking,E18,5.4125,5531
transactional_banking,E18,5.5875,3659
transactional_banking,E18,5.762499999999999,2190
transactional_banking,E18,5.9375,1334
transactional_banking,E18,6.112499999999999,691
transactional_banking,E18,6.2875,374
transactional_banking,E18,6.4625,182
transactional_banking,E18,6.637499999999999,77
transactional_banking,E18,6.8125,25
transactional_banking,E18,6.987499999999999,9
transactional_banking,E18,7.1625,1
transactional_banking,E18,7.3375,3
transactional_banking,E18,7.512499999999999,0
transactional_banking,E18,7.6875,0
transactional_banking,E18,7.862499999999999,0
transactional_banking,E18,8.0375,0
transactional_banking,E18,8.2125,0
transactional_banking,E18,8.3875,0
transactional_banking,E18,8.5625,0
transactional_banking,E18,8.737499999999999,0
transactional_banking,E18,8.9125,0
transactional_banking,E19,2.0875,0
transactional_banking,E19,2.2625,0
transactional_banking,E19,2.4375,1
transactional_banking,E19,2.6125,5
transactional_banking,E19,2.7875,13
transactional_banking,E19,2.9625,60
transactional_banking,E19,3.1374999999999997,208
transactional_banking,E19,3.3125,502
transactional_banking,E19,3.4875,1275
transactional_banking,E19,3.6625,3003
transactional_banking,E19,3.8375,5468
transactional_banking,E19,4.012499999999999,8317
transactional_banking,E19,4.1875,11212
transactional_banking,E19,4.3625,13527
transactional_banking,E19,4.5375,14354
transactional_banking,E19,4.7125,13637
transactional_banking,E19,4.887499999999999,11381
transactional_banking,E19,5.0625,8506
transactional_banking,E19,5.2375,5882
transactional_banking,E19,5.4125,3892
transactional_banking,E19,5.5875,2371
transactional_banking,E19,5.762499999999999,1466
transactional_banking,E19,5.9375,797
transactional_banking,E19,6.112499999999999,408
transactional_banking,E19,6.2875,207
transactional_banking,E19,6.4625,85
transactional_banking,E19,6.637499999999999,47
transactional_banking,E19,6.8125,19
transactional_banking,E19,6.987499999999999,5
transactional_banking,E19,7.1625,3
transactional_banking,E19,7.3375,0
transactional_banking,E19,7.512499999999999,0
transactional_banking,E19,7.6875,0
transactional_banking,E19,7.862499999999999,0
transactional_banking,E19,8.0375,0
transactional_banking,E19,8.2125,0
transactional_banking,E19,8.3875,0
transactional_banking,E19,8.5625,0
transactional_banking,E19,8.737499999999999,0
transactional_banking,E19,8.9125,0
transactional_banking,E20,2.0875,0
transactional_banking,E20,2.2625,0
transactional_banking,E20,2.4375,0
transactional_banking,E20,2.6125,0
transactional_banking,E20,2.7875,0
transactional_banking,E20,2.9625,6
transactional_banking,E20,3.1374999999999997,12
transactional_banking,E20,3.3125,28
transactional_banking,E20,3.4875,68
transactional_banking,E20,3.6625,123
transactional_banking,E20,3.8375,154
transactional_banking,E20,4.012499999999999,224
transactional_banking,E20,4.1875,217
transactional_banking,E20,4.3625,196
transactional_banking,E20,4.5375,143
transactional_banking,E20,4.7125,128
transactional_banking,E20,4.887499999999999,70
transactional_banking,E20,5.0625,27
transactional_banking,E20,5.2375,8
transactional_banking,E20,5.4125,11
transactional_banking,E20,5.5875,3
transactional_banking,E20,5.762499999999999,0
transactional_banking,E20,5.9375,0
transactional_banking,E20,6.112499999999999,0
transactional_banking,E20,6.2875,0
transactional_banking,E20,6.4625,0
transactional_banking,E20,6.637499999999999,0
transactional_banking,E20,6.8125,0
transactional_banking,E20,6.987499999999999,0
transactional_banking,E20,7.1625,0
transactional_banking,E20,7.3375,0
transactional_banking,E20,7.512499999999999,0
transactional_banking,E20,7.6875,0
transactional_banking,E20,7.862499999999999,0
transactional_banking,E20,8.0375,0
transactional_banking,E20,8.2125,0
transactional_banking,E20,8.3875,0
transactional_banking,E20,8.5625,0
transactional_banking,E20,8.737499999999999,0
transactional_banking,E20,8.9125,0
trade_finance,E01,2.0875,0
trade_finance,E01,2.2625,0
trade_finance,E01,2.4375,0
trade_finance,E01,2.6125,0
trade_finance,E01,2.7875,0
trade_finance,E01,2.9625,0
trade_finance,E01,3.1374999999999997,0
trade_finance,E01,3.3125,0
trade_finance,E01,3.4875,0
trade_finance,E01,3.6625,0
trade_finance,E01,3.8375,0
trade_finance,E01,4.012499999999999,0
trade_finance,E01,4.1875,0
trade_finance,E01,4.3625,0
trade_finance,E01,4.5375,0
trade_finance,E01,4.7125,2
trade_finance,E01,4.887499999999999,3
trade_finance,E01,5.0625,12
trade_finance,E01,5.2375,33
trade_finance,E01,5.4125,55
trade_finance,E01,5.5875,89
trade_finance,E01,5.762499999999999,129
trade_finance,E01,5.9375,156
trade_finance,E01,6.112499999999999,169
trade_finance,E01,6.2875,184
trade_finance,E01,6.4625,160
trade_finance,E01,6.637499999999999,120
trade_finance,E01,6.8125,94
trade_finance,E01,6.987499999999999,47
trade_finance,E01,7.1625,26
trade_finance,E01,7.3375,21
trade_finance,E01,7.512499999999999,6
trade_finance,E01,7.6875,1
trade_finance,E01,7.862499999999999,0
trade_finance,E01,8.0375,0
trade_finance,E01,8.2125,0
trade_finance,E01,8.3875,0
trade_finance,E01,8.5625,0
trade_finance,E01,8.737499999999999,0
trade_finance,E01,8.9125,0
trade_finance,E02,2.0875,0
trade_finance,E02,2.2625,0
trade_finance,E02,2.4375,0
trade_finance,E02,2.6125,0
trade_finance,E02,2.7875,0
trade_finance,E02,2.9625,0
trade_finance,E02,3.1374999999999997,0
trade_finance,E02,3.3125,0
trade_finance,E02,3.4875,0
trade_finance,E02,3.6625,0
trade_finance,E02,3.8375,0
trade_finance,E02,4.012499999999999,0
trade_finance,E02,4.1875,0
trade_finance,E02,4.3625,0
trade_finance,E02,4.5375,0
trade_finance,E02,4.7125,1
trade_finance,E02,4.887499999999999,0
trade_finance,E02,5.0625,5
trade_finance,E02,5.2375,10
trade_finance,E02,5.4125,12
trade_finance,E02,5.5875,29
trade_finance,E02,5.762499999999999,44
trade_finance,E02,5.9375,91
trade_finance,E02,6.112499999999999,96
trade_finance,E02,6.2875,91
trade_finance,E02,6.4625,103
trade_finance,E02,6.637499999999999,81
trade_finance,E02,6.8125,67
trade_finance,E02,6.987499999999999,52
trade_finance,E02,7.1625,29
trade_finance,E02,7.3375,19
trade_finance,E02,7.512499999999999,5
trade_finance,E02,7.6875,1
trade_finance,E02,7.862499999999999,1
trade_finance,E02,8.0375,0
trade_finance,E02,8.2125,0
trade_finance,E02,8.3875,0
trade_finance,E02,8.5625,0
trade_finance,E02,8.737499999999999,0
trade_finance,E02,8.9125,0
trade_finance,E03,2.0875,0
trade_finance,E03,2.2625,0
trade_finance,E03,2.4375,0
trade_finance,E03,2.6125,0
trade_finance,E03,2.7875,0
trade_finance,E03,2.9625,0
trade_finance,E03,3.1374999999999997,0
trade_finance,E03,3.3125,0
trade_finance,E03,3.4875,0
trade_finance,E03,3.6625,0
trade_finance,E03,3.8375,0
trade_finance,E03,4.012499999999999,0
trade_finance,E03,4.1875,0
trade_finance,E03,4.3625,0
trade_finance,E03,4.5375,1
trade_finance,E03,4.7125,1
trade_finance,E03,4.887499999999999,11
trade_finance,E03,5.0625,21
trade_finance,E03,5.2375,48
trade_finance,E03,5.4125,49
trade_finance,E03,5.5875,95
trade_finance,E03,5.762499999999999,116
trade_finance,E03,5.9375,148
trade_finance,E03,6.112499999999999,142
trade_finance,E03,6.2875,135
trade_finance,E03,6.4625,116
trade_finance,E03,6.637499999999999,83
trade_finance,E03,6.8125,45
trade_finance,E03,6.987499999999999,24
trade_finance,E03,7.1625,17
trade_finance,E03,7.3375,5
trade_finance,E03,7.512499999999999,1
trade_finance,E03,7.6875,1
trade_finance,E03,7.862499999999999,0
trade_finance,E03,8.0375,0
trade_finance,E03,8.2125,0
trade_finance,E03,8.3875,0
trade_finance,E03,8.5625,0
trade_finance,E03,8.737499999999999,0
trade_finance,E03,8.9125,0
trade_finance,E04,2.0875,0
trade_finance,E04,2.2625,0
trade_finance,E04,2.4375,0
trade_finance,E04,2.6125,0
trade_finance,E04,2.7875,0
trade_finance,E04,2.9625,0
trade_finance,E04,3.1374999999999997,0
trade_finance,E04,3.3125,0
trade_finance,E04,3.4875,0
trade_finance,E04,3.6625,0
trade_finance,E04,3.8375,0
trade_finance,E04,4.012499999999999,0
trade_finance,E04,4.1875,0
trade_finance,E04,4.3625,1
trade_finance,E04,4.5375,4
trade_finance,E04,4.7125,7
trade_finance,E04,4.887499999999999,7
trade_finance,E04,5.0625,12
trade_finance,E04,5.2375,38
trade_finance,E04,5.4125,77
trade_finance,E04,5.5875,95
trade_finance,E04,5.762499999999999,112
trade_finance,E04,5.9375,122
trade_finance,E04,6.112499999999999,113
trade_finance,E04,6.2875,105
trade_finance,E04,6.4625,71
trade_finance,E04,6.637499999999999,51
trade_finance,E04,6.8125,29
trade_finance,E04,6.987499999999999,12
trade_finance,E04,7.1625,5
trade_finance,E04,7.3375,1
trade_finance,E04,7.512499999999999,0
trade_finance,E04,7.6875,0
trade_finance,E04,7.862499999999999,0
trade_finance,E04,8.0375,0
trade_finance,E04,8.2125,0
trade_finance,E04,8.3875,0
trade_finance,E04,8.5625,0
trade_finance,E04,8.737499999999999,0
trade_finance,E04,8.9125,0
trade_finance,E05,2.0875,0
trade_finance,E05,2.2625,0
trade_finance,E05,2.4375,0
trade_finance,E05,2.6125,0
trade_finance,E05,2.7875,0
trade_finance,E05,2.9625,0
trade_finance,E05,3.1374999999999997,0
trade_finance,E05,3.3125,0
trade_finance,E05,3.4875,0
trade_finance,E05,3.6625,0
trade_finance,E05,3.8375,0
trade_finance,E05,4.012499999999999,0
trade_finance,E05,4.1875,2
trade_finance,E05,4.3625,1
trade_finance,E05,4.5375,1
trade_finance,E05,4.7125,1
trade_finance,E05,4.887499999999999,12
trade_finance,E05,5.0625,34
trade_finance,E05,5.2375,58
trade_finance,E05,5.4125,71
trade_finance,E05,5.5875,95
trade_finance,E05,5.762499999999999,111
trade_finance,E05,5.9375,131
trade_finance,E05,6.112499999999999,116
trade_finance,E05,6.2875,103
trade_finance,E05,6.4625,74
trade_finance,E05,6.637499999999999,59
trade_finance,E05,6.8125,27
trade_finance,E05,6.987499999999999,21
trade_finance,E05,7.1625,8
trade_finance,E05,7.3375,4
trade_finance,E05,7.512499999999999,2
trade_finance,E05,7.6875,0
trade_finance,E05,7.862499999999999,0
trade_finance,E05,8.0375,0
trade_finance,E05,8.2125,0
trade_finance,E05,8.3875,0
trade_finance,E05,8.5625,0
trade_finance,E05,8.737499999999999,0
trade_finance,E05,8.9125,0
trade_finance,E06,2.0875,0
trade_finance,E06,2.2625,0
trade_finance,E06,2.4375,0
trade_finance,E06,2.6125,0
trade_finance,E06,2.7875,0
trade_finance,E06,2.9625,0
trade_finance,E06,3.1374999999999997,0
trade_finance,E06,3.3125,0
trade_finance,E06,3.4875,0
trade_finance,E06,3.6625,0
trade_finance,E06,3.8375,0
trade_finance,E06,4.012499999999999,0
trade_finance,E06,4.1875,0
trade_finance,E06,4.3625,1
trade_finance,E06,4.5375,0
trade_finance,E06,4.7125,0
trade_finance,E06,4.887499999999999,7
trade_finance,E06,5.0625,6
trade_finance,E06,5.2375,8
trade_finance,E06,5.4125,16
trade_finance,E06,5.5875,17
trade_finance,E06,5.762499999999999,31
trade_finance,E06,5.9375,28
trade_finance,E06,6.112499999999999,27
trade_finance,E06,6.2875,17
trade_finance,E06,6.4625,18
trade_finance,E06,6.637499999999999,16
trade_finance,E06,6.8125,6
trade_finance,E06,6.987499999999999,5
trade_finance,E06,7.1625,1
trade_finance,E06,7.3375,0
trade_finance,E06,7.512499999999999,0
trade_finance,E06,7.6875,0
trade_finance,E06,7.862499999999999,0
trade_finance,E06,8.0375,0
trade_finance,E06,8.2125,0
trade_finance,E06,8.3875,0
trade_finance,E06,8.5625,0
trade_finance,E06,8.737499999999999,0
trade_finance,E06,8.9125,0
trade_finance,E07,2.0875,0
trade_finance,E07,2.2625,0
trade_finance,E07,2.4375,0
trade_finance,E07,2.6125,0
trade_finance,E07,2.7875,0
trade_finance,E07,2.9625,0
trade_finance,E07,3.1374999999999997,0
trade_finance,E07,3.3125,0
trade_finance,E07,3.4875,0
trade_finance,E07,3.6625,0
trade_finance,E07,3.8375,0
trade_finance,E07,4.012499999999999,1
trade_finance,E07,4.1875,0
trade_finance,E07,4.3625,1
trade_finance,E07,4.5375,1
trade_finance,E07,4.7125,1
trade_finance,E07,4.887499999999999,2
trade_finance,E07,5.0625,11
trade_finance,E07,5.2375,19
trade_finance,E07,5.4125,17
trade_finance,E07,5.5875,30
trade_finance,E07,5.762499999999999,32
trade_finance,E07,5.9375,22
trade_finance,E07,6.112499999999999,20
trade_finance,E07,6.2875,13
trade_finance,E07,6.4625,14
trade_finance,E07,6.637499999999999,3
trade_finance,E07,6.8125,3
trade_finance,E07,6.987499999999999,0
trade_finance,E07,7.1625,0
trade_finance,E07,7.3375,1
trade_finance,E07,7.512499999999999,0
trade_finance,E07,7.6875,0
trade_finance,E07,7.862499999999999,0
trade_finance,E07,8.0375,0
trade_finance,E07,8.2125,0
trade_finance,E07,8.3875,0
trade_finance,E07,8.5625,0
trade_finance,E07,8.737499999999999,0
trade_finance,E07,8.9125,0
trade_finance,E08,2.0875,0
trade_finance,E08,2.2625,0
trade_finance,E08,2.4375,0
trade_finance,E08,2.6125,0
trade_finance,E08,2.7875,0
trade_finance,E08,2.9625,0
trade_finance,E08,3.1374999999999997,0
trade_finance,E08,3.3125,0
trade_finance,E08,3.4875,0
trade_finance,E08,3.6625,0
trade_finance,E08,3.8375,0
trade_finance,E08,4.012499999999999,0
trade_finance,E08,4.1875,0
trade_finance,E08,4.3625,1
trade_finance,E08,4.5375,2
trade_finance,E08,4.7125,2
trade_finance,E08,4.887499999999999,8
trade_finance,E08,5.0625,16
trade_finance,E08,5.2375,19
trade_finance,E08,5.4125,23
trade_finance,E08,5.5875,35
trade_finance,E08,5.762499999999999,52
trade_finance,E08,5.9375,44
trade_finance,E08,6.112499999999999,51
trade_finance,E08,6.2875,42
trade_finance,E08,6.4625,25
trade_finance,E08,6.637499999999999,16
trade_finance,E08,6.8125,17
trade_finance,E08,6.987499999999999,6
trade_finance,E08,7.1625,3
trade_finance,E08,7.3375,0
trade_finance,E08,7.512499999999999,0
trade_finance,E08,7.6875,0
trade_finance,E08,7.862499999999999,0
trade_finance,E08,8.0375,0
trade_finance,E08,8.2125,0
trade_finance,E08,8.3875,0
trade_finance,E08,8.5625,0
trade_finance,E08,8.737499999999999,0
trade_finance,E08,8.9125,0
trade_finance,E09,2.0875,0
trade_finance,E09,2.2625,0
trade_finance,E09,2.4375,0
trade_finance,E09,2.6125,0
trade_finance,E09,2.7875,0
trade_finance,E09,2.9625,0
trade_finance,E09,3.1374999999999997,0
trade_finance,E09,3.3125,0
trade_finance,E09,3.4875,0
trade_finance,E09,3.6625,0
trade_finance,E09,3.8375,0
trade_finance,E09,4.012499999999999,0
trade_finance,E09,4.1875,0
trade_finance,E09,4.3625,1
trade_finance,E09,4.5375,3
trade_finance,E09,4.7125,5
trade_finance,E09,4.887499999999999,24
trade_finance,E09,5.0625,59
trade_finance,E09,5.2375,92
trade_finance,E09,5.4125,117
trade_finance,E09,5.5875,181
trade_finance,E09,5.762499999999999,245
trade_finance,E09,5.9375,300
trade_finance,E09,6.112499999999999,291
trade_finance,E09,6.2875,270
trade_finance,E09,6.4625,193
trade_finance,E09,6.637499999999999,149
trade_finance,E09,6.8125,85
trade_finance,E09,6.987499999999999,41
trade_finance,E09,7.1625,29
trade_finance,E09,7.3375,13
trade_finance,E09,7.512499999999999,0
trade_finance,E09,7.6875,0
trade_finance,E09,7.862499999999999,0
trade_finance,E09,8.0375,0
trade_finance,E09,8.2125,0
trade_finance,E09,8.3875,0
trade_finance,E09,8.5625,0
trade_finance,E09,8.737499999999999,0
trade_finance,E09,8.9125,0
trade_finance,E10,2.0875,0
trade_finance,E10,2.2625,0
trade_finance,E10,2.4375,0
trade_finance,E10,2.6125,0
trade_finance,E10,2.7875,0
trade_finance,E10,2.9625,0
trade_finance,E10,3.1374999999999997,0
trade_finance,E10,3.3125,0
trade_finance,E10,3.4875,0
trade_finance,E10,3.6625,0
trade_finance,E10,3.8375,0
trade_finance,E10,4.012499999999999,0
trade_finance,E10,4.1875,0
trade_finance,E10,4.3625,0
trade_finance,E10,4.5375,4
trade_finance,E10,4.7125,11
trade_finance,E10,4.887499999999999,31
trade_finance,E10,5.0625,64
trade_finance,E10,5.2375,114
trade_finance,E10,5.4125,186
trade_finance,E10,5.5875,251
trade_finance,E10,5.762499999999999,362
trade_finance,E10,5.9375,365
trade_finance,E10,6.112499999999999,404
trade_finance,E10,6.2875,330
trade_finance,E10,6.4625,258
trade_finance,E10,6.637499999999999,165
trade_finance,E10,6.8125,105
trade_finance,E10,6.987499999999999,62
trade_finance,E10,7.1625,23
trade_finance,E10,7.3375,12
trade_finance,E10,7.512499999999999,2
trade_finance,E10,7.6875,0
trade_finance,E10,7.862499999999999,1
trade_finance,E10,8.0375,0
trade_finance,E10,8.2125,1
trade_finance,E10,8.3875,0
trade_finance,E10,8.5625,0
trade_finance,E10,8.737499999999999,0
trade_finance,E10,8.9125,0
trade_finance,E11,2.0875,0
trade_finance,E11,2.2625,0
trade_finance,E11,2.4375,0
trade_finance,E11,2.6125,0
trade_finance,E11,2.7875,0
trade_finance,E11,2.9625,0
trade_finance,E11,3.1374999999999997,0
trade_finance,E11,3.3125,0
trade_finance,E11,3.4875,0
trade_finance,E11,3.6625,0
trade_finance,E11,3.8375,0
trade_finance,E11,4.012499999999999,0
trade_finance,E11,4.1875,2
trade_finance,E11,4.3625,6
trade_finance,E11,4.5375,12
trade_finance,E11,4.7125,32
trade_finance,E11,4.887499999999999,62
trade_finance,E11,5.0625,113
trade_finance,E11,5.2375,174
trade_finance,E11,5.4125,301
trade_finance,E11,5.5875,370
trade_finance,E11,5.762499999999999,420
trade_finance,E11,5.9375,451
trade_finance,E11,6.112499999999999,383
trade_finance,E11,6.2875,327
trade_finance,E11,6.4625,219
trade_finance,E11,6.637499999999999,144
trade_finance,E11,6.8125,73
trade_finance,E11,6.987499999999999,38
trade_finance,E11,7.1625,19
trade_finance,E11,7.3375,5
trade_finance,E11,7.512499999999999,0
trade_finance,E11,7.6875,0
trade_finance,E11,7.862499999999999,0
trade_finance,E11,8.0375,0
trade_finance,E11,8.2125,0
trade_finance,E11,8.3875,0
trade_finance,E11,8.5625,0
trade_finance,E11,8.737499999999999,0
trade_finance,E11,8.9125,0
trade_finance,E12,2.0875,0
trade_finance,E12,2.2625,0
trade_finance,E12,2.4375,0
trade_finance,E12,2.6125,0
trade_finance,E12,2.7875,0
trade_finance,E12,2.9625,0
trade_finance,E12,3.1374999999999997,0
trade_finance,E12,3.3125,0
trade_finance,E12,3.4875,0
trade_finance,E12,3.6625,0
trade_finance,E12,3.8375,0
trade_finance,E12,4.012499999999999,0
trade_finance,E12,4.1875,0
trade_finance,E12,4.3625,0
trade_finance,E12,4.5375,3
trade_finance,E12,4.7125,1
trade_finance,E12,4.887499999999999,3
trade_finance,E12,5.0625,14
trade_finance,E12,5.2375,14
trade_finance,E12,5.4125,20
trade_finance,E12,5.5875,29
trade_finance,E12,5.762499999999999,28
trade_finance,E12,5.9375,25
trade_finance,E12,6.112499999999999,18
trade_finance,E12,6.2875,20
trade_finance,E12,6.4625,13
trade_finance,E12,6.637499999999999,7
trade_finance,E12,6.8125,5
trade_finance,E12,6.987499999999999,0
trade_finance,E12,7.1625,1
trade_finance,E12,7.3375,0
trade_finance,E12,7.512499999999999,0
trade_finance,E12,7.6875,0
trade_finance,E12,7.862499999999999,0
trade_finance,E12,8.0375,0
trade_finance,E12,8.2125,0
trade_finance,E12,8.3875,0
trade_finance,E12,8.5625,0
trade_finance,E12,8.737499999999999,0
trade_finance,E12,8.9125,0
trade_finance,E13,2.0875,0
trade_finance,E13,2.2625,0
trade_finance,E13,2.4375,0
trade_finance,E13,2.6125,0
trade_finance,E13,2.7875,0
trade_finance,E13,2.9625,0
trade_finance,E13,3.1374999999999997,0
trade_finance,E13,3.3125,0
trade_finance,E13,3.4875,0
trade_finance,E13,3.6625,0
trade_finance,E13,3.8375,0
trade_finance,E13,4.012499999999999,0
trade_finance,E13,4.1875,0
trade_finance,E13,4.3625,0
trade_finance,E13,4.5375,0
trade_finance,E13,4.7125,1
trade_finance,E13,4.887499999999999,1
trade_finance,E13,5.0625,0
trade_finance,E13,5.2375,1
trade_finance,E13,5.4125,6
trade_finance,E13,5.5875,7
trade_finance,E13,5.762499999999999,2
trade_finance,E13,5.9375,1
trade_finance,E13,6.112499999999999,1
trade_finance,E13,6.2875,0
trade_finance,E13,6.4625,0
trade_finance,E13,6.637499999999999,0
trade_finance,E13,6.8125,0
trade_finance,E13,6.987499999999999,0
trade_finance,E13,7.1625,0
trade_finance,E13,7.3375,0
trade_finance,E13,7.512499999999999,0
trade_finance,E13,7.6875,0
trade_finance,E13,7.862499999999999,0
trade_finance,E13,8.0375,0
trade_finance,E13,8.2125,0
trade_finance,E13,8.3875,0
trade_finance,E13,8.5625,0
trade_finance,E13,8.737499999999999,0
trade_finance,E13,8.9125,0
trade_finance,E14,2.0875,0
trade_finance,E14,2.2625,0
trade_finance,E14,2.4375,0
trade_finance,E14,2.6125,0
trade_finance,E14,2.7875,0
trade_finance,E14,2.9625,0
trade_finance,E14,3.1374999999999997,0
trade_finance,E14,3.3125,0
trade_finance,E14,3.4875,0
trade_finance,E14,3.6625,0
trade_finance,E14,3.8375,0
trade_finance,E14,4.012499999999999,0
trade_finance,E14,4.1875,0
trade_finance,E14,4.3625,0
trade_finance,E14,4.5375,0
trade_finance,E14,4.7125,2
trade_finance,E14,4.887499999999999,2
trade_finance,E14,5.0625,1
trade_finance,E14,5.2375,1
trade_finance,E14,5.4125,4
trade_finance,E14,5.5875,7
trade_finance,E14,5.762499999999999,3
trade_finance,E14,5.9375,3
trade_finance,E14,6.112499999999999,3
trade_finance,E14,6.2875,2
trade_finance,E14,6.4625,2
trade_finance,E14,6.637499999999999,1
trade_finance,E14,6.8125,4
trade_finance,E14,6.987499999999999,2
trade_finance,E14,7.1625,0
trade_finance,E14,7.3375,0
trade_finance,E14,7.512499999999999,1
trade_finance,E14,7.6875,0
trade_finance,E14,7.862499999999999,0
trade_finance,E14,8.0375,0
trade_finance,E14,8.2125,0
trade_finance,E14,8.3875,0
trade_finance,E14,8.5625,0
trade_finance,E14,8.737499999999999,0
trade_finance,E14,8.9125,0
trade_finance,E15,2.0875,0
trade_finance,E15,2.2625,0
trade_finance,E15,2.4375,0
trade_finance,E15,2.6125,0
trade_finance,E15,2.7875,0
trade_finance,E15,2.9625,0
trade_finance,E15,3.1374999999999997,0
trade_finance,E15,3.3125,0
trade_finance,E15,3.4875,0
trade_finance,E15,3.6625,0
trade_finance,E15,3.8375,0
trade_finance,E15,4.012499999999999,0
trade_finance,E15,4.1875,0
trade_finance,E15,4.3625,0
trade_finance,E15,4.5375,0
trade_finance,E15,4.7125,0
trade_finance,E15,4.887499999999999,2
trade_finance,E15,5.0625,4
trade_finance,E15,5.2375,5
trade_finance,E15,5.4125,6
trade_finance,E15,5.5875,7
trade_finance,E15,5.762499999999999,19
trade_finance,E15,5.9375,9
trade_finance,E15,6.112499999999999,13
trade_finance,E15,6.2875,8
trade_finance,E15,6.4625,6
trade_finance,E15,6.637499999999999,4
trade_finance,E15,6.8125,3
trade_finance,E15,6.987499999999999,1
trade_finance,E15,7.1625,1
trade_finance,E15,7.3375,0
trade_finance,E15,7.512499999999999,0
trade_finance,E15,7.6875,0
trade_finance,E15,7.862499999999999,0
trade_finance,E15,8.0375,0
trade_finance,E15,8.2125,0
trade_finance,E15,8.3875,0
trade_finance,E15,8.5625,0
trade_finance,E15,8.737499999999999,0
trade_finance,E15,8.9125,0
trade_finance,E16,2.0875,0
trade_finance,E16,2.2625,0
trade_finance,E16,2.4375,0
trade_finance,E16,2.6125,0
trade_finance,E16,2.7875,0
trade_finance,E16,2.9625,0
trade_finance,E16,3.1374999999999997,0
trade_finance,E16,3.3125,0
trade_finance,E16,3.4875,0
trade_finance,E16,3.6625,0
trade_finance,E16,3.8375,0
trade_finance,E16,4.012499999999999,0
trade_finance,E16,4.1875,0
trade_finance,E16,4.3625,3
trade_finance,E16,4.5375,3
trade_finance,E16,4.7125,9
trade_finance,E16,4.887499999999999,27
trade_finance,E16,5.0625,51
trade_finance,E16,5.2375,102
trade_finance,E16,5.4125,167
trade_finance,E16,5.5875,250
trade_finance,E16,5.762499999999999,342
trade_finance,E16,5.9375,338
trade_finance,E16,6.112499999999999,309
trade_finance,E16,6.2875,310
trade_finance,E16,6.4625,226
trade_finance,E16,6.637499999999999,115
trade_finance,E16,6.8125,83
trade_finance,E16,6.987499999999999,47
trade_finance,E16,7.1625,17
trade_finance,E16,7.3375,7
trade_finance,E16,7.512499999999999,6
trade_finance,E16,7.6875,1
trade_finance,E16,7.862499999999999,0
trade_finance,E16,8.0375,0
trade_finance,E16,8.2125,0
trade_finance,E16,8.3875,0
trade_finance,E16,8.5625,0
trade_finance,E16,8.737499999999999,0
trade_finance,E16,8.9125,0
trade_finance,E17,2.0875,0
trade_finance,E17,2.2625,0
trade_finance,E17,2.4375,0
trade_finance,E17,2.6125,0
trade_finance,E17,2.7875,0
trade_finance,E17,2.9625,0
trade_finance,E17,3.1374999999999997,0
trade_finance,E17,3.3125,0
trade_finance,E17,3.4875,0
trade_finance,E17,3.6625,0
trade_finance,E17,3.8375,0
trade_finance,E17,4.012499999999999,0
trade_finance,E17,4.1875,0
trade_finance,E17,4.3625,1
trade_finance,E17,4.5375,0
trade_finance,E17,4.7125,2
trade_finance,E17,4.887499999999999,4
trade_finance,E17,5.0625,12
trade_finance,E17,5.2375,10
trade_finance,E17,5.4125,16
trade_finance,E17,5.5875,37
trade_finance,E17,5.762499999999999,60
trade_finance,E17,5.9375,45
trade_finance,E17,6.112499999999999,25
trade_finance,E17,6.2875,30
trade_finance,E17,6.4625,23
trade_finance,E17,6.637499999999999,20
trade_finance,E17,6.8125,13
trade_finance,E17,6.987499999999999,2
trade_finance,E17,7.1625,1
trade_finance,E17,7.3375,1
trade_finance,E17,7.512499999999999,1
trade_finance,E17,7.6875,0
trade_finance,E17,7.862499999999999,0
trade_finance,E17,8.0375,0
trade_finance,E17,8.2125,0
trade_finance,E17,8.3875,0
trade_finance,E17,8.5625,0
trade_finance,E17,8.737499999999999,0
trade_finance,E17,8.9125,0
trade_finance,E18,2.0875,0
trade_finance,E18,2.2625,0
trade_finance,E18,2.4375,0
trade_finance,E18,2.6125,0
trade_finance,E18,2.7875,0
trade_finance,E18,2.9625,0
trade_finance,E18,3.1374999999999997,0
trade_finance,E18,3.3125,0
trade_finance,E18,3.4875,0
trade_finance,E18,3.6625,0
trade_finance,E18,3.8375,1
trade_finance,E18,4.012499999999999,1
trade_finance,E18,4.1875,1
trade_finance,E18,4.3625,1
trade_finance,E18,4.5375,11
trade_finance,E18,4.7125,17
trade_finance,E18,4.887499999999999,41
trade_finance,E18,5.0625,60
trade_finance,E18,5.2375,142
trade_finance,E18,5.4125,190
trade_finance,E18,5.5875,277
trade_finance,E18,5.762499999999999,310
trade_finance,E18,5.9375,315
trade_finance,E18,6.112499999999999,305
trade_finance,E18,6.2875,255
trade_finance,E18,6.4625,180
trade_finance,E18,6.637499999999999,115
trade_finance,E18,6.8125,59
trade_finance,E18,6.987499999999999,37
trade_finance,E18,7.1625,14
trade_finance,E18,7.3375,7
trade_finance,E18,7.512499999999999,1
trade_finance,E18,7.6875,1
trade_finance,E18,7.862499999999999,1
trade_finance,E18,8.0375,0
trade_finance,E18,8.2125,0
trade_finance,E18,8.3875,0
trade_finance,E18,8.5625,0
trade_finance,E18,8.737499999999999,0
trade_finance,E18,8.9125,0
trade_finance,E19,2.0875,0
trade_finance,E19,2.2625,0
trade_finance,E19,2.4375,0
trade_finance,E19,2.6125,0
trade_finance,E19,2.7875,0
trade_finance,E19,2.9625,0
trade_finance,E19,3.1374999999999997,0
trade_finance,E19,3.3125,0
trade_finance,E19,3.4875,0
trade_finance,E19,3.6625,0
trade_finance,E19,3.8375,0
trade_finance,E19,4.012499999999999,0
trade_finance,E19,4.1875,1
trade_finance,E19,4.3625,3
trade_finance,E19,4.5375,5
trade_finance,E19,4.7125,18
trade_finance,E19,4.887499999999999,30
trade_finance,E19,5.0625,60
trade_finance,E19,5.2375,88
trade_finance,E19,5.4125,123
trade_finance,E19,5.5875,147
trade_finance,E19,5.762499999999999,166
trade_finance,E19,5.9375,139
trade_finance,E19,6.112499999999999,118
trade_finance,E19,6.2875,95
trade_finance,E19,6.4625,73
trade_finance,E19,6.637499999999999,30
trade_finance,E19,6.8125,15
trade_finance,E19,6.987499999999999,10
trade_finance,E19,7.1625,5
trade_finance,E19,7.3375,1
trade_finance,E19,7.512499999999999,0
trade_finance,E19,7.6875,0
trade_finance,E19,7.862499999999999,0
trade_finance,E19,8.0375,0
trade_finance,E19,8.2125,0
trade_finance,E19,8.3875,0
trade_finance,E19,8.5625,0
trade_finance,E19,8.737499999999999,0
trade_finance,E19,8.9125,0
trade_finance,E20,2.0875,0
trade_finance,E20,2.2625,0
trade_finance,E20,2.4375,0
trade_finance,E20,2.6125,0
trade_finance,E20,2.7875,0
trade_finance,E20,2.9625,0
trade_finance,E20,3.1374999999999997,0
trade_finance,E20,3.3125,0
trade_finance,E20,3.4875,0
trade_finance,E20,3.6625,0
trade_finance,E20,3.8375,0
trade_finance,E20,4.012499999999999,0
trade_finance,E20,4.1875,0
trade_finance,E20,4.3625,0
trade_finance,E20,4.5375,1
trade_finance,E20,4.7125,0
trade_finance,E20,4.887499999999999,5
trade_finance,E20,5.0625,2
trade_finance,E20,5.2375,2
trade_finance,E20,5.4125,6
trade_finance,E20,5.5875,5
trade_finance,E20,5.762499999999999,3
trade_finance,E20,5.9375,1
trade_finance,E20,6.112499999999999,0
trade_finance,E20,6.2875,2
trade_finance,E20,6.4625,3
trade_finance,E20,6.637499999999999,0
trade_finance,E20,6.8125,0
trade_finance,E20,6.987499999999999,0
trade_finance,E20,7.1625,0
trade_finance,E20,7.3375,0
trade_finance,E20,7.512499999999999,0
trade_finance,E20,7.6875,0
trade_finance,E20,7.862499999999999,0
trade_finance,E20,8.0375,0
trade_finance,E20,8.2125,0
trade_finance,E20,8.3875,0
trade_finance,E20,8.5625,0
trade_finance,E20,8.737499999999999,0
trade_finance,E20,8.9125,0
cross_border_payments,E01,2.0875,0
cross_border_payments,E01,2.2625,0
cross_border_payments,E01,2.4375,0
cross_border_payments,E01,2.6125,0
cross_border_payments,E01,2.7875,0
cross_border_payments,E01,2.9625,0
cross_border_payments,E01,3.1374999999999997,0
cross_border_payments,E01,3.3125,0
cross_border_payments,E01,3.4875,0
cross_border_payments,E01,3.6625,0
cross_border_payments,E01,3.8375,3
cross_border_payments,E01,4.012499999999999,5
cross_border_payments,E01,4.1875,17
cross_border_payments,E01,4.3625,43
cross_border_payments,E01,4.5375,101
cross_border_payments,E01,4.7125,181
cross_border_payments,E01,4.887499999999999,284
cross_border_payments,E01,5.0625,504
cross_border_payments,E01,5.2375,656
cross_border_payments,E01,5.4125,830
cross_border_payments,E01,5.5875,979
cross_border_payments,E01,5.762499999999999,873
cross_border_payments,E01,5.9375,764
cross_border_payments,E01,6.112499999999999,643
cross_border_payments,E01,6.2875,433
cross_border_payments,E01,6.4625,298
cross_border_payments,E01,6.637499999999999,178
cross_border_payments,E01,6.8125,65
cross_border_payments,E01,6.987499999999999,35
cross_border_payments,E01,7.1625,10
cross_border_payments,E01,7.3375,7
cross_border_payments,E01,7.512499999999999,2
cross_border_payments,E01,7.6875,0
cross_border_payments,E01,7.862499999999999,0
cross_border_payments,E01,8.0375,0
cross_border_payments,E01,8.2125,0
cross_border_payments,E01,8.3875,0
cross_border_payments,E01,8.5625,0
cross_border_payments,E01,8.737499999999999,0
cross_border_payments,E01,8.9125,0
cross_border_payments,E02,2.0875,0
cross_border_payments,E02,2.2625,0
cross_border_payments,E02,2.4375,0
cross_border_payments,E02,2.6125,0
cross_border_payments,E02,2.7875,0
cross_border_payments,E02,2.9625,0
cross_border_payments,E02,3.1374999999999997,0
cross_border_payments,E02,3.3125,0
cross_border_payments,E02,3.4875,0
cross_border_payments,E02,3.6625,0
cross_border_payments,E02,3.8375,0
cross_border_payments,E02,4.012499999999999,0
cross_border_payments,E02,4.1875,8
cross_border_payments,E02,4.3625,9
cross_border_payments,E02,4.5375,17
cross_border_payments,E02,4.7125,58
cross_border_payments,E02,4.887499999999999,104
cross_border_payments,E02,5.0625,160
cross_border_payments,E02,5.2375,264
cross_border_payments,E02,5.4125,401
cross_border_payments,E02,5.5875,493
cross_border_payments,E02,5.762499999999999,601
cross_border_payments,E02,5.9375,627
cross_border_payments,E02,6.112499999999999,534
cross_border_payments,E02,6.2875,447
cross_border_payments,E02,6.4625,333
cross_border_payments,E02,6.637499999999999,207
cross_border_payments,E02,6.8125,125
cross_border_payments,E02,6.987499999999999,60
cross_border_payments,E02,7.1625,29
cross_border_payments,E02,7.3375,14
cross_border_payments,E02,7.512499999999999,5
cross_border_payments,E02,7.6875,2
cross_border_payments,E02,7.862499999999999,0
cross_border_payments,E02,8.0375,1
cross_border_payments,E02,8.2125,0
cross_border_payments,E02,8.3875,0
cross_border_payments,E02,8.5625,0
cross_border_payments,E02,8.737499999999999,0
cross_border_payments,E02,8.9125,0
cross_border_payments,E03,2.0875,0
cross_border_payments,E03,2.2625,0
cross_border_payments,E03,2.4375,0
cross_border_payments,E03,2.6125,0
cross_border_payments,E03,2.7875,0
cross_border_payments,E03,2.9625,0
cross_border_payments,E03,3.1374999999999997,0
cross_border_payments,E03,3.3125,0
cross_border_payments,E03,3.4875,1
cross_border_payments,E03,3.6625,1
cross_border_payments,E03,3.8375,5
cross_border_payments,E03,4.012499999999999,13
cross_border_payments,E03,4.1875,31
cross_border_payments,E03,4.3625,64
cross_border_payments,E03,4.5375,115
cross_border_payments,E03,4.7125,239
cross_border_payments,E03,4.887499999999999,348
cross_border_payments,E03,5.0625,534
cross_border_payments,E03,5.2375,667
cross_border_payments,E03,5.4125,731
cross_border_payments,E03,5.5875,796
cross_border_payments,E03,5.762499999999999,696
cross_border_payments,E03,5.9375,601
cross_border_payments,E03,6.112499999999999,436
cross_border_payments,E03,6.2875,284
cross_border_payments,E03,6.4625,171
cross_border_payments,E03,6.637499999999999,73
cross_border_payments,E03,6.8125,37
cross_border_payments,E03,6.987499999999999,14
cross_border_payments,E03,7.1625,3
cross_border_payments,E03,7.3375,1
cross_border_payments,E03,7.512499999999999,1
cross_border_payments,E03,7.6875,1
cross_border_payments,E03,7.862499999999999,0
cross_border_payments,E03,8.0375,0
cross_border_payments,E03,8.2125,0
cross_border_payments,E03,8.3875,0
cross_border_payments,E03,8.5625,0
cross_border_payments,E03,8.737499999999999,0
cross_border_payments,E03,8.9125,0
cross_border_payments,E04,2.0875,0
cross_border_payments,E04,2.2625,0
cross_border_payments,E04,2.4375,0
cross_border_payments,E04,2.6125,0
cross_border_payments,E04,2.7875,0
cross_border_payments,E04,2.9625,0
cross_border_payments,E04,3.1374999999999997,0
cross_border_payments,E04,3.3125,0
cross_border_payments,E04,3.4875,0
cross_border_payments,E04,3.6625,3
cross_border_payments,E04,3.8375,5
cross_border_payments,E04,4.012499999999999,10
cross_border_payments,E04,4.1875,38
cross_border_payments,E04,4.3625,68
cross_border_payments,E04,4.5375,135
cross_border_payments,E04,4.7125,228
cross_border_payments,E04,4.887499999999999,343
cross_border_payments,E04,5.0625,484
cross_border_payments,E04,5.2375,584
cross_border_payments,E04,5.4125,613
cross_border_payments,E04,5.5875,606
cross_border_payments,E04,5.762499999999999,543
cross_border_payments,E04,5.9375,397
cross_border_payments,E04,6.112499999999999,264
cross_border_payments,E04,6.2875,164
cross_border_payments,E04,6.4625,79
cross_border_payments,E04,6.637499999999999,46
cross_border_payments,E04,6.8125,17
cross_border_payments,E04,6.987499999999999,6
cross_border_payments,E04,7.1625,3
cross_border_payments,E04,7.3375,3
cross_border_payments,E04,7.512499999999999,0
cross_border_payments,E04,7.6875,0
cross_border_payments,E04,7.862499999999999,0
cross_border_payments,E04,8.0375,0
cross_border_payments,E04,8.2125,0
cross_border_payments,E04,8.3875,0
cross_border_payments,E04,8.5625,0
cross_border_payments,E04,8.737499999999999,0
cross_border_payments,E04,8.9125,0
cross_border_payments,E05,2.0875,0
cross_border_payments,E05,2.2625,0
cross_border_payments,E05,2.4375,0
cross_border_payments,E05,2.6125,0
cross_border_payments,E05,2.7875,0
cross_border_payments,E05,2.9625,0
cross_border_payments,E05,3.1374999999999997,0
cross_border_payments,E05,3.3125,0
cross_border_payments,E05,3.4875,0
cross_border_payments,E05,3.6625,3
cross_border_payments,E05,3.8375,7
cross_border_payments,E05,4.012499999999999,21
cross_border_payments,E05,4.1875,44
cross_border_payments,E05,4.3625,91
cross_border_payments,E05,4.5375,129
cross_border_payments,E05,4.7125,254
cross_border_payments,E05,4.887499999999999,396
cross_border_payments,E05,5.0625,559
cross_border_payments,E05,5.2375,662
cross_border_payments,E05,5.4125,686
cross_border_payments,E05,5.5875,625
cross_border_payments,E05,5.762499999999999,527
cross_border_payments,E05,5.9375,429
cross_border_payments,E05,6.112499999999999,304
cross_border_payments,E05,6.2875,141
cross_border_payments,E05,6.4625,107
cross_border_payments,E05,6.637499999999999,45
cross_border_payments,E05,6.8125,24
cross_border_payments,E05,6.987499999999999,8
cross_border_payments,E05,7.1625,6
cross_border_payments,E05,7.3375,1
cross_border_payments,E05,7.512499999999999,0
cross_border_payments,E05,7.6875,0
cross_border_payments,E05,7.862499999999999,0
cross_border_payments,E05,8.0375,0
cross_border_payments,E05,8.2125,0
cross_border_payments,E05,8.3875,0
cross_border_payments,E05,8.5625,0
cross_border_payments,E05,8.737499999999999,0
cross_border_payments,E05,8.9125,0
cross_border_payments,E06,2.0875,0
cross_border_payments,E06,2.2625,0
cross_border_payments,E06,2.4375,0
cross_border_payments,E06,2.6125,0
cross_border_payments,E06,2.7875,0
cross_border_payments,E06,2.9625,0
cross_border_payments,E06,3.1374999999999997,0
cross_border_payments,E06,3.3125,0
cross_border_payments,E06,3.4875,1
cross_border_payments,E06,3.6625,1
cross_border_payments,E06,3.8375,0
cross_border_payments,E06,4.012499999999999,2
cross_border_payments,E06,4.1875,15
cross_border_payments,E06,4.3625,18
cross_border_payments,E06,4.5375,47
cross_border_payments,E06,4.7125,60
cross_border_payments,E06,4.887499999999999,104
cross_border_payments,E06,5.0625,111
cross_border_payments,E06,5.2375,126
cross_border_payments,E06,5.4125,157
cross_border_payments,E06,5.5875,141
cross_border_payments,E06,5.762499999999999,96
cross_border_payments,E06,5.9375,88
cross_border_payments,E06,6.112499999999999,71
cross_border_payments,E06,6.2875,33
cross_border_payments,E06,6.4625,20
cross_border_payments,E06,6.637499999999999,12
cross_border_payments,E06,6.8125,2
cross_border_payments,E06,6.987499999999999,0
cross_border_payments,E06,7.1625,1
cross_border_payments,E06,7.3375,0
cross_border_payments,E06,7.512499999999999,0
cross_border_payments,E06,7.6875,0
cross_border_payments,E06,7.862499999999999,0
cross_border_payments,E06,8.0375,0
cross_border_payments,E06,8.2125,0
cross_border_payments,E06,8.3875,0
cross_border_payments,E06,8.5625,0
cross_border_payments,E06,8.737499999999999,0
cross_border_payments,E06,8.9125,0
cross_border_payments,E07,2.0875,0
cross_border_payments,E07,2.2625,0
cross_border_payments,E07,2.4375,0
cross_border_payments,E07,2.6125,0
cross_border_payments,E07,2.7875,0
cross_border_payments,E07,2.9625,0
cross_border_payments,E07,3.1374999999999997,0
cross_border_payments,E07,3.3125,0
cross_border_payments,E07,3.4875,6
cross_border_payments,E07,3.6625,12
cross_border_payments,E07,3.8375,17
cross_border_payments,E07,4.012499999999999,63
cross_border_payments,E07,4.1875,134
cross_border_payments,E07,4.3625,243
cross_border_payments,E07,4.5375,358
cross_border_payments,E07,4.7125,572
cross_border_payments,E07,4.887499999999999,770
cross_border_payments,E07,5.0625,875
cross_border_payments,E07,5.2375,992
cross_border_payments,E07,5.4125,910
cross_border_payments,E07,5.5875,719
cross_border_payments,E07,5.762499999999999,556
cross_border_payments,E07,5.9375,369
cross_border_payments,E07,6.112499999999999,232
cross_border_payments,E07,6.2875,116
cross_border_payments,E07,6.4625,61
cross_border_payments,E07,6.637499999999999,21
cross_border_payments,E07,6.8125,5
cross_border_payments,E07,6.987499999999999,2
cross_border_payments,E07,7.1625,1
cross_border_payments,E07,7.3375,0
cross_border_payments,E07,7.512499999999999,0
cross_border_payments,E07,7.6875,0
cross_border_payments,E07,7.862499999999999,0
cross_border_payments,E07,8.0375,0
cross_border_payments,E07,8.2125,0
cross_border_payments,E07,8.3875,0
cross_border_payments,E07,8.5625,0
cross_border_payments,E07,8.737499999999999,0
cross_border_payments,E07,8.9125,0
cross_border_payments,E08,2.0875,0
cross_border_payments,E08,2.2625,0
cross_border_payments,E08,2.4375,0
cross_border_payments,E08,2.6125,0
cross_border_payments,E08,2.7875,0
cross_border_payments,E08,2.9625,0
cross_border_payments,E08,3.1374999999999997,0
cross_border_payments,E08,3.3125,0
cross_border_payments,E08,3.4875,1
cross_border_payments,E08,3.6625,5
cross_border_payments,E08,3.8375,24
cross_border_payments,E08,4.012499999999999,64
cross_border_payments,E08,4.1875,135
cross_border_payments,E08,4.3625,307
cross_border_payments,E08,4.5375,530
cross_border_payments,E08,4.7125,894
cross_border_payments,E08,4.887499999999999,1306
cross_border_payments,E08,5.0625,1796
cross_border_payments,E08,5.2375,2045
cross_border_payments,E08,5.4125,2129
cross_border_payments,E08,5.5875,1948
cross_border_payments,E08,5.762499999999999,1650
cross_border_payments,E08,5.9375,1279
cross_border_payments,E08,6.112499999999999,823
cross_border_payments,E08,6.2875,556
cross_border_payments,E08,6.4625,296
cross_border_payments,E08,6.637499999999999,142
cross_border_payments,E08,6.8125,45
cross_border_payments,E08,6.987499999999999,20
cross_border_payments,E08,7.1625,11
cross_border_payments,E08,7.3375,2
cross_border_payments,E08,7.512499999999999,0
cross_border_payments,E08,7.6875,0
cross_border_payments,E08,7.862499999999999,0
cross_border_payments,E08,8.0375,0
cross_border_payments,E08,8.2125,0
cross_border_payments,E08,8.3875,0
cross_border_payments,E08,8.5625,0
cross_border_payments,E08,8.737499999999999,0
cross_border_payments,E08,8.9125,0
cross_border_payments,E09,2.0875,0
cross_border_payments,E09,2.2625,0
cross_border_payments,E09,2.4375,0
cross_border_payments,E09,2.6125,0
cross_border_payments,E09,2.7875,0
cross_border_payments,E09,2.9625,0
cross_border_payments,E09,3.1374999999999997,0
cross_border_payments,E09,3.3125,0
cross_border_payments,E09,3.4875,1
cross_border_payments,E09,3.6625,6
cross_border_payments,E09,3.8375,15
cross_border_payments,E09,4.012499999999999,34
cross_border_payments,E09,4.1875,77
cross_border_payments,E09,4.3625,212
cross_border_payments,E09,4.5375,416
cross_border_payments,E09,4.7125,699
cross_border_payments,E09,4.887499999999999,1137
cross_border_payments,E09,5.0625,1532
cross_border_payments,E09,5.2375,1832
cross_border_payments,E09,5.4125,2091
cross_border_payments,E09,5.5875,2016
cross_border_payments,E09,5.762499999999999,1879
cross_border_payments,E09,5.9375,1424
cross_border_payments,E09,6.112499999999999,1040
cross_border_payments,E09,6.2875,676
cross_border_payments,E09,6.4625,385
cross_border_payments,E09,6.637499999999999,188
cross_border_payments,E09,6.8125,84
cross_border_payments,E09,6.987499999999999,35
cross_border_payments,E09,7.1625,22
cross_border_payments,E09,7.3375,2
cross_border_payments,E09,7.512499999999999,3
cross_border_payments,E09,7.6875,0
cross_border_payments,E09,7.862499999999999,0
cross_border_payments,E09,8.0375,0
cross_border_payments,E09,8.2125,0
cross_border_payments,E09,8.3875,0
cross_border_payments,E09,8.5625,0
cross_border_payments,E09,8.737499999999999,0
cross_border_payments,E09,8.9125,0
cross_border_payments,E10,2.0875,0
cross_border_payments,E10,2.2625,0
cross_border_payments,E10,2.4375,0
cross_border_payments,E10,2.6125,0
cross_border_payments,E10,2.7875,0
cross_border_payments,E10,2.9625,0
cross_border_payments,E10,3.1374999999999997,0
cross_border_payments,E10,3.3125,1
cross_border_payments,E10,3.4875,2
cross_border_payments,E10,3.6625,13
cross_border_payments,E10,3.8375,19
cross_border_payments,E10,4.012499999999999,64
cross_border_payments,E10,4.1875,167
cross_border_payments,E10,4.3625,349
cross_border_payments,E10,4.5375,644
cross_border_payments,E10,4.7125,1125
cross_border_payments,E10,4.887499999999999,1728
cross_border_payments,E10,5.0625,2378
cross_border_payments,E10,5.2375,2975
cross_border_payments,E10,5.4125,3239
cross_border_payments,E10,5.5875,3059
cross_border_payments,E10,5.762499999999999,2852
cross_border_payments,E10,5.9375,2200
cross_border_payments,E10,6.112499999999999,1574
cross_border_payments,E10,6.2875,1000
cross_border_payments,E10,6.4625,564
cross_border_payments,E10,6.637499999999999,265
cross_border_payments,E10,6.8125,133
cross_border_payments,E10,6.987499999999999,48
cross_border_payments,E10,7.1625,29
cross_border_payments,E10,7.3375,8
cross_border_payments,E10,7.512499999999999,3
cross_border_payments,E10,7.6875,1
cross_border_payments,E10,7.862499999999999,0
cross_border_payments,E10,8.0375,0
cross_border_payments,E10,8.2125,0
cross_border_payments,E10,8.3875,0
cross_border_payments,E10,8.5625,0
cross_border_payments,E10,8.737499999999999,0
cross_border_payments,E10,8.9125,0
cross_border_payments,E11,2.0875,0
cross_border_payments,E11,2.2625,0
cross_border_payments,E11,2.4375,0
cross_border_payments,E11,2.6125,0
cross_border_payments,E11,2.7875,0
cross_border_payments,E11,2.9625,0
cross_border_payments,E11,3.1374999999999997,0
cross_border_payments,E11,3.3125,5
cross_border_payments,E11,3.4875,9
cross_border_payments,E11,3.6625,28
cross_border_payments,E11,3.8375,77
cross_border_payments,E11,4.012499999999999,223
cross_border_payments,E11,4.1875,501
cross_border_payments,E11,4.3625,931
cross_border_payments,E11,4.5375,1692
cross_border_payments,E11,4.7125,2680
cross_border_payments,E11,4.887499999999999,3777
cross_border_payments,E11,5.0625,4961
cross_border_payments,E11,5.2375,5491
cross_border_payments,E11,5.4125,5727
cross_border_payments,E11,5.5875,5107
cross_border_payments,E11,5.762499999999999,4253
cross_border_payments,E11,5.9375,3142
cross_border_payments,E11,6.112499999999999,1985
cross_border_payments,E11,6.2875,1183
cross_border_payments,E11,6.4625,628
cross_border_payments,E11,6.637499999999999,293
cross_border_payments,E11,6.8125,122
cross_border_payments,E11,6.987499999999999,42
cross_border_payments,E11,7.1625,19
cross_border_payments,E11,7.3375,1
cross_border_payments,E11,7.512499999999999,1
cross_border_payments,E11,7.6875,0
cross_border_payments,E11,7.862499999999999,0
cross_border_payments,E11,8.0375,0
cross_border_payments,E11,8.2125,0
cross_border_payments,E11,8.3875,0
cross_border_payments,E11,8.5625,0
cross_border_payments,E11,8.737499999999999,0
cross_border_payments,E11,8.9125,0
cross_border_payments,E12,2.0875,0
cross_border_payments,E12,2.2625,0
cross_border_payments,E12,2.4375,0
cross_border_payments,E12,2.6125,0
cross_border_payments,E12,2.7875,0
cross_border_payments,E12,2.9625,1
cross_border_payments,E12,3.1374999999999997,0
cross_border_payments,E12,3.3125,0
cross_border_payments,E12,3.4875,2
cross_border_payments,E12,3.6625,8
cross_border_payments,E12,3.8375,17
cross_border_payments,E12,4.012499999999999,57
cross_border_payments,E12,4.1875,112
cross_border_payments,E12,4.3625,237
cross_border_payments,E12,4.5375,385
cross_border_payments,E12,4.7125,592
cross_border_payments,E12,4.887499999999999,828
cross_border_payments,E12,5.0625,969
cross_border_payments,E12,5.2375,973
cross_border_payments,E12,5.4125,1024
cross_border_payments,E12,5.5875,870
cross_border_payments,E12,5.762499999999999,699
cross_border_payments,E12,5.9375,473
cross_border_payments,E12,6.112499999999999,282
cross_border_payments,E12,6.2875,157
cross_border_payments,E12,6.4625,80
cross_border_payments,E12,6.637499999999999,35
cross_border_payments,E12,6.8125,18
cross_border_payments,E12,6.987499999999999,4
cross_border_payments,E12,7.1625,2
cross_border_payments,E12,7.3375,0
cross_border_payments,E12,7.512499999999999,0
cross_border_payments,E12,7.6875,0
cross_border_payments,E12,7.862499999999999,0
cross_border_payments,E12,8.0375,0
cross_border_payments,E12,8.2125,0
cross_border_payments,E12,8.3875,0
cross_border_payments,E12,8.5625,0
cross_border_payments,E12,8.737499999999999,0
cross_border_payments,E12,8.9125,0
cross_border_payments,E13,2.0875,0
cross_border_payments,E13,2.2625,0
cross_border_payments,E13,2.4375,0
cross_border_payments,E13,2.6125,0
cross_border_payments,E13,2.7875,0
cross_border_payments,E13,2.9625,0
cross_border_payments,E13,3.1374999999999997,1
cross_border_payments,E13,3.3125,1
cross_border_payments,E13,3.4875,2
cross_border_payments,E13,3.6625,9
cross_border_payments,E13,3.8375,20
cross_border_payments,E13,4.012499999999999,57
cross_border_payments,E13,4.1875,88
cross_border_payments,E13,4.3625,154
cross_border_payments,E13,4.5375,193
cross_border_payments,E13,4.7125,319
cross_border_payments,E13,4.887499999999999,343
cross_border_payments,E13,5.0625,389
cross_border_payments,E13,5.2375,398
cross_border_payments,E13,5.4125,295
cross_border_payments,E13,5.5875,232
cross_border_payments,E13,5.762499999999999,183
cross_border_payments,E13,5.9375,85
cross_border_payments,E13,6.112499999999999,61
cross_border_payments,E13,6.2875,31
cross_border_payments,E13,6.4625,9
cross_border_payments,E13,6.637499999999999,6
cross_border_payments,E13,6.8125,2
cross_border_payments,E13,6.987499999999999,0
cross_border_payments,E13,7.1625,0
cross_border_payments,E13,7.3375,0
cross_border_payments,E13,7.512499999999999,0
cross_border_payments,E13,7.6875,0
cross_border_payments,E13,7.862499999999999,0
cross_border_payments,E13,8.0375,0
cross_border_payments,E13,8.2125,0
cross_border_payments,E13,8.3875,0
cross_border_payments,E13,8.5625,0
cross_border_payments,E13,8.737499999999999,0
cross_border_payments,E13,8.9125,0
cross_border_payments,E14,2.0875,0
cross_border_payments,E14,2.2625,0
cross_border_payments,E14,2.4375,0
cross_border_payments,E14,2.6125,0
cross_border_payments,E14,2.7875,0
cross_border_payments,E14,2.9625,0
cross_border_payments,E14,3.1374999999999997,0
cross_border_payments,E14,3.3125,0
cross_border_payments,E14,3.4875,5
cross_border_payments,E14,3.6625,4
cross_border_payments,E14,3.8375,20
cross_border_payments,E14,4.012499999999999,51
cross_border_payments,E14,4.1875,111
cross_border_payments,E14,4.3625,252
cross_border_payments,E14,4.5375,440
cross_border_payments,E14,4.7125,697
cross_border_payments,E14,4.887499999999999,1050
cross_border_payments,E14,5.0625,1359
cross_border_payments,E14,5.2375,1549
cross_border_payments,E14,5.4125,1577
cross_border_payments,E14,5.5875,1566
cross_border_payments,E14,5.762499999999999,1191
cross_border_payments,E14,5.9375,931
cross_border_payments,E14,6.112499999999999,616
cross_border_payments,E14,6.2875,358
cross_border_payments,E14,6.4625,206
cross_border_payments,E14,6.637499999999999,78
cross_border_payments,E14,6.8125,39
cross_border_payments,E14,6.987499999999999,20
cross_border_payments,E14,7.1625,3
cross_border_payments,E14,7.3375,2
cross_border_payments,E14,7.512499999999999,0
cross_border_payments,E14,7.6875,0
cross_border_payments,E14,7.862499999999999,0
cross_border_payments,E14,8.0375,0
cross_border_payments,E14,8.2125,0
cross_border_payments,E14,8.3875,0
cross_border_payments,E14,8.5625,0
cross_border_payments,E14,8.737499999999999,0
cross_border_payments,E14,8.9125,0
cross_border_payments,E15,2.0875,0
cross_border_payments,E15,2.2625,0
cross_border_payments,E15,2.4375,0
cross_border_payments,E15,2.6125,0
cross_border_payments,E15,2.7875,0
cross_border_payments,E15,2.9625,0
cross_border_payments,E15,3.1374999999999997,0
cross_border_payments,E15,3.3125,2
cross_border_payments,E15,3.4875,2
cross_border_payments,E15,3.6625,4
cross_border_payments,E15,3.8375,13
cross_border_payments,E15,4.012499999999999,42
cross_border_payments,E15,4.1875,127
cross_border_payments,E15,4.3625,234
cross_border_payments,E15,4.5375,428
cross_border_payments,E15,4.7125,635
cross_border_payments,E15,4.887499999999999,1040
cross_border_payments,E15,5.0625,1331
cross_border_payments,E15,5.2375,1507
cross_border_payments,E15,5.4125,1515
cross_border_payments,E15,5.5875,1496
cross_border_payments,E15,5.762499999999999,1281
cross_border_payments,E15,5.9375,944
cross_border_payments,E15,6.112499999999999,632
cross_border_payments,E15,6.2875,367
cross_border_payments,E15,6.4625,189
cross_border_payments,E15,6.637499999999999,83
cross_border_payments,E15,6.8125,45
cross_border_payments,E15,6.987499999999999,12
cross_border_payments,E15,7.1625,3
cross_border_payments,E15,7.3375,2
cross_border_payments,E15,7.512499999999999,0
cross_border_payments,E15,7.6875,0
cross_border_payments,E15,7.862499999999999,0
cross_border_payments,E15,8.0375,0
cross_border_payments,E15,8.2125,0
cross_border_payments,E15,8.3875,0
cross_border_payments,E15,8.5625,0
cross_border_payments,E15,8.737499999999999,0
cross_border_payments,E15,8.9125,0
cross_border_payments,E16,2.0875,0
cross_border_payments,E16,2.2625,0
cross_border_payments,E16,2.4375,0
cross_border_payments,E16,2.6125,0
cross_border_payments,E16,2.7875,0
cross_border_payments,E16,2.9625,0
cross_border_payments,E16,3.1374999999999997,1
cross_border_payments,E16,3.3125,1
cross_border_payments,E16,3.4875,5
cross_border_payments,E16,3.6625,11
cross_border_payments,E16,3.8375,33
cross_border_payments,E16,4.012499999999999,96
cross_border_payments,E16,4.1875,201
cross_border_payments,E16,4.3625,411
cross_border_payments,E16,4.5375,840
cross_border_payments,E16,4.7125,1493
cross_border_payments,E16,4.887499999999999,2237
cross_border_payments,E16,5.0625,3200
cross_border_payments,E16,5.2375,3784
cross_border_payments,E16,5.4125,4271
cross_border_payments,E16,5.5875,4109
cross_border_payments,E16,5.762499999999999,3628
cross_border_payments,E16,5.9375,2873
cross_border_payments,E16,6.112499999999999,1974
cross_border_payments,E16,6.2875,1315
cross_border_payments,E16,6.4625,690
cross_border_payments,E16,6.637499999999999,360
cross_border_payments,E16,6.8125,137
cross_border_payments,E16,6.987499999999999,78
cross_border_payments,E16,7.1625,21
cross_border_payments,E16,7.3375,5
cross_border_payments,E16,7.512499999999999,3
cross_border_payments,E16,7.6875,0
cross_border_payments,E16,7.862499999999999,0
cross_border_payments,E16,8.0375,0
cross_border_payments,E16,8.2125,0
cross_border_payments,E16,8.3875,0
cross_border_payments,E16,8.5625,0
cross_border_payments,E16,8.737499999999999,0
cross_border_payments,E16,8.9125,0
cross_border_payments,E17,2.0875,0
cross_border_payments,E17,2.2625,0
cross_border_payments,E17,2.4375,0
cross_border_payments,E17,2.6125,0
cross_border_payments,E17,2.7875,0
cross_border_payments,E17,2.9625,0
cross_border_payments,E17,3.1374999999999997,0
cross_border_payments,E17,3.3125,1
cross_border_payments,E17,3.4875,2
cross_border_payments,E17,3.6625,10
cross_border_payments,E17,3.8375,19
cross_border_payments,E17,4.012499999999999,58
cross_border_payments,E17,4.1875,137
cross_border_payments,E17,4.3625,265
cross_border_payments,E17,4.5375,562
cross_border_payments,E17,4.7125,910
cross_border_payments,E17,4.887499999999999,1295
cross_border_payments,E17,5.0625,1780
cross_border_payments,E17,5.2375,2119
cross_border_payments,E17,5.4125,2338
cross_border_payments,E17,5.5875,2161
cross_border_payments,E17,5.762499999999999,1771
cross_border_payments,E17,5.9375,1354
cross_border_payments,E17,6.112499999999999,930
cross_border_payments,E17,6.2875,564
cross_border_payments,E17,6.4625,297
cross_border_payments,E17,6.637499999999999,134
cross_border_payments,E17,6.8125,77
cross_border_payments,E17,6.987499999999999,25
cross_border_payments,E17,7.1625,3
cross_border_payments,E17,7.3375,2
cross_border_payments,E17,7.512499999999999,3
cross_border_payments,E17,7.6875,0
cross_border_payments,E17,7.862499999999999,0
cross_border_payments,E17,8.0375,0
cross_border_payments,E17,8.2125,0
cross_border_payments,E17,8.3875,0
cross_border_payments,E17,8.5625,0
cross_border_payments,E17,8.737499999999999,0
cross_border_payments,E17,8.9125,0
cross_border_payments,E18,2.0875,0
cross_border_payments,E18,2.2625,0
cross_border_payments,E18,2.4375,0
cross_border_payments,E18,2.6125,0
cross_border_payments,E18,2.7875,0
cross_border_payments,E18,2.9625,0
cross_border_payments,E18,3.1374999999999997,0
cross_border_payments,E18,3.3125,1
cross_border_payments,E18,3.4875,0
cross_border_payments,E18,3.6625,3
cross_border_payments,E18,3.8375,16
cross_border_payments,E18,4.012499999999999,49
cross_border_payments,E18,4.1875,95
cross_border_payments,E18,4.3625,142
cross_border_payments,E18,4.5375,316
cross_border_payments,E18,4.7125,582
cross_border_payments,E18,4.887499999999999,764
cross_border_payments,E18,5.0625,1059
cross_border_payments,E18,5.2375,1161
cross_border_payments,E18,5.4125,1337
cross_border_payments,E18,5.5875,1208
cross_border_payments,E18,5.762499999999999,1002
cross_border_payments,E18,5.9375,788
cross_border_payments,E18,6.112499999999999,528
cross_border_payments,E18,6.2875,306
cross_border_payments,E18,6.4625,153
cross_border_payments,E18,6.637499999999999,65
cross_border_payments,E18,6.8125,40
cross_border_payments,E18,6.987499999999999,13
cross_border_payments,E18,7.1625,7
cross_border_payments,E18,7.3375,1
cross_border_payments,E18,7.512499999999999,0
cross_border_payments,E18,7.6875,0
cross_border_payments,E18,7.862499999999999,0
cross_border_payments,E18,8.0375,0
cross_border_payments,E18,8.2125,0
cross_border_payments,E18,8.3875,0
cross_border_payments,E18,8.5625,0
cross_border_payments,E18,8.737499999999999,0
cross_border_payments,E18,8.9125,0
cross_border_payments,E19,2.0875,0
cross_border_payments,E19,2.2625,0
cross_border_payments,E19,2.4375,0
cross_border_payments,E19,2.6125,0
cross_border_payments,E19,2.7875,0
cross_border_payments,E19,2.9625,0
cross_border_payments,E19,3.1374999999999997,0
cross_border_payments,E19,3.3125,3
cross_border_payments,E19,3.4875,2
cross_border_payments,E19,3.6625,16
cross_border_payments,E19,3.8375,31
cross_border_payments,E19,4.012499999999999,93
cross_border_payments,E19,4.1875,190
cross_border_payments,E19,4.3625,344
cross_border_payments,E19,4.5375,581
cross_border_payments,E19,4.7125,803
cross_border_payments,E19,4.887499999999999,1128
cross_border_payments,E19,5.0625,1437
cross_border_payments,E19,5.2375,1492
cross_border_payments,E19,5.4125,1430
cross_border_payments,E19,5.5875,1202
cross_border_payments,E19,5.762499999999999,958
cross_border_payments,E19,5.9375,660
cross_border_payments,E19,6.112499999999999,413
cross_border_payments,E19,6.2875,204
cross_border_payments,E19,6.4625,107
cross_border_payments,E19,6.637499999999999,49
cross_border_payments,E19,6.8125,19
cross_border_payments,E19,6.987499999999999,7
cross_border_payments,E19,7.1625,2
cross_border_payments,E19,7.3375,1
cross_border_payments,E19,7.512499999999999,0
cross_border_payments,E19,7.6875,0
cross_border_payments,E19,7.862499999999999,0
cross_border_payments,E19,8.0375,0
cross_border_payments,E19,8.2125,0
cross_border_payments,E19,8.3875,0
cross_border_payments,E19,8.5625,0
cross_border_payments,E19,8.737499999999999,0
cross_border_payments,E19,8.9125,0
cross_border_payments,E20,2.0875,0
cross_border_payments,E20,2.2625,0
cross_border_payments,E20,2.4375,0
cross_border_payments,E20,2.6125,0
cross_border_payments,E20,2.7875,0
cross_border_payments,E20,2.9625,0
cross_border_payments,E20,3.1374999999999997,1
cross_border_payments,E20,3.3125,1
cross_border_payments,E20,3.4875,1
cross_border_payments,E20,3.6625,10
cross_border_payments,E20,3.8375,25
cross_border_payments,E20,4.012499999999999,46
cross_border_payments,E20,4.1875,60
cross_border_payments,E20,4.3625,111
cross_border_payments,E20,4.5375,152
cross_border_payments,E20,4.7125,200
cross_border_payments,E20,4.887499999999999,265
cross_border_payments,E20,5.0625,251
cross_border_payments,E20,5.2375,190
cross_border_payments,E20,5.4125,175
cross_border_payments,E20,5.5875,130
cross_border_payments,E20,5.762499999999999,80
cross_border_payments,E20,5.9375,38
cross_border_payments,E20,6.112499999999999,24
cross_border_payments,E20,6.2875,8
cross_border_payments,E20,6.4625,5
cross_border_payments,E20,6.637499999999999,1
cross_border_payments,E20,6.8125,0
cross_border_payments,E20,6.987499999999999,0
cross_border_payments,E20,7.1625,0
cross_border_payments,E20,7.3375,0
cross_border_payments,E20,7.512499999999999,0
cross_border_payments,E20,7.6875,0
cross_border_payments,E20,7.862499999999999,0
cross_border_payments,E20,8.0375,0
cross_border_payments,E20,8.2125,0
cross_border_payments,E20,8.3875,0
cross_border_payments,E20,8.5625,0
cross_border_payments,E20,8.737499999999999,0
cross_border_payments,E20,8.9125,0
