entity_id,fiscal_year,entity_name,sector,tb_txn_count,tb_total_value_zar,tb_avg_txn_zar,tb_median_txn_zar,tb_net_flow_zar,intercompany_transfers,payments_to_employees,payments_to_suppliers,receipts_from_customers,taxes_paid,channel_Debit Order,channel_EFT,channel_Internal Transfer,channel_RTC,channel_SWIFT,net_operating_cash_flow,operating_margin_proxy,tf_instrument_count,tf_total_value_zar,tf_avg_value_zar,tf_net_trade_zar,tf_countries,tf_weighted_avg_tenor_days,tf_open_exposure_zar,tf_export_collections,tf_guarantees,tf_letters_of_credit,tf_export,tf_import,xb_txn_count,xb_total_value_zar,xb_net_fx_zar,xb_countries,xb_inflow_zar,xb_outflow_zar,fx_AED/ZAR,fx_CNY/ZAR,fx_EUR/ZAR,fx_GBP/ZAR,fx_USD/ZAR,xb_corridor_intercompany,xb_corridor_other,xb_corridor_trade,total_flow_zar,fx_dependence,tb_total_value_zar_index,tb_total_value_zar_yoy,tb_total_value_zar_share,tf_total_value_zar_index,tf_total_value_zar_yoy,tf_total_value_zar_share,xb_total_value_zar_index,xb_total_value_zar_yoy,xb_total_value_zar_share,total_flow_zar_index,total_flow_zar_yoy,total_flow_zar_share
E01,FY2024,BHP Group,mining,39435,14598848689.833294,370200.29643294774,152798.98098619204,6798002111.493293,4583977842.65,3142129.57,1520721881.2,8484094526.973293,6912309.44,1392483625.9153926,6673307000.667631,2228515439.4947095,2863528084.7776256,1441014538.9779341,6953318206.763293,0.8195710437521367,418,1204214139.03,2880895.0694497605,-217328416.13,11,103.79429163440189,569585530.48,338990922.46999997,335229400.86,529993815.7,493442861.45,710771277.58,2309,2083260326.99,11850058.290000001,11,1047555192.64,1035705134.35,411067690.25,464532429.47,403163255.78,408639215.32,395857736.17,966534914.68,219194565.82,897530846.49,17886323155.853294,0.11647225138657151,100.0,,0.10562366373794795,100.0,,0.0982718332971655,100.0,,0.04866817855298182,100.0,,0.09254338751731911
E01,FY2025,BHP Group,mining,40292,15137230116.33097,375688.22883775865,154013.34532203453,7206935324.410972,4784214052.07,2864428.52,1582352644.16,8759508690.860971,8290300.72,1501209035.802918,6893626993.765323,2320559830.536453,2896973573.442115,1524860682.784163,7166001317.460972,0.8180825626598729,418,1278706407.09,3059106.2370574162,76276444.25,11,103.44133259534868,569182621.8100001,225814422.78,438984673.49,613907310.82,677491425.67,601214981.42,2411,2174463452.41,-149762590.45000002,11,1012350430.98,1162113021.43,405644335.45,465649252.24,435216451.2,441594602.02,426358811.5,1017725014.02,215696655.96,941041782.43,18590399975.83097,0.11696700744669178,103.68783482818483,0.03687834828184822,0.11366848361921832,106.1859652403686,0.06185965240368607,0.1014235876645673,104.37790343522622,0.043779034352261936,0.04778845906654569,103.93639773721335,0.039363977372133485,0.09718975450209097
E01,FY2026,BHP Group,mining,45014,16790052638.042805,372996.2375714845,154797.11948060914,7718858031.822804,5530956560.79,2738942.03,1804439359.04,9446319820.622805,5597955.5600000005,1657248136.019979,7473034687.942403,2494429941.2483754,3384174537.438062,1781165335.3939855,7633543563.992805,0.8080970906074528,471,1444550118.15,3066985.3888535034,56861390.49000001,11,105.98629498198002,739424251.77,242820429.46,510614473.37,691115215.32,750705754.32,693844363.83,2191,2082856263.1200001,-39974574.08,11,1021440844.52,1061415418.6,378683646.39,418089766.2,450600178.43,391225584.72,444257087.38,877149610.94,227050514.52,978656137.66,20317459019.312805,0.10251558825048628,115.00942981712987,0.1091892313857783,0.12672869482745666,119.9579104189552,0.12969647304529963,0.10744824916621,99.98060425455402,-0.042128640602567824,0.04635949573504474,113.5921499476203,0.09290058555637049,0.1064517800358786
E02,FY2024,Glencore,mining,6595,4138590047.07971,627534.5029688718,255019.03,1804504238.95971,1420214578.72,2010295.2,403764684.21,2309126143.94971,3474345.0,432700092.0241707,1841529703.64326,519989190.2999435,953569549.8852803,390801511.2270556,1899876819.53971,0.8227687450153816,250,1079888855.32,4319555.421279999,-228311607.8,16,94.81201800699216,517260780.5,240110913.29,410835781.12,428942160.91,425788623.76,654100231.5600001,1454,2377149590.63,-5959510.949999996,15,1185595039.84,1191554550.79,516143662.86,469783347.92,464190352.39,461803883.27,465228344.19,1038713347.42,242928672.25,1095507570.96,7595628493.02971,0.3129628565709134,100.0,,0.02994298062602614,100.0,,0.08812606838760106,100.0,,0.055533885623927505,100.0,,0.03929959136615548
E02,FY2025,Glencore,mining,6681,3941160390.5491304,589905.7611957986,249645.49,1800223561.2691302,1331443807.78,1913974.92,403171654.68,2200273074.38913,4357878.78,426057486.9859815,1778186418.945796,597312282.3333223,793993452.3713135,345610749.9127169,1790829566.00913,0.8139124124428622,245,967159880.47,3947591.348857143,-36056836.65,16,112.90819436366938,620955005.77,156137516.18,428598054.43,382424309.86,465551521.91,501608358.56,1581,2409957418.95,84252616.31,15,1247105017.6299999,1162852401.32,430293930.02,518786801.74,449347713.19,508236236.59,503292737.41,1177787847.95,237520679.32,994648891.68,7318277689.9691305,0.3293066375785701,95.2295430500566,-0.04770456949943391,0.029594960362697494,89.56105766860652,-0.10438942331393475,0.07671254666326026,101.38013309929329,0.013801330992933014,0.05296393983534976,96.3485470186556,-0.03651452981344416,0.038259618566083946
E02,FY2026,Glencore,mining,7571,4440267898.284198,586483.6743209877,241683.74919901075,2140477934.9041977,1479601182.1,1889115.34,433240265.8,2520159111.2341976,5378223.81,467015180.33176684,2005768216.6300821,678185296.5678327,811238897.7614754,478060306.9930404,2079651506.2841976,0.825206431218436,242,1085073575.85,4483775.106818181,133639612.47,16,116.21967111484886,655932842.01,307693036.29,364628266.56,412752273.0,609356594.16,475716981.69,1464,2323926326.28,-62284050.04000001,15,1130821138.1200001,1193105188.16,473821412.36,402687412.56,471747469.74,387067145.53000003,588602886.09,1085774762.4,238511132.75,999640431.13,7849267800.414198,0.29606918573441576,107.28938715293532,0.12663973507191506,0.03351444855859635,100.48011612532694,0.12191747999586022,0.08070973410802407,97.7610469042508,-0.03569817955849308,0.05172514998723598,103.33928005585378,0.07255670431485184,0.04112564118072764
E03,FY2024,Anglo American,mining,36263,10179417818.791548,280710.8573143851,116213.12,4585974713.391548,3291589525.16,1687876.82,1081801162.81,5799202803.391548,5136450.61,1050445344.9194856,4502283436.840407,1490996924.1830957,2030089066.3396018,1105603046.5089579,4710577313.151548,0.8122801482984284,424,912985219.1,2153267.026179245,-151002325.34,17,108.50718812973388,425006044.48,241897766.02,266464853.09,404622599.99,380991446.88,531993772.21999997,2358,1738318956.57,-110960391.63000001,16,813679282.47,924639674.1,316429195.63,392719045.99,332990650.42,339951533.3,356228531.23,771293799.82,190326694.9,776698461.85,12830721994.461548,0.135480992988575,100.0,,0.0736487806390431,100.0,,0.07450562848102894,100.0,,0.04060981542456451,100.0,,0.06638583387507838
E03,FY2025,Anglo American,mining,30747,8415981207.768811,273717.14989328425,114315.15011027256,3885125552.648811,2613857060.45,1469075.65,944673571.28,4850805223.628811,5176276.76,829653449.4602754,3771801725.714742,1331545577.2912776,1732125422.7953079,750855032.5072076,3899486299.938811,0.8038843285118892,330,792251664.01,2400762.618212121,-156054417.31,17,98.78028070183036,414406136.65000004,167549925.3,310296498.5,314405240.21,318098623.35,474153040.65999997,2038,1349280627.42,-65084785.64,16,642097920.89,707182706.53,290330573.1,257721218.35,242417964.78,261332318.13,297478553.06,600240999.04,130587064.03,618452564.35,10557513499.19881,0.12780287967639298,82.67644925854823,-0.17323550741451765,0.06319728343317219,86.7759573140717,-0.13224042685928306,0.06283929262541188,77.61985349813828,-0.22380146501861709,0.029653311469217514,82.28308199457537,-0.17716918005424642,0.05519419412565807
E03,FY2026,Anglo American,mining,27159,7557980663.122787,278286.4119858164,114325.24,3674379909.0227876,2365657374.23,1994270.44,794944447.31,4390844452.882788,4540118.26,804308700.344523,3393564796.878803,1106256117.1408587,1491691079.1622388,762159969.5963644,3589365616.8727875,0.8174659010105008,305,632016627.58,2072185.6641967215,-141423682.79999998,17,97.64583131080413,322430455.45,125467264.97,238941628.38,267607734.23,245296472.39000002,386720155.19,1467,996378910.4,-159807573.48,16,418285668.46,578093241.94,201033788.38,205047682.85999998,198409195.34,195360107.1,196528136.72,440604655.98,83081540.38,472692714.04,9186376201.102787,0.10846267217756538,74.247671111117,-0.1019489615606558,0.05704645754346827,69.2252858379271,-0.20225269785987776,0.04701053928428118,57.318532173521575,-0.2615480500115043,0.022177057853231263,71.59672078522266,-0.12987312762612868,0.04813131886999616
E04,FY2024,AngloGold Ashanti,mining,7596,1760392128.7700655,231752.51826883433,93284.94,734527867.7900656,607832575.86,838213.15,181350662.01,967216736.1600657,3153941.59,173982739.73830184,792119084.4122825,255025535.27683237,375399696.70422184,163865072.63842705,781873919.4100657,0.808375093377905,283,433102771.17,1530398.4846996467,-39525142.19,19,108.89355115136885,242818581.03,79003635.71,130030236.95,224068898.51,196788814.49,236313956.68,1515,854656775.37,43193677.37,18,448925226.37,405731549.0,190057616.96,172116006.27,156907039.22,171081051.43,164495061.49,372710388.68,77612568.54,404333818.15,3048151675.3100653,0.28038525191928393,100.0,,0.012736556848186843,100.0,,0.0353440488277628,100.0,,0.01996610217471995,100.0,,0.015771060337097405
E04,FY2025,AngloGold Ashanti,mining,7590,1768933274.3025632,233061.03745751822,92715.68989370001,796893548.7625631,623092406.23,677411.92,178058989.11,965176426.4625632,1928040.58,189363031.14616373,779056937.0937039,257118091.49902356,365972799.3003908,177422415.26328126,784511984.8525631,0.8128171838260209,274,447569041.91,1633463.6566058395,-7839466.450000001,19,108.32193789042044,249281441.57,92167897.36,147592876.28,207808268.27,219864787.73,227704254.18,1597,892791052.0,-54219186.58,18,419285932.71,473505119.29,191947181.02,167929692.42,168428560.36,171116496.37,193369121.83,352514845.6,93684614.93,446591591.47,3109293368.212563,0.28713631885859586,100.48518426053546,0.004851842605354761,0.013283273185932634,103.34014735138274,0.033401473513827495,0.03549998475522637,104.46194048055031,0.04461940480550308,0.019620982176634747,102.00586123708159,0.020058612370815965,0.016255242465166537
E04,FY2026,AngloGold Ashanti,mining,8622,1982041202.8340955,229881.83748945667,92286.985,844006824.9540955,725886008.21,995917.74,203745673.92,1050012202.6940955,1401400.27,191545026.5255756,864889992.1545498,318164930.9371375,395867793.5301646,211573459.68666786,843869210.7640955,0.8036756226250673,305,515693855.49,1690799.5261967212,-15268213.410000004,19,103.89094093722223,245198656.89000002,105963116.25,173565064.59,236165674.65,250212821.04,265481034.45,1527,848492695.06,54951370.64,18,451722032.85,396770662.21,172318341.51,156458296.37,171190264.18,176080273.79,172445519.21,381901989.8,68964201.27,397626503.99,3346227753.3840957,0.25356692897006344,112.59089213372532,0.1204725648091809,0.014960137418526113,119.06962730736757,0.1522107366704306,0.03835824121432059,99.27876540763027,-0.0496178325720944,0.018885457520207396,109.77891226635595,0.07620200383591946,0.017532305610391437
E05,FY2024,Gold Fields,mining,6956,1522973462.8010068,218943.85606684975,89035.77911538252,633846083.5010068,511588793.63,706317.11,153044656.33,855157554.4710069,2476141.26,160582622.82019287,649395737.6259501,273268382.1066882,291039093.72348297,148687626.52469277,698930439.7710068,0.8173118931322068,298,547685349.0,1837870.298657718,-139474726.54,15,113.02385649410535,339674521.37,77354647.58,144571040.02,325759661.4,204105311.23,343580037.77,1675,973400004.6,-5284251.779999999,14,484057876.41,489342128.19,192472741.83,186868131.25,197748388.21,216576978.08,179733765.23,507518950.12,65389225.29,400491829.19,3044058816.4010067,0.3197704326064408,100.0,,0.011018816643310838,100.0,,0.044694744540685935,100.0,,0.02274012739242911,99.99999999999999,,0.015749883987728433
E05,FY2025,Gold Fields,mining,6979,1507714603.097757,216035.90816703785,89041.72569183807,704628632.2777572,518905531.26,639991.15,155032607.24,831217156.1177572,1919317.33,151926920.8761775,667507946.7585522,254883613.53160447,288426193.3772195,144969928.55420357,673625240.3977572,0.8104082494446563,292,438032690.9,1500111.9551369862,-26735236.08,15,104.81469796653025,197325399.58,58779850.79,167100279.39,212152560.72,205648727.41,232383963.49,1706,948095624.53,-17993648.31,14,465050988.11,483044636.42,178579103.18,222387212.28,188088940.04,193154926.35,165885442.68,390448108.4,97393067.24,460254448.89,2893842918.5277567,0.3276251169197338,98.99808761768007,-0.010019123823199139,0.011321730022441742,79.97889512651543,-0.20021104873484574,0.03474358678357317,97.40041299050554,-0.02599587009494453,0.020836417781042588,95.06527610229128,-0.04934723897708726,0.01512887744131258
E05,FY2026,Gold Fields,mining,7826,1732419648.7053783,221367.1925256042,90886.91,741817247.6453784,626058045.73,861031.32,171769781.81,931267759.0653784,2463030.78,152272395.24910605,802151310.3588103,258862047.09988827,325964687.0218055,193169208.97576824,756173915.1553785,0.8119833504321846,341,695385751.85,2039254.4042521995,-3044693.0899999966,15,114.27735014002933,396225053.29,169266995.76,220111149.31,306007606.78,346170529.38,349215222.46999997,1688,899750778.16,-79557169.32000001,14,410096804.42,489653973.74,165591385.04,177912216.42,180905067.93,177547513.53,197794595.24,427952372.04,93231958.36,378566447.76,3327556178.7153783,0.27039386559879325,113.75245143924994,0.14903685693959656,0.013076032917039498,126.96811282603801,0.5875202154917523,0.05172404930269956,92.43381692090038,-0.05099152988282807,0.020026342240356765,109.31313681545585,0.14987449989451163,0.01743447731613139
E06,FY2024,Valterra Platinum,mining,241,37431394.08139361,155316.98788960002,59852.08279297843,18896495.781393602,2475127.72,5960.93,7532505.5,27417799.931393605,0.0,5475337.882341808,13277911.965291815,8562068.80497171,6899040.968942744,3217034.459845528,19879333.501393605,0.7250521030548336,59,92529072.8,1568289.3694915255,-29731938.080000002,15,95.9053251093423,39696304.79,12005869.18,48512920.94,32010282.68,31398567.36,61130505.44,363,174159503.27,8492512.909999998,15,91326008.09,82833495.17999999,28530646.13,44189549.38,35624536.07,31188098.25,34626673.44,71258634.67,25416863.3,77484005.3,304119970.15139365,0.5726671062847397,100.0,,0.00027081868342460915,100.0,,0.007550983934358506,100.0,,0.0040686349622418875,100.0,,0.0015735090998993681
E06,FY2025,Valterra Platinum,mining,275,49598434.65932224,180357.94421571723,60915.37,17455693.779322237,4694345.7,0.0,11885561.76,32706228.87932224,312298.32,4385933.155553006,21808143.612932015,6586419.645119376,12258940.845819483,4558997.39989836,20508368.79932224,0.6270477979895807,75,131610258.69,1754803.4492,-37891618.21,16,123.21554371720231,55268983.1,17613098.74,42504520.16,71492639.79,46859320.24,84750938.45,363,192792730.06,-12558516.26,15,90117106.9,102675623.16,40476736.84,44169283.73,33957347.37,29159941.79,45029420.33,92077755.34,21141092.88,79573881.84,374001423.40932226,0.5154866211538448,132.5049089848797,0.32504908984879677,0.00037244454991337275,142.23665568817847,0.4223665568817847,0.010438975308006014,110.69894346282835,0.10698943462828359,0.004237030279165493,122.97825204413279,0.22978252044132774,0.001955262209088637
E06,FY2026,Valterra Platinum,mining,278,51594211.615112424,185590.68926299433,74715.79959632727,20410873.07511242,7767131.36,0.0,9170264.31,33940580.06511242,716235.88,6248857.229247811,25097587.801032,7531954.160233106,7752524.173773365,4963288.250826139,24054079.875112418,0.7087115137386131,70,115378320.23,1648261.7175714287,-10125699.05,15,132.36668375094786,45968976.64,11564801.32,48188284.29,55625234.62,52626310.59,62752009.64,380,202511540.88,5457390.220000002,15,103984465.55,98527075.33,27121306.56,46447477.72,51784927.54,31155817.48,46002011.58,92961246.07000001,21039659.06,88510635.75,369484072.72511244,0.5480927483189888,137.83673539628828,0.040238708529787726,0.0003894250506290839,124.69412773581797,-0.12333338313872133,0.008582048033285683,116.27935144374277,0.05041067065638494,0.004507431973083207,121.49286761444175,-0.012078431795875422,0.0019358836751734998
E07,FY2024,OUTsurance Group,insurance,3889,241503733.17,62099.185695551554,29751.93,-18661463.81,70814769.74,56313.6,86640385.65,80713050.0,3279214.18,20429389.0,111967793.44,36587322.05,43954128.46,28565100.22,-9262863.430000007,-0.1147628968301905,42,39604088.65,942954.4916666666,-3269843.37,11,144.6916922730401,21229999.63,7926603.38,20268634.37,11408850.9,18167122.64,21436966.01,1351,414141805.09,-26097617.75,11,194022093.67,220119711.42,78366944.57,75089596.0,99318594.4,74097918.03,87268752.09,196107562.62,45520162.339999996,172514080.13,695249626.91,0.5956735380508311,100.0,,0.0017472959440679337,100.0,,0.0032319554068962857,100.0,,0.009674992153043129,100.0,,0.0035972041365778503
E07,FY2025,OUTsurance Group,insurance,4507,282537714.06,62688.64301309075,30180.81,-19484095.3,76119973.02,57149.03,104471532.29,98086625.47,3802434.25,30506358.3,120146119.31,40833399.2,63875243.93,27176593.32,-10244490.100000009,-0.10444329235419876,63,84125905.6,1335331.8349206347,-18198515.16,10,93.1591900759283,51144085.22,14568648.969999999,62559638.37,6997618.26,32963695.22,51162210.38,2449,828998615.28,-1677827.7400000016,11,413660393.77,415338221.51,179044481.17,156697188.07,184888562.71,156644292.35,151724090.98,329832316.84,103600305.22,395565993.22,1195662234.94,0.6933384621967259,116.99103378294996,0.1699103378294995,0.00212163211338065,212.4172237454074,1.124172237454074,0.006672642847626066,200.17264740994807,1.0017264740994807,0.018219007704463153,171.97596210933003,0.7197596210933004,0.006250867072914913
E07,FY2026,OUTsurance Group,insurance,5375,343008809.75,63815.59251162791,29181.96,-18846897.79,103110956.74000001,33273.28,123468931.51,113524066.47,2871581.75,31953074.45,154397234.13,53884984.61,72101464.98,30672051.58,-12849720.070000008,-0.11318939207833688,86,78607464.9,914040.2895348838,-1226146.6199999999,11,95.47009711669254,43365718.87,16747268.0,39981131.69,21879065.21,38690659.14,39916805.76,3234,1136816776.21,-137764334.57,11,499526220.82,637290555.39,231995101.1,221497400.22,220063701.09,241406805.23,221853768.57,491545736.81,117193491.56,528077547.84,1558433050.8600001,0.7294614135542512,142.03043789329263,0.21402840286715952,0.002588976920503808,198.48320610200435,-0.06559740023767413,0.005846965341511441,274.49940147021636,0.3713132389564153,0.025302875393470422,224.1544605764656,0.30340576570790856,0.008165291347362743
E08,FY2024,Sanlam,insurance,247371,29891587691.48,120837.07343011105,50492.72,2794938810.1,16108044739.81,7992433.2,5396697324.38,8354463410.06,24389784.03,2960764284.11,13394284382.47,4428779588.61,6025365231.56,3082394204.73,2925383868.450001,0.35015819985846236,144,245393390.29,1704120.7659027777,-24380979.91,21,98.10611240648832,115718821.76,50282445.24,147082573.45,48028371.6,110506205.19,134887185.1,5602,2851557054.53,-176471892.67,21,1337542580.93,1514014473.6,588569616.74,559234381.48,596560578.35,553262930.8,553929547.16,1283750522.61,262491073.94,1305315457.98,32988538136.3,0.0864408432634424,100.0,,0.21626767110183126,100.0,,0.020025722636199988,99.99999999999999,,0.06661677663895105,100.0,,0.17068186914527592
E08,FY2025,Sanlam,insurance,202690,24705009920.15,121885.68710913218,50375.92,2270579465.41,13318596523.58,7998748.97,4468486232.92,6891597794.59,18330620.09,2482487965.45,11165299746.25,3625280980.13,4929206433.81,2502734794.51,2396782192.6099997,0.3477832375086525,119,182297143.36,1531908.7677310926,5700521.699999999,21,96.58390559708218,84332045.98,29829149.22,103022264.92,49445729.22,93998832.53,88298310.83,5466,2825241687.24,-52630290.1,21,1386305698.57,1438935988.67,595643971.39,558474937.84,557724752.68,558237569.92,555160455.41,1299046067.32,215377656.05,1310817963.87,27712548750.75,0.10194809985362818,82.64870429479285,-0.17351295705207148,0.18551485270687393,74.28771538816332,-0.2571228461183668,0.01445932404659627,99.07715796013285,-0.009228420398671555,0.0620906948673378,84.00659840169033,-0.15993401598309676,0.1448799279851013
E08,FY2026,Sanlam,insurance,159201,19248212621.79,120905.09872293516,50547.16,1837126718.8700001,10269434415.52,8217151.61,3513819189.74,5437584881.08,19156983.84,1892246475.4,8650362323.96,2893288698.64,3796325940.64,2015989183.15,1896391555.8899999,0.3487562212570635,99,152336222.4,1538749.7212121212,-6350011.08,20,99.87389143470057,49844621.63,32386068.86,89637697.7,30312455.84,72993105.66,79343116.74000001,4940,2664890263.89,-133031066.71000001,21,1265929598.59,1398960665.3,553197316.74,486834539.77,526754830.53,538069983.24,560033593.61,1172077545.69,271557496.17,1221255222.03,22065439108.08,0.12077213831263212,64.39341001373546,-0.22087816665514892,0.14528250243801327,62.07837229029385,-0.16435211439837671,0.011331043607152109,93.4538644301905,-0.05675671008049166,0.05931420761512864,66.88819921910873,-0.2037744594862343,0.11561018866068087
E09,FY2024,Shoprite Holdings,consumer,67480,10375637878.14,153758.71188707763,62685.880000000005,882717606.86,5954989393.63,8138732.8,1716620525.42,2674704012.29,21185214.0,1015746251.45,4663607662.52,1521359087.86,2096096634.44,1078828241.87,928759540.0699999,0.34723824984089524,691,1233294166.1,1784796.188277858,-243000112.07999998,22,111.71913510513443,584031568.74,647800564.78,174266067.07999998,411227534.24,495147027.01,738147139.09,5114,3306000311.06,-57817120.080000006,22,1624091595.49,1681908715.57,626519632.63,636214145.39,671492547.48,674975337.7,696798647.86,1473620978.81,325790009.59,1506589322.66,14914932355.3,0.22165707710268076,100.0,,0.0750684461214105,100.0,,0.100644955717736,100.0,,0.07723327293778673,100.0,,0.07716948602147072
E09,FY2025,Shoprite Holdings,consumer,67340,10285738972.59,152743.37648633798,62302.16,909205266.5699999,5859925078.62,8518771.18,1760820523.44,2639381019.13,17093580.22,1041323301.82,4639431252.05,1559359094.88,1983351721.27,1062273602.57,852948144.29,0.3231621876901847,687,1473032375.2,2144151.9289665213,-126071259.10000001,22,102.51680385897603,729393079.78,756961124.9,197812638.83,518258611.47,673480558.05,799551817.15,5511,3457877842.3,20202242.820000008,22,1739040042.56,1718837799.74,676459411.48,651396923.04,698769817.55,715789000.9,715462689.33,1658439391.45,307793383.35,1491645067.5,15216649190.09,0.22724305457156618,99.13355779561849,-0.008664422043815123,0.07723766785153353,119.43885049404841,0.1943885049404841,0.11683700606368173,104.59399627797687,0.04593996277976875,0.0759942198801837,102.0229178892842,0.020229178892841926,0.07955194084322993
E09,FY2026,Shoprite Holdings,consumer,67570,10594840796.53,156797.99906067783,62564.665,914384504.75,6089563482.88,7657556.75,1731756880.03,2741211184.27,24651692.6,1072742118.12,4628473902.04,1638722823.33,2141969249.21,1112932703.83,977145054.8900001,0.3564647118387631,720,1539090586.51,2137625.814597222,-51066770.59,22,109.95199334129674,770708486.89,815925370.24,211872712.71,511292503.56,744011907.96,795078678.55,5181,3356217810.79,-224616569.25,22,1565800620.77,1790417190.02,640743049.89,686219568.84,651106257.9,669020772.8,709128161.36,1539861501.64,308208704.82,1508147604.33,15490149193.830002,0.2166678815544811,102.11266932177568,0.03005149408940988,0.079968203494891,124.79509178065835,0.04484505053803112,0.11448034010788313,101.51898049017119,-0.029399543924426563,0.07470153751854744,103.85665066945879,0.01797373392284829,0.08115945764365105
E10,FY2024,Bid Corporation,consumer,61350,9110351211.85,148497.9822632437,61175.354999999996,834450347.47,5141113012.66,8827630.38,1531100598.93,2408472142.97,20837826.91,901956192.16,4084745970.31,1445060230.88,1777998982.3,900589836.2,847706086.7499995,0.35196840005990415,824,1607745023.54,1951146.8732281553,-176458019.6,16,102.63618682803813,894421124.26,799706019.76,295016725.7,513022278.08,715643501.97,892101521.57,6301,3964725873.03,-32317284.87,16,1966204294.08,1998521578.95,795023318.89,841779016.43,782915499.14,762021760.01,782986278.56,1730487668.03,352753203.89,1881485001.11,14682822108.42,0.2700247843196569,100.0,,0.06591401098671427,100.0,,0.1312026207107457,100.0,,0.09262211937815922,100.0,,0.0759685534241679
E10,FY2025,Bid Corporation,consumer,74065,11209617708.81,151348.37924539254,61112.75,933605174.71,6442972757.7,8288811.33,1880510078.14,2855783865.67,22062195.97,1169311627.61,4973615511.33,1650457283.51,2246613701.54,1169619584.82,944922780.23,0.3308803553340022,953,1964199815.46,2061070.1106610703,-510311924.42,16,108.01939700114526,880114701.14,875255154.36,405574028.11,683370632.99,726943945.52,1237255869.94,8327,5181307317.13,-178834625.75,16,2501236345.69,2680070971.44,925666123.07,1067694840.6,1081660625.52,1096438547.83,1009847180.11,2387591016.23,478375307.59,2315340993.31,18355124841.4,0.28228123545330275,123.04265168426707,0.23042651684267068,0.08417525776640637,122.17110217733052,0.22171102177330515,0.15579509969563535,130.68513393008533,0.3068513393008532,0.11387024801977398,125.01087805779576,0.2501087805779576,0.09595974693982655
E10,FY2026,Bid Corporation,consumer,87030,12928769150.45,148555.315988165,61272.795,1143122092.31,7249676052.61,8602992.63,2256503435.11,3389831081.32,24155588.78,1251153531.91,5853506893.55,1880045264.65,2644915495.46,1299147964.88,1100569064.7999997,0.3246678192505799,974,1878698744.5,1928848.813655031,-131118446.56,16,101.25430141476842,1032874310.9,922820055.89,284337742.26,671540946.35,873790148.97,1004908595.53,9812,6165601154.27,-241819940.09,16,2961890607.09,3203710547.18,1245801034.8,1278449516.67,1169172471.98,1234347416.88,1237830713.94,2847548003.23,593983023.99,2724070127.05,20973069049.22,0.29397705885583314,141.91296087063375,0.15336396711271116,0.09758433016759178,116.85302812279294,-0.043529721511544106,0.1397410088241194,155.51141117249563,0.18997017101954383,0.13723182222243396,142.84085780207607,0.14262742587918686,0.10988679888477387
E11,FY2024,Pepkor Holdings,consumer,310619,34608929568.72,111419.22924457294,46153.57,3205643429.82,18647425126.51,11194894.7,6293838497.86,9622931154.71,33539894.94,3514272919.51,15491618367.29,5275823471.24,6856721335.17,3470493475.51,3284357867.21,0.34130534806979806,1073,1512284019.0,1409397.9673811742,-191039772.02,22,108.6839768671456,740990932.02,732334180.08,255099717.65,524850121.27,660622123.49,851661895.51,13975,6367431874.15,-226779966.39,22,3070325953.88,3297105920.27,1326415249.87,1233712243.49,1295730747.34,1278907939.36,1232665694.09,2910619597.93,626406631.76,2830405644.46,42488645461.87,0.14986196441268612,100.0,,0.2503979606037377,100.0,,0.12341237176707248,100.0,,0.14875304221956095,100.0,,0.21983518623709186
E11,FY2025,Pepkor Holdings,consumer,309331,34233324511.65,110668.90971693753,46218.35,3054146924.91,18347450049.41,10918415.72,6253006772.41,9595027198.94,26922075.17,3385668666.24,15402466216.97,5246600702.2,6857225605.16,3341363321.08,3304179935.6400003,0.34436379044397347,1001,1480922873.83,1479443.4303996004,67170275.11,22,111.51736194778226,811578436.15,773735822.78,264563917.75,442623133.3,774046574.47,706876299.36,14701,6970919069.68,-258232470.49999997,22,3356343299.59,3614575770.09,1365530004.18,1331944556.24,1449761586.03,1379015518.78,1444667404.45,3172374748.82,711671513.09,3086872807.77,42685166455.16,0.163310106263796,98.914716341272,-0.01085283658727998,0.25706486963462055,97.92623972904656,-0.02073760270953451,0.1174628594066224,109.47771735069503,0.09477717350695047,0.15320077247028072,100.46252590816613,0.004625259081661337,0.22315608346519467
E11,FY2026,Pepkor Holdings,consumer,309919,34198174240.7,110345.52331641494,46129.55,3150258889.34,18343440922.7,11383454.24,6231919739.51,9581097431.6,30332692.65,3368918594.32,15403341555.39,5171460235.49,6861630354.53,3392823500.97,3307461545.200001,0.3452069628570377,1077,1533077406.45,1423470.2009749303,-105714457.61,22,111.34015498500337,746444749.54,800072177.59,184739836.57,548265392.29,713681474.42,819395932.03,14202,6655520139.92,-411941614.24,22,3121789262.84,3533730877.08,1309352694.73,1463400459.41,1280447268.65,1263978080.25,1338341636.88,2992629762.37,635414295.62,3027476081.93,42386771787.07,0.15701880231299553,98.81315217448606,-0.0010267851998434496,0.25812247766193164,101.37496575965602,0.035217588668285504,0.11403306890472431,104.52440279635434,-0.04524495645514337,0.14813626989264272,99.7602331783172,-0.006990593990150229,0.22208226444158835
E12,FY2024,Clicks Group,consumer,2993,187232797.41,62556.89856665553,32436.4,-19712615.87,46997404.51,43699.71000000001,73618808.63,64252029.78,2320854.7800000003,17669844.61,89574221.51,26800247.66,35351496.16,17836987.47,-11731333.339999989,-0.18258307761121734,78,74091890.33,949896.0298717949,2141523.1100000017,19,93.98538972800966,40583535.92,35987515.1,5914812.63,32189562.6,38116706.72,35975183.61,2614,1013158662.74,407304.2599999989,18,506782983.5,506375679.24,187661514.78,221761367.33,203175228.18,192242811.48,208317740.97,452384462.73,95782876.12,464991323.89,1274483350.48,0.7949563737795562,100.0,,0.0013546420306500893,100.0,,0.006046387979671643,100.0,,0.02366895104846265,100.0,,0.006594144898318266
E12,FY2025,Clicks Group,consumer,3015,204912540.24,67964.35828855721,32343.36,-15437204.7,55726716.1,45215.71,76062102.59,70686010.19,2392495.65,23863652.41,97126078.86,28372639.06,33664930.67,21885239.24,-7813803.760000005,-0.1105424360350364,63,97750716.68,1551598.6774603175,-20237679.92,18,108.29117671181046,37919486.33,66062269.72,8241160.31,23447286.65,38756518.379999995,58994198.3,2605,1012883874.23,-23219033.45,18,494832420.39,518051453.84,177472922.56,223852670.91,197989920.68,218319852.53,195248507.55,440124695.14,96026555.03,476732624.06,1315547131.15,0.7699335510272265,109.44265271606508,0.09442652716065081,0.0015387291825942392,131.93173536891186,0.31931735368911873,0.0077533265865386905,99.97287803775404,-0.0002712196224595731,0.022260277361368066,103.22199428141094,0.03221994281410945,0.006877619786482484
E12,FY2026,Clicks Group,consumer,3018,197714520.05,65511.76940026508,34515.884999999995,922024.6700000004,45450432.7,8004.65,78856913.64,70289732.94,3109436.12,18691404.95,85731537.74,28163934.76,44928544.78,20199097.82,-11684621.470000014,-0.1662351097559884,60,63867542.63,1064459.0438333333,-17701380.59,18,118.34656884465134,29010349.95,38855955.68,6203885.96,18807700.99,23083081.02,40784461.61,2606,1005496789.56,-52194375.92,18,476651206.82,528845582.74,227498158.34,188545294.1,196578839.79,204657834.97,188216662.35999998,465816476.49,109538009.16,430142303.91,1267078852.24,0.7935550244425883,105.59823000296645,-0.03512728006577559,0.0014923183157628428,86.20044966532575,-0.3466283951750563,0.004750583277048468,99.24376373989844,-0.007293121016084703,0.02238000046022494,99.41901961785446,-0.03684267766798366,0.00663876320058295
E13,FY2024,NEPI Rockcastle,real_estate,641,28614885.96,44641.00773790952,22027.87,-2139539.1399999997,7785369.77,7497.33,10890227.43,9550605.05,381186.38,3600570.48,12373071.24,3257443.97,6116393.6,3267406.67,-1728306.0899999999,-0.18096299459058876,6,1511615.55,251935.92500000002,1415915.81,3,129.94566991587246,737661.29,588355.24,569849.38,353410.93,1463765.68,47849.87,684,151248667.58,-11717729.14,11,69765469.22,81483198.36,40415722.54,27553966.99,24313240.78,25139702.27,33826035.0,60985185.78,17242655.22,73020826.58,181375169.09,0.8338995262628759,100.0,,0.0002070306471936782,100.0,,0.00012335782027826067,100.0,,0.003533402457828962,100.0,,0.0009384305769753599
E13,FY2025,NEPI Rockcastle,real_estate,963,39684355.88,41209.09229491174,21838.46,-4501685.32,8747555.39,0.0,16238294.9,14031936.99,666568.6,3551317.81,19699835.73,5186031.74,7733043.49,3514127.11,-2872926.51,-0.20474197625370036,6,2344684.5700000003,390780.7616666667,1553956.83,4,71.48965031147024,1021736.13,596774.55,1419303.03,328606.99,1949320.7000000002,395363.87,1019,256599278.17,-3970376.590000001,11,126314450.79,130284827.38,47132579.51,47732675.43,66285161.7,49897014.0,45551847.53,108221705.18,30992317.49,117385255.5,298628318.62,0.8592596956503602,138.68430555856042,0.38684305558560417,0.00029799775266800083,155.111170297236,0.5511117029723598,0.00018597413738806397,169.6539098661989,0.6965390986619888,0.0056393148791447694,164.6467485699864,0.646467485699864,0.0015612150901423883
E13,FY2026,NEPI Rockcastle,real_estate,1184,48368287.3,40851.59400337838,21205.410000000003,-2379852.5,10911403.76,7559.67,20683305.99,16368018.04,397999.83999999997,6285258.99,21816773.43,6793920.56,8492947.31,4979387.01,-4720847.460000001,-0.2884190039663471,8,3904356.82,488044.6025,-3904356.82,5,121.71834537909884,1828765.27,0.0,3904356.82,0.0,0.0,3904356.82,1175,304225516.69,-10585812.85,11,146819851.92,157405664.77,70288327.71,56300793.51,57325424.71,49855594.31,70455376.45,136929808.05,26895347.88,140400360.76,356498160.81,0.8533719108080915,169.03190656643804,0.21882505656029805,0.00036507627776460465,258.29033182412024,0.6651949136168875,0.00029041311835301055,201.14260942436792,0.18560550465947556,0.006771346536584928,196.55290335420852,0.19378551390378518,0.0018678449781376733
E14,FY2024,Prosus,tech,16457,2003620474.21,121748.82871787081,49517.73,141792757.47,1129101727.07,1456633.49,343543949.05,524534203.4,4983961.2,182974795.13,922034332.92,307936429.57,401378370.33,189296546.26,174549659.65999997,0.3327707869736221,14,52082721.77,3720194.4121428574,-36931080.05,7,82.65325306845997,43875525.76,1335399.0,20456352.810000002,30290969.96,7575820.86,44506900.91,3969,1937347973.04,-60413916.5,11,938467028.27,998880944.77,393876068.58,393961715.89,369462372.55,370880230.92,409167585.1,900840940.57,191093054.44,845413978.03,3993051169.02,0.4851798514556667,100.0,,0.014496330479389431,100.0,,0.004250294350111915,100.0,,0.045259440622766066,100.0,,0.02065994662464617
E14,FY2025,Prosus,tech,16543,1940810290.72,117319.12535332165,48468.13,240345849.76,1102488795.92,1534171.1199999999,327042409.85,506685606.51,3059307.32,194390348.67,855709737.68,294129396.84,392567036.46,204013771.07,175049718.21999997,0.345479950428679,13,16390368.77,1260797.5976923076,-11565223.93,8,151.29487351674763,15364750.600000001,448287.13,2851582.13,13090499.51,2412572.42,13977796.35,4146,2083659052.44,-63354129.88000001,11,1010152461.28,1073506591.16,381979465.21,435341482.27,457956896.43,423164931.86,385216276.67,899967355.65,214739906.1,968951790.6899999,4040859711.9300003,0.5156474614271626,96.86516561901449,-0.03134834380985507,0.01457393202344927,31.469877558205805,-0.685301224417942,0.0013000404116076955,107.55213216397131,0.07552132163971303,0.045792839252278804,101.19729352032655,0.011972935203265589,0.02112542838725621
E14,FY2026,Prosus,tech,16703,1933042350.68,115730.24909776688,47206.93,257042835.72,1083981431.05,1653141.57,326813377.8,517639594.93,2954805.33,210645080.52,863967197.84,268990191.81,397017861.28,192422019.23,186218270.23000002,0.3597450273393058,11,32376358.75,2943305.340909091,-18786040.009999998,7,98.22632643795991,1724870.59,12110886.5,7769874.4799999995,12495597.77,6795159.37,25581199.38,4010,1973314428.53,-120074404.11000001,11,926620012.21,1046694416.32,378400691.03000003,418391822.46999997,389687383.11,404582557.93,382251973.99,858209664.56,194345293.03,920759470.94,3938733137.96,0.5010023170932684,96.477470437218,-0.004002421090377739,0.014590301735732454,62.16333872291789,0.9753282677361017,0.0024082120920247444,101.85647885617384,-0.052957139883698656,0.043921351392872475,98.63968607561493,-0.025273476747655343,0.020636692473384167
E15,FY2024,Naspers,tech,10864,1382912410.07,127293.11580173048,50861.325,47995261.49,800697627.33,1052074.83,231196715.39,347902424.93,2063567.59,111977454.87,618936630.11,235645795.06,277505491.24,138847038.79,113590067.12,0.3264997855155939,32,46381440.22,1449420.006875,-104690.90000000037,10,114.96448971307947,20212412.21,18288089.08,15076351.75,13016999.39,23138374.66,23243065.56,3899,1897997790.83,-76866313.71,11,910565738.56,987432052.27,425177531.49,373134868.93,347079248.43,384461761.16,368144380.82,818853267.46,205854280.12,873290243.25,3327291641.12,0.5704332518898508,100.0,,0.010005465395500089,100.0,,0.0037850320915960747,100.0,,0.044340159595293284,100.0,,0.01721532352089582
E15,FY2025,Naspers,tech,10909,1354032760.79,124120.70407828398,51319.86,155818360.23,771037547.1,1087476.33,223990832.84,355819549.41,2097355.11,140220248.79,619980388.32,184915069.56,269556448.66,139360605.46,128643885.13,0.36154248787991006,28,40600208.839999996,1450007.4585714284,10707104.059999999,9,149.99697850445835,28080500.54,21316053.77,6084583.88,13199571.19,25653656.45,14946552.39,4105,2018407792.74,-81354222.4,11,968526785.17,1049881007.57,430129458.17,440095850.88,371718087.37,367459692.07,409004704.25,922514146.0,214781263.9,881112382.84,3413040762.37,0.5913810977570707,97.91167907166745,-0.020883209283325543,0.0101677023806155,87.53546385671073,-0.12464536143289262,0.0032203004674501903,106.3440538493643,0.06344053849364295,0.044358804042462806,102.57714473207814,0.025771447320781293,0.01784321984635204
E15,FY2026,Naspers,tech,10937,1459744404.2,133468.44694157448,52093.87,54773719.56,849703589.7,1012132.7,236415508.49,368658613.56,3954559.75,125504418.53999999,673912869.76,201344978.56,313649291.77,145332845.57,127276412.62,0.3452419336983306,28,45388341.4,1621012.1928571428,-22162663.3,11,156.05405066200547,33401487.64,16301992.29,18657055.37,10429293.74,11612839.049999999,33775502.35,3930,2053358828.74,-132090527.58,11,960634150.58,1092724678.16,401284675.9,412744166.68,419391883.85,414417462.6,405520639.71,943405507.78,201550557.25,908402763.71,3558491574.34,0.5770306844469177,105.55581059006558,0.07807170289463561,0.011017922761409138,97.85884436686429,0.11793369287506361,0.0033760668838779566,108.18552258915224,0.01731614202328946,0.045702952022668754,106.94859237353104,0.04261619538027439,0.018644445743490487
E16,FY2024,MTN Group,telecoms,70355,10538121320.63,149784.96653585386,60636.18,931153038.33,6014155422.32,7969930.98,1788270843.37,2701612746.62,26112377.34,1100719492.24,4707041314.16,1595435226.44,2149214312.45,985710975.34,879259594.9300001,0.32545730176541615,835,1468319756.25,1758466.7739520958,-148404199.29,20,105.55752380022504,700157986.7,295162072.18,650931241.92,522226442.15,659957778.48,808361977.77,10408,6437338428.54,-284425569.64,19,3076456429.45,3360881999.09,1318983898.21,1324277257.97,1275982022.0,1256603812.57,1261491437.79,2941557969.72,635019296.97,2860761161.85,18443779505.42,0.3490249071047659,100.0,,0.07624402488499477,100.0,,0.119824597333963,100.0,,0.15038616729135262,100.0,,0.09542765269202379
E16,FY2025,MTN Group,telecoms,70125,10429339783.25,148724.98799643494,61116.63,942290277.61,5955920006.51,8355639.55,1735850627.55,2707182726.86,22030782.78,1039506539.18,4789246960.97,1546927789.37,2006573766.13,1047084727.6,940945676.9800003,0.3475737591128109,794,1492374953.76,1879565.4329471032,-239346532.52,20,115.48420051564749,742228362.94,321591263.44,545479541.18,625304149.14,626514210.62,865860743.14,10877,6669570788.17,-643328182.51,19,3013121302.83,3656449485.34,1230362528.4,1279518266.35,1408458320.81,1268241054.06,1482990618.55,2983868034.78,690288136.87,2995414616.52,18591285525.18,0.3587471549042021,98.9677331084902,-0.010322668915098032,0.07831599501368736,101.63828058620116,0.016382805862011685,0.11837120789559674,103.60758350998599,0.03607583509985979,0.1465780030695103,100.79976026451983,0.007997602645198443,0.09719438411328511
E16,FY2026,MTN Group,telecoms,69947,10437049863.52,149213.68841437087,60592.3,908090629.0,5988006090.37,8304398.45,1738549368.78,2678835912.23,23354093.69,1012607316.09,4653712114.01,1573960781.17,2199360947.66,997408704.59,908628051.31,0.3391876475754767,784,1443169160.97,1840776.9910331634,-218832872.19,20,100.94381551704895,678998698.85,318420571.97,552807603.62,571940985.38,612168144.39,831001016.58,10492,6209646180.28,-272710913.0,19,2968467633.64,3241178546.64,1190772782.72,1292272322.43,1261675799.77,1261437638.76,1203487636.6,2765688699.34,669960427.19,2773997053.75,18089865204.77,0.34326658103801777,99.04089681609437,0.0007392682979208143,0.07877722217833123,98.28711728675277,-0.03297146783790983,0.1073455310747432,96.46294426201791,-0.06895865153808411,0.13821216120770885,98.08111834916485,-0.026970718067391153,0.09478047180143902
E17,FY2024,Vodacom Group,telecoms,2580,238219711.42,92333.22148062015,45926.025,-4640317.9399999995,63318655.72,49055.020000000004,90561100.58,82766536.48,1524363.62,24053998.02,114882591.86,37468300.46,43633258.87,18181562.21,-9367982.739999995,-0.11318563200072661,84,138161165.4,1644775.7785714287,-20101905.400000002,18,121.05275819387377,42148064.72,20513260.4,84649445.54,32998459.46,59029630.0,79131535.4,5560,3021302785.11,-69819929.85000001,20,1475741427.63,1545561357.48,707769791.75,567923619.12,581383367.63,575250472.3,588975534.31,1319668451.57,322008238.68,1379626094.86,3397683661.9300003,0.8892242732785185,100.0,,0.0017235358232255504,100.0,,0.01127486430716345,100.0,,0.07058229905467814,99.99999999999999,,0.017579530071520244
E17,FY2025,Vodacom Group,telecoms,2633,250390831.79,95097.1636118496,45747.59,-7009434.53,72415818.36,35072.21,84905193.78,89496297.97,3538449.47,30912378.71,116929617.29,31565457.71,49562542.25,21420835.83,1017582.5100000054,0.011370107290260303,106,197559647.55,1863770.2599056605,-52698930.57,21,99.62269001476561,143059390.18,71226548.82000001,63285258.51,63047840.22,72430358.49,125129289.06,5714,3067482370.78,14271534.420000002,20,1540876952.6,1526605418.18,608168330.46,649366039.61,601905766.29,611790232.24,596252002.18,1283426221.81,317317227.85,1466738921.12,3515432850.1200004,0.8725760102842786,105.10919952738142,0.05109199527381403,0.0018802347551695078,142.99216931040738,0.4299216931040739,0.015669905242648993,101.52846599478836,0.015284659947883528,0.06741444909129274,103.46557242833828,0.034655724283382705,0.018378520963289645
E17,FY2026,Vodacom Group,telecoms,2636,249580595.32,94681.56119878603,45661.405,17939404.38,68092601.01,17005.88,91730704.34,86918929.47,2821354.62,22724024.91,115840660.65,35369652.76,53513724.16,22132532.84,-7650135.370000005,-0.08801460644588867,113,180738873.83,1599459.060442478,-4001740.9300000016,21,105.75155188295442,76446327.92999999,34390640.46,84743474.71,61604758.66,88368566.45,92370307.38,5543,2910734803.48,-115187654.32000001,20,1397773574.58,1512961228.9,568704867.32,552055254.95,595683421.91,579385974.54,614905284.76,1347341106.28,285019948.98,1278373748.22,3341054272.63,0.8712024905805368,104.76907802141103,-0.003235887129763304,0.0018837953507958862,130.81742131135786,-0.0851427603187177,0.013443684165265826,96.34038726026016,-0.05109974511773396,0.06478613051562407,98.33329423999899,-0.049603728736860364,0.017505199551768096
E18,FY2024,The Bidvest Group,industrials_pharma,33999,4262167817.65,125361.5640945322,50695.8,287430016.35,2452445231.76,3288299.49,723463597.13,1073630077.51,9340611.76,449065378.91,1949708747.66,602801552.05,856946147.92,403645991.11,337537569.13,0.31438907702067065,748,1159728398.19,1550439.035013369,-32047573.810000006,23,110.6583750814774,508826126.88,339316240.01,276784958.56,543627199.62,563840412.1899999,595887986.0,3216,1703520513.74,-176604266.74,23,763458123.5,940062390.24,308432406.41,380302525.14,333770271.1,360958554.52,320056756.57,778795122.44,167810971.39,756914419.91,7125416729.58,0.23907661522000723,100.0,,0.03083707420569942,100.0,,0.09464150280507312,100.0,,0.03979687005855587,100.0,,0.03686672749240353
E18,FY2025,The Bidvest Group,industrials_pharma,34888,4362322470.93,125037.9061835015,50907.119999999995,376932502.07,2489702921.65,3485184.58,734657291.08,1125093715.77,9383357.85,423700055.6,1997467137.21,665689594.26,866345505.94,409120177.92,377567882.2599999,0.33558793989138685,716,1149158737.05,1604970.303142458,-86642616.37,23,107.32356179704512,616921989.32,268599996.05,300342003.72,580216737.28,531258060.34,617900676.71,3264,1663002641.6299999,-152777705.13,23,755112468.25,907890173.38,334255557.29,384311820.46999997,304654525.16,325670028.83,314110709.88,735328353.49,190438105.87,737236182.27,7174483849.610001,0.2317940463020764,102.34985241231588,0.023498524123158893,0.03275755052396885,99.08860892287399,-0.009113910771260114,0.09114821139665313,97.62152132696983,-0.02378478673030182,0.03654801996281514,100.68862105743662,0.006886210574366336,0.0375078709941336
E18,FY2026,The Bidvest Group,industrials_pharma,38747,4730898439.28,122097.15434175548,51045.38,565122689.42,2646775854.14,3488848.32,802390953.39,1268445492.47,9797290.96,498022827.46,2132208494.15,718708567.25,932434932.6,449523617.82,452768399.79999995,0.3569474624552764,878,1464030785.52,1667461.0313439635,-369595960.98,23,109.54336560527821,695193996.14,464023107.39,370953368.66,629054309.47,547217412.27,916813373.25,3156,1614257873.59,-75022367.71,23,769617752.94,844640120.65,331748943.67,309336019.15,334130407.6,315354051.06,323688452.11,714385108.85,177823801.4,722048963.34,7809187098.389999,0.2067126646156048,110.99746987176212,0.08449076628473606,0.0357080824876493,126.23910803640989,0.2740022229464196,0.10889725642126909,94.76010770460123,-0.029311299224529574,0.03592959453373785,109.59621583915842,0.08846674716739389,0.04091564139327843
E19,FY2024,Aspen Pharmacare,industrials_pharma,33896,3096256970.49,91345.79214332074,37137.94,260418806.53,1789027114.23,2509017.58,511422221.13,786032108.99,7266508.56,312777376.68,1432287345.63,451890736.27,608412119.62,290889392.29,264834361.72000003,0.3369256277078743,356,394815032.97,1109030.991488764,20383692.63,18,102.56469438975729,161092906.19,111463908.93,106316550.68,177034573.36,207599362.8,187215670.17,3750,1439253945.85,-55048162.25,17,692102891.8,747151054.05,300464705.83,275382801.51,349337158.07,236434086.25,277635194.19,646702420.21,144724141.52,647827384.12,4930325949.309999,0.29191861971142574,100.00000000000001,,0.02240162988503771,99.99999999999999,,0.032219516318331615,100.0,,0.033623194908586986,100.0,,0.025509382836146264
E19,FY2025,Aspen Pharmacare,industrials_pharma,34229,3039264641.47,88792.09563440357,36385.41,237946864.54999998,1728627875.75,2575179.15,522835219.4,778414132.28,6812234.890000001,320255284.01,1373580580.52,439453355.01,603833074.66,302142347.27,246191498.84000003,0.3162731618436798,345,369167494.88,1070050.7097971013,-50629406.519999996,18,108.94797786631719,152625961.39,119194191.27,81461507.92,168511795.69,159269044.18,209898450.7,3769,1370773631.01,-85372958.67,17,642700336.17,728073294.84,279172746.2,234016753.4,287177311.24,291923752.05,278483068.12,600770673.45,158797827.98,611205129.58,4779205767.36,0.28682038349798983,98.15931527766637,-0.01840684722333641,0.02282244508793517,93.50391045217651,-0.06496089547823491,0.029281382788312764,95.24195747126775,-0.047580425287322425,0.030125665934931555,96.93488455928255,-0.030651154407174475,0.024985467545000115
E19,FY2026,Aspen Pharmacare,industrials_pharma,38526,3552361061.83,92206.84892877538,37583.44,264327997.57,2072243343.66,2426896.98,579823827.55,891942290.58,5924703.06,361291165.17,1602881407.96,508704481.18,738012745.1,341471262.42,303766862.9900001,0.3405678441286496,426,532422716.56,1249818.5834741783,-30563824.799999993,18,116.28045187751333,228067535.17,181457425.52,142241394.75,208723896.29,250929445.88,281493270.68,3653,1412986990.35,-77237869.63,17,667874560.36,745112429.99,283937577.89,272426989.09,294844173.87,292936094.93,268842154.57,602877942.4,134475649.29,675633398.66,5497770768.74,0.25701089583148146,114.7308216238854,0.1688225544294264,0.026812666441650396,134.85370923058446,0.442225342003816,0.03960256414222168,98.17496032748501,0.03079528113543928,0.0314497766901501,111.50927596398398,0.15035238831679987,0.028805151471219183
E20,FY2024,Shaftesbury Capital plc,real_estate,480,12890647.6,26855.51583333333,16422.97,-1492245.1400000001,0.0,0.0,6771089.8,5699201.23,420356.57,1804318.94,4936540.67,2438250.61,3075706.03,635831.35,-1492245.1399999997,-0.26183408512494294,12,10091257.18,840938.0983333333,6641963.08,7,67.0455902601424,3664422.39,2267526.7,5347751.140000001,2475979.34,8366610.130000001,1724647.05,554,99418406.07000001,-13007573.47,11,43205416.3,56212989.77,18961570.95,19032023.59,11267053.07,25195658.3,24962100.16,6367370.48,9015985.02,84035050.57000001,122400310.85000001,0.8122398168729814,100.0,,9.326471260812372e-05,100.0,,0.0008235132865576485,99.99999999999999,,0.002322567504109551,99.99999999999999,,0.000633296139208186
E20,FY2025,Shaftesbury Capital plc,real_estate,483,12379219.84,25629.854741200827,15186.07,247712.71999999997,0.0,4739.5,5871450.04,6313466.28,189564.02,1138099.93,5437771.02,2325676.92,2221484.35,1256187.62,247712.72000000067,0.03923561305533743,6,2329190.81,388198.4683333333,414514.49000000005,5,65.50555598319572,1633828.94,1048579.95,1280610.8599999999,0.0,1371852.65,957338.1599999999,613,127748403.09,-8917097.11,11,59415652.99,68332750.1,22855223.48,27127162.79,19089518.11,31724156.16,26952342.55,5166227.4799999995,9236116.24,113346059.37,142456813.74,0.8967517926040061,96.03256736302372,-0.03967432636976287,9.295803372135087e-05,23.081274894234735,-0.7691872510576526,0.00018474521359687884,128.49572643525684,0.28495726435256863,0.0028075428562006257,116.38599015861894,0.16385990158618946,0.0007447576583903934
E20,FY2026,Shaftesbury Capital plc,real_estate,455,12046811.59,26476.50898901099,13780.24,-542436.85,0.0,4680.83,6077175.1,5752187.37,212768.29,998007.23,5320043.45,1924442.6,2573009.57,1231308.74,-542436.8499999996,-0.09430097024116925,12,8340761.67,695063.4725,6809479.15,6,101.4872443178202,4887359.27,0.0,8051238.28,289523.39,7575120.41,765641.26,607,111379150.66,7277432.079999999,11,59328291.37,52050859.29,23361694.08,18285909.72,26908872.26,23269091.09,19553583.51,4775772.78,9783993.44,96819384.44,131766723.91999999,0.8452752511902931,93.45388970217446,-0.026852116231583123,9.092745225669172e-05,82.65334557651221,2.580969680195501,0.0006204009309845722,112.03071449523993,-0.12813665011896636,0.0024790386890454815,107.65227882589154,-0.07504091618608477,0.0006903817203444079
