row_label,column_header,value_raw,value,entity_id,entity_name,source_file,page,table_index,table_title,currency,unit_scale
,1,2454,2454.0,E08,Sanlam,Sanlam_23&24.pdf,1,0,"2024
2023
2024
2024
2024
2023
2024
R million
2023
2023",ZAR,1000000.0
,1,1163,1163.0,E08,Sanlam,Sanlam_23&24.pdf,1,0,"2024
2023
2024
2024
2024
2023
2024
R million
2023
2023",ZAR,1000000.0
,1,607,607.0,E08,Sanlam,Sanlam_23&24.pdf,1,0,"2024
2023
2024
2024
2024
2023
2024
R million
2023
2023",ZAR,1000000.0
,1,751,751.0,E08,Sanlam,Sanlam_23&24.pdf,1,0,"2024
2023
2024
2024
2024
2023
2024
R million
2023
2023",ZAR,1000000.0
,1,3 692,3692.0,E08,Sanlam,Sanlam_23&24.pdf,1,0,"2024
2023
2024
2024
2024
2023
2024
R million
2023
2023",ZAR,1000000.0
,1,2 768,2768.0,E08,Sanlam,Sanlam_23&24.pdf,1,0,"2024
2023
2024
2024
2024
2023
2024
R million
2023
2023",ZAR,1000000.0
,1,118,118.0,E08,Sanlam,Sanlam_23&24.pdf,1,0,"2024
2023
2024
2024
2024
2023
2024
R million
2023
2023",ZAR,1000000.0
,1,551,551.0,E08,Sanlam,Sanlam_23&24.pdf,1,0,"2024
2023
2024
2024
2024
2023
2024
R million
2023
2023",ZAR,1000000.0
,1,41 501,41501.0,E08,Sanlam,Sanlam_23&24.pdf,1,0,"2024
2023
2024
2024
2024
2023
2024
R million
2023
2023",ZAR,1000000.0
,1,364,364.0,E08,Sanlam,Sanlam_23&24.pdf,1,0,"2024
2023
2024
2024
2024
2023
2024
R million
2023
2023",ZAR,1000000.0
,1,5 341,5341.0,E08,Sanlam,Sanlam_23&24.pdf,1,0,"2024
2023
2024
2024
2024
2023
2024
R million
2023
2023",ZAR,1000000.0
,1,3 739,3739.0,E08,Sanlam,Sanlam_23&24.pdf,1,0,"2024
2023
2024
2024
2024
2023
2024
R million
2023
2023",ZAR,1000000.0
,1,19 798,19798.0,E08,Sanlam,Sanlam_23&24.pdf,1,0,"2024
2023
2024
2024
2024
2023
2024
R million
2023
2023",ZAR,1000000.0
,1,869,869.0,E08,Sanlam,Sanlam_23&24.pdf,1,0,"2024
2023
2024
2024
2024
2023
2024
R million
2023
2023",ZAR,1000000.0
,1,9941,9941.0,E08,Sanlam,Sanlam_23&24.pdf,1,0,"2024
2023
2024
2024
2024
2023
2024
R million
2023
2023",ZAR,1000000.0
,1,1449,1449.0,E08,Sanlam,Sanlam_23&24.pdf,1,0,"2024
2023
2024
2024
2024
2023
2024
R million
2023
2023",ZAR,1000000.0
,1,533,533.0,E08,Sanlam,Sanlam_23&24.pdf,1,0,"2024
2023
2024
2024
2024
2023
2024
R million
2023
2023",ZAR,1000000.0
,1,4213,4213.0,E08,Sanlam,Sanlam_23&24.pdf,1,0,"2024
2023
2024
2024
2024
2023
2024
R million
2023
2023",ZAR,1000000.0
,1,14 675,14675.0,E08,Sanlam,Sanlam_23&24.pdf,1,0,"2024
2023
2024
2024
2024
2023
2024
R million
2023
2023",ZAR,1000000.0
,1,8 134,8134.0,E08,Sanlam,Sanlam_23&24.pdf,1,0,"2024
2023
2024
2024
2024
2023
2024
R million
2023
2023",ZAR,1000000.0
,1,63,63.0,E08,Sanlam,Sanlam_23&24.pdf,1,0,"2024
2023
2024
2024
2024
2023
2024
R million
2023
2023",ZAR,1000000.0
,1,6 478,6478.0,E08,Sanlam,Sanlam_23&24.pdf,1,0,"2024
2023
2024
2024
2024
2023
2024
R million
2023
2023",ZAR,1000000.0
Total assets,1,73 026,73026.0,E08,Sanlam,Sanlam_23&24.pdf,1,0,"2024
2023
2024
2024
2024
2023
2024
R million
2023
2023",ZAR,1000000.0
Shareholders’ fund,1,41 244,41244.0,E08,Sanlam,Sanlam_23&24.pdf,1,0,"2024
2023
2024
2024
2024
2023
2024
R million
2023
2023",ZAR,1000000.0
Non-controlling interest,1,1449,1449.0,E08,Sanlam,Sanlam_23&24.pdf,1,0,"2024
2023
2024
2024
2024
2023
2024
R million
2023
2023",ZAR,1000000.0
Total equity,1,42 693,42693.0,E08,Sanlam,Sanlam_23&24.pdf,1,0,"2024
2023
2024
2024
2024
2023
2024
R million
2023
2023",ZAR,1000000.0
Insurance contract liabilities,1,47,47.0,E08,Sanlam,Sanlam_23&24.pdf,1,0,"2024
2023
2024
2024
2024
2023
2024
R million
2023
2023",ZAR,1000000.0
Term finance,1,16 876,16876.0,E08,Sanlam,Sanlam_23&24.pdf,1,0,"2024
2023
2024
2024
2024
2023
2024
R million
2023
2023",ZAR,1000000.0
Lease liabilities,1,768,768.0,E08,Sanlam,Sanlam_23&24.pdf,1,0,"2024
2023
2024
2024
2024
2023
2024
R million
2023
2023",ZAR,1000000.0
Structured transactions liabilities,1,827,827.0,E08,Sanlam,Sanlam_23&24.pdf,1,0,"2024
2023
2024
2024
2024
2023
2024
R million
2023
2023",ZAR,1000000.0
Deferred tax,1,5 299,5299.0,E08,Sanlam,Sanlam_23&24.pdf,1,0,"2024
2023
2024
2024
2024
2023
2024
R million
2023
2023",ZAR,1000000.0
Trading account liabilities,1,654,654.0,E08,Sanlam,Sanlam_23&24.pdf,1,0,"2024
2023
2024
2024
2024
2023
2024
R million
2023
2023",ZAR,1000000.0
"as held for sale
None",1,925,925.0,E08,Sanlam,Sanlam_23&24.pdf,1,0,"2024
2023
2024
2024
2024
2023
2024
R million
2023
2023",ZAR,1000000.0
,2,2797,2797.0,E08,Sanlam,Sanlam_23&24.pdf,1,0,"2024
2023
2024
2024
2024
2023
2024
R million
2023
2023",ZAR,1000000.0
,2,841,841.0,E08,Sanlam,Sanlam_23&24.pdf,1,0,"2024
2023
2024
2024
2024
2023
2024
R million
2023
2023",ZAR,1000000.0
,2,487,487.0,E08,Sanlam,Sanlam_23&24.pdf,1,0,"2024
2023
2024
2024
2024
2023
2024
R million
2023
2023",ZAR,1000000.0
,2,817,817.0,E08,Sanlam,Sanlam_23&24.pdf,1,0,"2024
2023
2024
2024
2024
2023
2024
R million
2023
2023",ZAR,1000000.0
,2,2757,2757.0,E08,Sanlam,Sanlam_23&24.pdf,1,0,"2024
2023
2024
2024
2024
2023
2024
R million
2023
2023",ZAR,1000000.0
,2,2 422,2422.0,E08,Sanlam,Sanlam_23&24.pdf,1,0,"2024
2023
2024
2024
2024
2023
2024
R million
2023
2023",ZAR,1000000.0
,2,548,548.0,E08,Sanlam,Sanlam_23&24.pdf,1,0,"2024
2023
2024
2024
2024
2023
2024
R million
2023
2023",ZAR,1000000.0
,2,30 205,30205.0,E08,Sanlam,Sanlam_23&24.pdf,1,0,"2024
2023
2024
2024
2024
2023
2024
R million
2023
2023",ZAR,1000000.0
,2,898,898.0,E08,Sanlam,Sanlam_23&24.pdf,1,0,"2024
2023
2024
2024
2024
2023
2024
R million
2023
2023",ZAR,1000000.0
,2,1 424,1424.0,E08,Sanlam,Sanlam_23&24.pdf,1,0,"2024
2023
2024
2024
2024
2023
2024
R million
2023
2023",ZAR,1000000.0
,2,1544,1544.0,E08,Sanlam,Sanlam_23&24.pdf,1,0,"2024
2023
2024
2024
2024
2023
2024
R million
2023
2023",ZAR,1000000.0
,2,12 235,12235.0,E08,Sanlam,Sanlam_23&24.pdf,1,0,"2024
2023
2024
2024
2024
2023
2024
R million
2023
2023",ZAR,1000000.0
,2,647,647.0,E08,Sanlam,Sanlam_23&24.pdf,1,0,"2024
2023
2024
2024
2024
2023
2024
R million
2023
2023",ZAR,1000000.0
,2,8 217,8217.0,E08,Sanlam,Sanlam_23&24.pdf,1,0,"2024
2023
2024
2024
2024
2023
2024
R million
2023
2023",ZAR,1000000.0
,2,5 240,5240.0,E08,Sanlam,Sanlam_23&24.pdf,1,0,"2024
2023
2024
2024
2024
2023
2024
R million
2023
2023",ZAR,1000000.0
,2,229,229.0,E08,Sanlam,Sanlam_23&24.pdf,1,0,"2024
2023
2024
2024
2024
2023
2024
R million
2023
2023",ZAR,1000000.0
,2,4065,4065.0,E08,Sanlam,Sanlam_23&24.pdf,1,0,"2024
2023
2024
2024
2024
2023
2024
R million
2023
2023",ZAR,1000000.0
,2,15178,15178.0,E08,Sanlam,Sanlam_23&24.pdf,1,0,"2024
2023
2024
2024
2024
2023
2024
R million
2023
2023",ZAR,1000000.0
,2,8 320,8320.0,E08,Sanlam,Sanlam_23&24.pdf,1,0,"2024
2023
2024
2024
2024
2023
2024
R million
2023
2023",ZAR,1000000.0
,2,53,53.0,E08,Sanlam,Sanlam_23&24.pdf,1,0,"2024
2023
2024
2024
2024
2023
2024
R million
2023
2023",ZAR,1000000.0
,2,6 805,6805.0,E08,Sanlam,Sanlam_23&24.pdf,1,0,"2024
2023
2024
2024
2024
2023
2024
R million
2023
2023",ZAR,1000000.0
Total assets,2,60 346,60346.0,E08,Sanlam,Sanlam_23&24.pdf,1,0,"2024
2023
2024
2024
2024
2023
2024
R million
2023
2023",ZAR,1000000.0
Shareholders’ fund,2,37 994,37994.0,E08,Sanlam,Sanlam_23&24.pdf,1,0,"2024
2023
2024
2024
2024
2023
2024
R million
2023
2023",ZAR,1000000.0
Non-controlling interest,2,1 081,1081.0,E08,Sanlam,Sanlam_23&24.pdf,1,0,"2024
2023
2024
2024
2024
2023
2024
R million
2023
2023",ZAR,1000000.0
Total equity,2,39 075,39075.0,E08,Sanlam,Sanlam_23&24.pdf,1,0,"2024
2023
2024
2024
2024
2023
2024
R million
2023
2023",ZAR,1000000.0
Term finance,2,8 220,8220.0,E08,Sanlam,Sanlam_23&24.pdf,1,0,"2024
2023
2024
2024
2024
2023
2024
R million
2023
2023",ZAR,1000000.0
Lease liabilities,2,604,604.0,E08,Sanlam,Sanlam_23&24.pdf,1,0,"2024
2023
2024
2024
2024
2023
2024
R million
2023
2023",ZAR,1000000.0
Structured transactions liabilities,2,205,205.0,E08,Sanlam,Sanlam_23&24.pdf,1,0,"2024
2023
2024
2024
2024
2023
2024
R million
2023
2023",ZAR,1000000.0
Deferred tax,2,5 056,5056.0,E08,Sanlam,Sanlam_23&24.pdf,1,0,"2024
2023
2024
2024
2024
2023
2024
R million
2023
2023",ZAR,1000000.0
"as held for sale
None",2,13,13.0,E08,Sanlam,Sanlam_23&24.pdf,1,0,"2024
2023
2024
2024
2024
2023
2024
R million
2023
2023",ZAR,1000000.0
,3,3),3.0,E08,Sanlam,Sanlam_23&24.pdf,1,0,"2024
2023
2024
2024
2024
2023
2024
R million
2023
2023",ZAR,1000000.0
,3,29 752,29752.0,E08,Sanlam,Sanlam_23&24.pdf,1,0,"2024
2023
2024
2024
2024
2023
2024
R million
2023
2023",ZAR,1000000.0
,3,29 752,29752.0,E08,Sanlam,Sanlam_23&24.pdf,1,0,"2024
2023
2024
2024
2024
2023
2024
R million
2023
2023",ZAR,1000000.0
,3,215,215.0,E08,Sanlam,Sanlam_23&24.pdf,1,0,"2024
2023
2024
2024
2024
2023
2024
R million
2023
2023",ZAR,1000000.0
,3,1 561,1561.0,E08,Sanlam,Sanlam_23&24.pdf,1,0,"2024
2023
2024
2024
2024
2023
2024
R million
2023
2023",ZAR,1000000.0
,3,943,943.0,E08,Sanlam,Sanlam_23&24.pdf,1,0,"2024
2023
2024
2024
2024
2023
2024
R million
2023
2023",ZAR,1000000.0
,3,384,384.0,E08,Sanlam,Sanlam_23&24.pdf,1,0,"2024
2023
2024
2024
2024
2023
2024
R million
2023
2023",ZAR,1000000.0
,3,234,234.0,E08,Sanlam,Sanlam_23&24.pdf,1,0,"2024
2023
2024
2024
2024
2023
2024
R million
2023
2023",ZAR,1000000.0
Total assets,3,31 531,31531.0,E08,Sanlam,Sanlam_23&24.pdf,1,0,"2024
2023
2024
2024
2024
2023
2024
R million
2023
2023",ZAR,1000000.0
Shareholders’ fund,3,29 031,29031.0,E08,Sanlam,Sanlam_23&24.pdf,1,0,"2024
2023
2024
2024
2024
2023
2024
R million
2023
2023",ZAR,1000000.0
Non-controlling interest,3,2073,2073.0,E08,Sanlam,Sanlam_23&24.pdf,1,0,"2024
2023
2024
2024
2024
2023
2024
R million
2023
2023",ZAR,1000000.0
Total equity,3,31 104,31104.0,E08,Sanlam,Sanlam_23&24.pdf,1,0,"2024
2023
2024
2024
2024
2023
2024
R million
2023
2023",ZAR,1000000.0
Deferred tax,3,234,234.0,E08,Sanlam,Sanlam_23&24.pdf,1,0,"2024
2023
2024
2024
2024
2023
2024
R million
2023
2023",ZAR,1000000.0
Trading account liabilities,3,121,121.0,E08,Sanlam,Sanlam_23&24.pdf,1,0,"2024
2023
2024
2024
2024
2023
2024
R million
2023
2023",ZAR,1000000.0
,4,14,14.0,E08,Sanlam,Sanlam_23&24.pdf,1,0,"2024
2023
2024
2024
2024
2023
2024
R million
2023
2023",ZAR,1000000.0
,4,36,36.0,E08,Sanlam,Sanlam_23&24.pdf,1,0,"2024
2023
2024
2024
2024
2023
2024
R million
2023
2023",ZAR,1000000.0
,4,16,16.0,E08,Sanlam,Sanlam_23&24.pdf,1,0,"2024
2023
2024
2024
2024
2023
2024
R million
2023
2023",ZAR,1000000.0
,4,15,15.0,E08,Sanlam,Sanlam_23&24.pdf,1,0,"2024
2023
2024
2024
2024
2023
2024
R million
2023
2023",ZAR,1000000.0
,4,26 968,26968.0,E08,Sanlam,Sanlam_23&24.pdf,1,0,"2024
2023
2024
2024
2024
2023
2024
R million
2023
2023",ZAR,1000000.0
,4,1 272,1272.0,E08,Sanlam,Sanlam_23&24.pdf,1,0,"2024
2023
2024
2024
2024
2023
2024
R million
2023
2023",ZAR,1000000.0
,4,23 782,23782.0,E08,Sanlam,Sanlam_23&24.pdf,1,0,"2024
2023
2024
2024
2024
2023
2024
R million
2023
2023",ZAR,1000000.0
,4,143,143.0,E08,Sanlam,Sanlam_23&24.pdf,1,0,"2024
2023
2024
2024
2024
2023
2024
R million
2023
2023",ZAR,1000000.0
,4,1 558,1558.0,E08,Sanlam,Sanlam_23&24.pdf,1,0,"2024
2023
2024
2024
2024
2023
2024
R million
2023
2023",ZAR,1000000.0
,4,37,37.0,E08,Sanlam,Sanlam_23&24.pdf,1,0,"2024
2023
2024
2024
2024
2023
2024
R million
2023
2023",ZAR,1000000.0
,4,164,164.0,E08,Sanlam,Sanlam_23&24.pdf,1,0,"2024
2023
2024
2024
2024
2023
2024
R million
2023
2023",ZAR,1000000.0
,4,211,211.0,E08,Sanlam,Sanlam_23&24.pdf,1,0,"2024
2023
2024
2024
2024
2023
2024
R million
2023
2023",ZAR,1000000.0
,4,2 832,2832.0,E08,Sanlam,Sanlam_23&24.pdf,1,0,"2024
2023
2024
2024
2024
2023
2024
R million
2023
2023",ZAR,1000000.0
,4,1 421,1421.0,E08,Sanlam,Sanlam_23&24.pdf,1,0,"2024
2023
2024
2024
2024
2023
2024
R million
2023
2023",ZAR,1000000.0
,4,412,412.0,E08,Sanlam,Sanlam_23&24.pdf,1,0,"2024
2023
2024
2024
2024
2023
2024
R million
2023
2023",ZAR,1000000.0
,4,999,999.0,E08,Sanlam,Sanlam_23&24.pdf,1,0,"2024
2023
2024
2024
2024
2023
2024
R million
2023
2023",ZAR,1000000.0
Total assets,4,30 102,30102.0,E08,Sanlam,Sanlam_23&24.pdf,1,0,"2024
2023
2024
2024
2024
2023
2024
R million
2023
2023",ZAR,1000000.0
Shareholders’ fund,4,23 328,23328.0,E08,Sanlam,Sanlam_23&24.pdf,1,0,"2024
2023
2024
2024
2024
2023
2024
R million
2023
2023",ZAR,1000000.0
Non-controlling interest,4,2 870,2870.0,E08,Sanlam,Sanlam_23&24.pdf,1,0,"2024
2023
2024
2024
2024
2023
2024
R million
2023
2023",ZAR,1000000.0
Total equity,4,26 198,26198.0,E08,Sanlam,Sanlam_23&24.pdf,1,0,"2024
2023
2024
2024
2024
2023
2024
R million
2023
2023",ZAR,1000000.0
Term finance,4,1 300,1300.0,E08,Sanlam,Sanlam_23&24.pdf,1,0,"2024
2023
2024
2024
2024
2023
2024
R million
2023
2023",ZAR,1000000.0
Lease liabilities,4,18,18.0,E08,Sanlam,Sanlam_23&24.pdf,1,0,"2024
2023
2024
2024
2024
2023
2024
R million
2023
2023",ZAR,1000000.0
Deferred tax,4,53,53.0,E08,Sanlam,Sanlam_23&24.pdf,1,0,"2024
2023
2024
2024
2024
2023
2024
R million
2023
2023",ZAR,1000000.0
Trading account liabilities,4,118,118.0,E08,Sanlam,Sanlam_23&24.pdf,1,0,"2024
2023
2024
2024
2024
2023
2024
R million
2023
2023",ZAR,1000000.0
,5,196,196.0,E08,Sanlam,Sanlam_23&24.pdf,1,0,"2024
2023
2024
2024
2024
2023
2024
R million
2023
2023",ZAR,1000000.0
,5,17 266,17266.0,E08,Sanlam,Sanlam_23&24.pdf,1,0,"2024
2023
2024
2024
2024
2023
2024
R million
2023
2023",ZAR,1000000.0
,5,15 736,15736.0,E08,Sanlam,Sanlam_23&24.pdf,1,0,"2024
2023
2024
2024
2024
2023
2024
R million
2023
2023",ZAR,1000000.0
,5,110,110.0,E08,Sanlam,Sanlam_23&24.pdf,1,0,"2024
2023
2024
2024
2024
2023
2024
R million
2023
2023",ZAR,1000000.0
,5,1420,1420.0,E08,Sanlam,Sanlam_23&24.pdf,1,0,"2024
2023
2024
2024
2024
2023
2024
R million
2023
2023",ZAR,1000000.0
,5,579,579.0,E08,Sanlam,Sanlam_23&24.pdf,1,0,"2024
2023
2024
2024
2024
2023
2024
R million
2023
2023",ZAR,1000000.0
,5,414,414.0,E08,Sanlam,Sanlam_23&24.pdf,1,0,"2024
2023
2024
2024
2024
2023
2024
R million
2023
2023",ZAR,1000000.0
,5,165,165.0,E08,Sanlam,Sanlam_23&24.pdf,1,0,"2024
2023
2024
2024
2024
2023
2024
R million
2023
2023",ZAR,1000000.0
Total assets,5,18 041,18041.0,E08,Sanlam,Sanlam_23&24.pdf,1,0,"2024
2023
2024
2024
2024
2023
2024
R million
2023
2023",ZAR,1000000.0
Shareholders’ fund,5,16 526,16526.0,E08,Sanlam,Sanlam_23&24.pdf,1,0,"2024
2023
2024
2024
2024
2023
2024
R million
2023
2023",ZAR,1000000.0
Non-controlling interest,5,666,666.0,E08,Sanlam,Sanlam_23&24.pdf,1,0,"2024
2023
2024
2024
2024
2023
2024
R million
2023
2023",ZAR,1000000.0
Total equity,5,17 192,17192.0,E08,Sanlam,Sanlam_23&24.pdf,1,0,"2024
2023
2024
2024
2024
2023
2024
R million
2023
2023",ZAR,1000000.0
Term finance,5,839,839.0,E08,Sanlam,Sanlam_23&24.pdf,1,0,"2024
2023
2024
2024
2024
2023
2024
R million
2023
2023",ZAR,1000000.0
Deferred tax,5,10,10.0,E08,Sanlam,Sanlam_23&24.pdf,1,0,"2024
2023
2024
2024
2024
2023
2024
R million
2023
2023",ZAR,1000000.0
,6,15 970,15970.0,E08,Sanlam,Sanlam_23&24.pdf,1,0,"2024
2023
2024
2024
2024
2023
2024
R million
2023
2023",ZAR,1000000.0
,6,15 970,15970.0,E08,Sanlam,Sanlam_23&24.pdf,1,0,"2024
2023
2024
2024
2024
2023
2024
R million
2023
2023",ZAR,1000000.0
,6,1 893,1893.0,E08,Sanlam,Sanlam_23&24.pdf,1,0,"2024
2023
2024
2024
2024
2023
2024
R million
2023
2023",ZAR,1000000.0
Total assets,6,17 863,17863.0,E08,Sanlam,Sanlam_23&24.pdf,1,0,"2024
2023
2024
2024
2024
2023
2024
R million
2023
2023",ZAR,1000000.0
Shareholders’ fund,6,16 851,16851.0,E08,Sanlam,Sanlam_23&24.pdf,1,0,"2024
2023
2024
2024
2024
2023
2024
R million
2023
2023",ZAR,1000000.0
Non-controlling interest,6,753,753.0,E08,Sanlam,Sanlam_23&24.pdf,1,0,"2024
2023
2024
2024
2024
2023
2024
R million
2023
2023",ZAR,1000000.0
Total equity,6,17 604,17604.0,E08,Sanlam,Sanlam_23&24.pdf,1,0,"2024
2023
2024
2024
2024
2023
2024
R million
2023
2023",ZAR,1000000.0
"as held for sale
None",6,259,259.0,E08,Sanlam,Sanlam_23&24.pdf,1,0,"2024
2023
2024
2024
2024
2023
2024
R million
2023
2023",ZAR,1000000.0
,7,1 897,1897.0,E08,Sanlam,Sanlam_23&24.pdf,1,0,"2024
2023
2024
2024
2024
2023
2024
R million
2023
2023",ZAR,1000000.0
,7,113,113.0,E08,Sanlam,Sanlam_23&24.pdf,1,0,"2024
2023
2024
2024
2024
2023
2024
R million
2023
2023",ZAR,1000000.0
,7,63,63.0,E08,Sanlam,Sanlam_23&24.pdf,1,0,"2024
2023
2024
2024
2024
2023
2024
R million
2023
2023",ZAR,1000000.0
,7,162,162.0,E08,Sanlam,Sanlam_23&24.pdf,1,0,"2024
2023
2024
2024
2024
2023
2024
R million
2023
2023",ZAR,1000000.0
,7,361,361.0,E08,Sanlam,Sanlam_23&24.pdf,1,0,"2024
2023
2024
2024
2024
2023
2024
R million
2023
2023",ZAR,1000000.0
,7,345,345.0,E08,Sanlam,Sanlam_23&24.pdf,1,0,"2024
2023
2024
2024
2024
2023
2024
R million
2023
2023",ZAR,1000000.0
,7,3 787,3787.0,E08,Sanlam,Sanlam_23&24.pdf,1,0,"2024
2023
2024
2024
2024
2023
2024
R million
2023
2023",ZAR,1000000.0
,7,441,441.0,E08,Sanlam,Sanlam_23&24.pdf,1,0,"2024
2023
2024
2024
2024
2023
2024
R million
2023
2023",ZAR,1000000.0
,7,253,253.0,E08,Sanlam,Sanlam_23&24.pdf,1,0,"2024
2023
2024
2024
2024
2023
2024
R million
2023
2023",ZAR,1000000.0
,7,58,58.0,E08,Sanlam,Sanlam_23&24.pdf,1,0,"2024
2023
2024
2024
2024
2023
2024
R million
2023
2023",ZAR,1000000.0
,7,703,703.0,E08,Sanlam,Sanlam_23&24.pdf,1,0,"2024
2023
2024
2024
2024
2023
2024
R million
2023
2023",ZAR,1000000.0
,7,2 123,2123.0,E08,Sanlam,Sanlam_23&24.pdf,1,0,"2024
2023
2024
2024
2024
2023
2024
R million
2023
2023",ZAR,1000000.0
,7,209,209.0,E08,Sanlam,Sanlam_23&24.pdf,1,0,"2024
2023
2024
2024
2024
2023
2024
R million
2023
2023",ZAR,1000000.0
,7,24 497,24497.0,E08,Sanlam,Sanlam_23&24.pdf,1,0,"2024
2023
2024
2024
2024
2023
2024
R million
2023
2023",ZAR,1000000.0
,7,7 486,7486.0,E08,Sanlam,Sanlam_23&24.pdf,1,0,"2024
2023
2024
2024
2024
2023
2024
R million
2023
2023",ZAR,1000000.0
,7,4923,4923.0,E08,Sanlam,Sanlam_23&24.pdf,1,0,"2024
2023
2024
2024
2024
2023
2024
R million
2023
2023",ZAR,1000000.0
,7,56,56.0,E08,Sanlam,Sanlam_23&24.pdf,1,0,"2024
2023
2024
2024
2024
2023
2024
R million
2023
2023",ZAR,1000000.0
,7,2507,2507.0,E08,Sanlam,Sanlam_23&24.pdf,1,0,"2024
2023
2024
2024
2024
2023
2024
R million
2023
2023",ZAR,1000000.0
Total assets,7,38 711,38711.0,E08,Sanlam,Sanlam_23&24.pdf,1,0,"2024
2023
2024
2024
2024
2023
2024
R million
2023
2023",ZAR,1000000.0
Shareholders’ fund,7,6 233,6233.0,E08,Sanlam,Sanlam_23&24.pdf,1,0,"2024
2023
2024
2024
2024
2023
2024
R million
2023
2023",ZAR,1000000.0
Non-controlling interest,7,1 230,1230.0,E08,Sanlam,Sanlam_23&24.pdf,1,0,"2024
2023
2024
2024
2024
2023
2024
R million
2023
2023",ZAR,1000000.0
Total equity,7,7 463,7463.0,E08,Sanlam,Sanlam_23&24.pdf,1,0,"2024
2023
2024
2024
2024
2023
2024
R million
2023
2023",ZAR,1000000.0
Term finance,7,1185,1185.0,E08,Sanlam,Sanlam_23&24.pdf,1,0,"2024
2023
2024
2024
2024
2023
2024
R million
2023
2023",ZAR,1000000.0
Lease liabilities,7,81,81.0,E08,Sanlam,Sanlam_23&24.pdf,1,0,"2024
2023
2024
2024
2024
2023
2024
R million
2023
2023",ZAR,1000000.0
Structured transactions liabilities,7,28,28.0,E08,Sanlam,Sanlam_23&24.pdf,1,0,"2024
2023
2024
2024
2024
2023
2024
R million
2023
2023",ZAR,1000000.0
Deferred tax,7,94,94.0,E08,Sanlam,Sanlam_23&24.pdf,1,0,"2024
2023
2024
2024
2024
2023
2024
R million
2023
2023",ZAR,1000000.0
Trading account liabilities,7,25 204,25204.0,E08,Sanlam,Sanlam_23&24.pdf,1,0,"2024
2023
2024
2024
2024
2023
2024
R million
2023
2023",ZAR,1000000.0
,8,1942,1942.0,E08,Sanlam,Sanlam_23&24.pdf,1,0,"2024
2023
2024
2024
2024
2023
2024
R million
2023
2023",ZAR,1000000.0
,8,100,100.0,E08,Sanlam,Sanlam_23&24.pdf,1,0,"2024
2023
2024
2024
2024
2023
2024
R million
2023
2023",ZAR,1000000.0
,8,60,60.0,E08,Sanlam,Sanlam_23&24.pdf,1,0,"2024
2023
2024
2024
2024
2023
2024
R million
2023
2023",ZAR,1000000.0
,8,156,156.0,E08,Sanlam,Sanlam_23&24.pdf,1,0,"2024
2023
2024
2024
2024
2023
2024
R million
2023
2023",ZAR,1000000.0
,8,447,447.0,E08,Sanlam,Sanlam_23&24.pdf,1,0,"2024
2023
2024
2024
2024
2023
2024
R million
2023
2023",ZAR,1000000.0
,8,283,283.0,E08,Sanlam,Sanlam_23&24.pdf,1,0,"2024
2023
2024
2024
2024
2023
2024
R million
2023
2023",ZAR,1000000.0
,8,4 325,4325.0,E08,Sanlam,Sanlam_23&24.pdf,1,0,"2024
2023
2024
2024
2024
2023
2024
R million
2023
2023",ZAR,1000000.0
,8,450,450.0,E08,Sanlam,Sanlam_23&24.pdf,1,0,"2024
2023
2024
2024
2024
2023
2024
R million
2023
2023",ZAR,1000000.0
,8,203,203.0,E08,Sanlam,Sanlam_23&24.pdf,1,0,"2024
2023
2024
2024
2024
2023
2024
R million
2023
2023",ZAR,1000000.0
,8,82,82.0,E08,Sanlam,Sanlam_23&24.pdf,1,0,"2024
2023
2024
2024
2024
2023
2024
R million
2023
2023",ZAR,1000000.0
,8,565,565.0,E08,Sanlam,Sanlam_23&24.pdf,1,0,"2024
2023
2024
2024
2024
2023
2024
R million
2023
2023",ZAR,1000000.0
,8,27,27.0,E08,Sanlam,Sanlam_23&24.pdf,1,0,"2024
2023
2024
2024
2024
2023
2024
R million
2023
2023",ZAR,1000000.0
,8,2 732,2732.0,E08,Sanlam,Sanlam_23&24.pdf,1,0,"2024
2023
2024
2024
2024
2023
2024
R million
2023
2023",ZAR,1000000.0
,8,266,266.0,E08,Sanlam,Sanlam_23&24.pdf,1,0,"2024
2023
2024
2024
2024
2023
2024
R million
2023
2023",ZAR,1000000.0
,8,16 167,16167.0,E08,Sanlam,Sanlam_23&24.pdf,1,0,"2024
2023
2024
2024
2024
2023
2024
R million
2023
2023",ZAR,1000000.0
,8,12 409,12409.0,E08,Sanlam,Sanlam_23&24.pdf,1,0,"2024
2023
2024
2024
2024
2023
2024
R million
2023
2023",ZAR,1000000.0
,8,8 292,8292.0,E08,Sanlam,Sanlam_23&24.pdf,1,0,"2024
2023
2024
2024
2024
2023
2024
R million
2023
2023",ZAR,1000000.0
,8,19,19.0,E08,Sanlam,Sanlam_23&24.pdf,1,0,"2024
2023
2024
2024
2024
2023
2024
R million
2023
2023",ZAR,1000000.0
,8,4118,4118.0,E08,Sanlam,Sanlam_23&24.pdf,1,0,"2024
2023
2024
2024
2024
2023
2024
R million
2023
2023",ZAR,1000000.0
Total assets,8,35 909,35909.0,E08,Sanlam,Sanlam_23&24.pdf,1,0,"2024
2023
2024
2024
2024
2023
2024
R million
2023
2023",ZAR,1000000.0
Shareholders’ fund,8,6 742,6742.0,E08,Sanlam,Sanlam_23&24.pdf,1,0,"2024
2023
2024
2024
2024
2023
2024
R million
2023
2023",ZAR,1000000.0
Non-controlling interest,8,1 134,1134.0,E08,Sanlam,Sanlam_23&24.pdf,1,0,"2024
2023
2024
2024
2024
2023
2024
R million
2023
2023",ZAR,1000000.0
Total equity,8,7 876,7876.0,E08,Sanlam,Sanlam_23&24.pdf,1,0,"2024
2023
2024
2024
2024
2023
2024
R million
2023
2023",ZAR,1000000.0
Term finance,8,995,995.0,E08,Sanlam,Sanlam_23&24.pdf,1,0,"2024
2023
2024
2024
2024
2023
2024
R million
2023
2023",ZAR,1000000.0
Lease liabilities,8,85,85.0,E08,Sanlam,Sanlam_23&24.pdf,1,0,"2024
2023
2024
2024
2024
2023
2024
R million
2023
2023",ZAR,1000000.0
Deferred tax,8,55,55.0,E08,Sanlam,Sanlam_23&24.pdf,1,0,"2024
2023
2024
2024
2024
2023
2024
R million
2023
2023",ZAR,1000000.0
Trading account liabilities,8,18 392,18392.0,E08,Sanlam,Sanlam_23&24.pdf,1,0,"2024
2023
2024
2024
2024
2023
2024
R million
2023
2023",ZAR,1000000.0
,9,959,959.0,E08,Sanlam,Sanlam_23&24.pdf,1,0,"2024
2023
2024
2024
2024
2023
2024
R million
2023
2023",ZAR,1000000.0
,9,196,196.0,E08,Sanlam,Sanlam_23&24.pdf,1,0,"2024
2023
2024
2024
2024
2023
2024
R million
2023
2023",ZAR,1000000.0
,9,606,606.0,E08,Sanlam,Sanlam_23&24.pdf,1,0,"2024
2023
2024
2024
2024
2023
2024
R million
2023
2023",ZAR,1000000.0
,9,209,209.0,E08,Sanlam,Sanlam_23&24.pdf,1,0,"2024
2023
2024
2024
2024
2023
2024
R million
2023
2023",ZAR,1000000.0
,9,467,467.0,E08,Sanlam,Sanlam_23&24.pdf,1,0,"2024
2023
2024
2024
2024
2023
2024
R million
2023
2023",ZAR,1000000.0
,9,6 760,6760.0,E08,Sanlam,Sanlam_23&24.pdf,1,0,"2024
2023
2024
2024
2024
2023
2024
R million
2023
2023",ZAR,1000000.0
,9,191,191.0,E08,Sanlam,Sanlam_23&24.pdf,1,0,"2024
2023
2024
2024
2024
2023
2024
R million
2023
2023",ZAR,1000000.0
,9,38 280,38280.0,E08,Sanlam,Sanlam_23&24.pdf,1,0,"2024
2023
2024
2024
2024
2023
2024
R million
2023
2023",ZAR,1000000.0
,9,1797,1797.0,E08,Sanlam,Sanlam_23&24.pdf,1,0,"2024
2023
2024
2024
2024
2023
2024
R million
2023
2023",ZAR,1000000.0
,9,2 383,2383.0,E08,Sanlam,Sanlam_23&24.pdf,1,0,"2024
2023
2024
2024
2024
2023
2024
R million
2023
2023",ZAR,1000000.0
,9,23 001,23001.0,E08,Sanlam,Sanlam_23&24.pdf,1,0,"2024
2023
2024
2024
2024
2023
2024
R million
2023
2023",ZAR,1000000.0
,9,440,440.0,E08,Sanlam,Sanlam_23&24.pdf,1,0,"2024
2023
2024
2024
2024
2023
2024
R million
2023
2023",ZAR,1000000.0
,9,10 186,10186.0,E08,Sanlam,Sanlam_23&24.pdf,1,0,"2024
2023
2024
2024
2024
2023
2024
R million
2023
2023",ZAR,1000000.0
,9,473,473.0,E08,Sanlam,Sanlam_23&24.pdf,1,0,"2024
2023
2024
2024
2024
2023
2024
R million
2023
2023",ZAR,1000000.0
,9,12 214,12214.0,E08,Sanlam,Sanlam_23&24.pdf,1,0,"2024
2023
2024
2024
2024
2023
2024
R million
2023
2023",ZAR,1000000.0
,9,6 736,6736.0,E08,Sanlam,Sanlam_23&24.pdf,1,0,"2024
2023
2024
2024
2024
2023
2024
R million
2023
2023",ZAR,1000000.0
,9,45,45.0,E08,Sanlam,Sanlam_23&24.pdf,1,0,"2024
2023
2024
2024
2024
2023
2024
R million
2023
2023",ZAR,1000000.0
,9,5 433,5433.0,E08,Sanlam,Sanlam_23&24.pdf,1,0,"2024
2023
2024
2024
2024
2023
2024
R million
2023
2023",ZAR,1000000.0
Total assets,9,59 895,59895.0,E08,Sanlam,Sanlam_23&24.pdf,1,0,"2024
2023
2024
2024
2024
2023
2024
R million
2023
2023",ZAR,1000000.0
Shareholders’ fund,9,7426,7426.0,E08,Sanlam,Sanlam_23&24.pdf,1,0,"2024
2023
2024
2024
2024
2023
2024
R million
2023
2023",ZAR,1000000.0
Non-controlling interest,9,5 606,5606.0,E08,Sanlam,Sanlam_23&24.pdf,1,0,"2024
2023
2024
2024
2024
2023
2024
R million
2023
2023",ZAR,1000000.0
Total equity,9,13 032,13032.0,E08,Sanlam,Sanlam_23&24.pdf,1,0,"2024
2023
2024
2024
2024
2023
2024
R million
2023
2023",ZAR,1000000.0
Insurance contract liabilities,9,34 991,34991.0,E08,Sanlam,Sanlam_23&24.pdf,1,0,"2024
2023
2024
2024
2024
2023
2024
R million
2023
2023",ZAR,1000000.0
Reinsurance contract liabilities,9,3 052,3052.0,E08,Sanlam,Sanlam_23&24.pdf,1,0,"2024
2023
2024
2024
2024
2023
2024
R million
2023
2023",ZAR,1000000.0
Term finance,9,3 063,3063.0,E08,Sanlam,Sanlam_23&24.pdf,1,0,"2024
2023
2024
2024
2024
2023
2024
R million
2023
2023",ZAR,1000000.0
Lease liabilities,9,786,786.0,E08,Sanlam,Sanlam_23&24.pdf,1,0,"2024
2023
2024
2024
2024
2023
2024
R million
2023
2023",ZAR,1000000.0
Deferred tax,9,203,203.0,E08,Sanlam,Sanlam_23&24.pdf,1,0,"2024
2023
2024
2024
2024
2023
2024
R million
2023
2023",ZAR,1000000.0
Trading account liabilities,9,852,852.0,E08,Sanlam,Sanlam_23&24.pdf,1,0,"2024
2023
2024
2024
2024
2023
2024
R million
2023
2023",ZAR,1000000.0
9 291,1,7 153,7153.0,E08,Sanlam,Sanlam_23&24.pdf,2,0,"2024
2023
2024
2023
2024
2023
2024
2023",ZAR,
45 994,1,39 024,39024.0,E08,Sanlam,Sanlam_23&24.pdf,2,0,"2024
2023
2024
2023
2024
2023
2024
2023",ZAR,
(36 549),1,(31 395),-31395.0,E08,Sanlam,Sanlam_23&24.pdf,2,0,"2024
2023
2024
2023
2024
2023
2024
2023",ZAR,
(421),1,(717),-717.0,E08,Sanlam,Sanlam_23&24.pdf,2,0,"2024
2023
2024
2023
2024
2023
2024
2023",ZAR,
1050,1,996,996.0,E08,Sanlam,Sanlam_23&24.pdf,2,0,"2024
2023
2024
2023
2024
2023
2024
2023",ZAR,
(783),1,(755),-755.0,E08,Sanlam,Sanlam_23&24.pdf,2,0,"2024
2023
2024
2023
2024
2023
2024
2023",ZAR,
123,1,-,0.0,E08,Sanlam,Sanlam_23&24.pdf,2,0,"2024
2023
2024
2023
2024
2023
2024
2023",ZAR,
is,1,—,0.0,E08,Sanlam,Sanlam_23&24.pdf,2,0,"2024
2023
2024
2023
2024
2023
2024
2023",ZAR,
,1,-,0.0,E08,Sanlam,Sanlam_23&24.pdf,2,0,"2024
2023
2024
2023
2024
2023
2024
2023",ZAR,
2 423,1,2016,2016.0,E08,Sanlam,Sanlam_23&24.pdf,2,0,"2024
2023
2024
2023
2024
2023
2024
2023",ZAR,
16 311,1,11 642,11642.0,E08,Sanlam,Sanlam_23&24.pdf,2,0,"2024
2023
2024
2023
2024
2023
2024
2023",ZAR,
60,1,182,182.0,E08,Sanlam,Sanlam_23&24.pdf,2,0,"2024
2023
2024
2023
2024
2023
2024
2023",ZAR,
(1 136),1,(1 052),-1052.0,E08,Sanlam,Sanlam_23&24.pdf,2,0,"2024
2023
2024
2023
2024
2023
2024
2023",ZAR,
(12 812),1,(8 756),-8756.0,E08,Sanlam,Sanlam_23&24.pdf,2,0,"2024
2023
2024
2023
2024
2023
2024
2023",ZAR,
11 665,1,9 169,9169.0,E08,Sanlam,Sanlam_23&24.pdf,2,0,"2024
2023
2024
2023
2024
2023
2024
2023",ZAR,
(3 135),1,(2 482),-2482.0,E08,Sanlam,Sanlam_23&24.pdf,2,0,"2024
2023
2024
2023
2024
2023
2024
2023",ZAR,
(172),1,(75),-75.0,E08,Sanlam,Sanlam_23&24.pdf,2,0,"2024
2023
2024
2023
2024
2023
2024
2023",ZAR,
8 358,1,6 612,6612.0,E08,Sanlam,Sanlam_23&24.pdf,2,0,"2024
2023
2024
2023
2024
2023
2024
2023",ZAR,
627,1,394,394.0,E08,Sanlam,Sanlam_23&24.pdf,2,0,"2024
2023
2024
2023
2024
2023
2024
2023",ZAR,
160,1,298,298.0,E08,Sanlam,Sanlam_23&24.pdf,2,0,"2024
2023
2024
2023
2024
2023
2024
2023",ZAR,
(37),1,(37),-37.0,E08,Sanlam,Sanlam_23&24.pdf,2,0,"2024
2023
2024
2023
2024
2023
2024
2023",ZAR,
9 108,1,7 267,7267.0,E08,Sanlam,Sanlam_23&24.pdf,2,0,"2024
2023
2024
2023
2024
2023
2024
2023",ZAR,
2 063,1,1174,1174.0,E08,Sanlam,Sanlam_23&24.pdf,2,0,"2024
2023
2024
2023
2024
2023
2024
2023",ZAR,
(68),1,(14),-14.0,E08,Sanlam,Sanlam_23&24.pdf,2,0,"2024
2023
2024
2023
2024
2023
2024
2023",ZAR,
(4 179),1,(34),-34.0,E08,Sanlam,Sanlam_23&24.pdf,2,0,"2024
2023
2024
2023
2024
2023
2024
2023",ZAR,
(7),1,(7),-7.0,E08,Sanlam,Sanlam_23&24.pdf,2,0,"2024
2023
2024
2023
2024
2023
2024
2023",ZAR,
6,1,845,845.0,E08,Sanlam,Sanlam_23&24.pdf,2,0,"2024
2023
2024
2023
2024
2023
2024
2023",ZAR,
9 923,1,9 231,9231.0,E08,Sanlam,Sanlam_23&24.pdf,2,0,"2024
2023
2024
2023
2024
2023
2024
2023",ZAR,
(240),1,(141),-141.0,E08,Sanlam,Sanlam_23&24.pdf,2,0,"2024
2023
2024
2023
2024
2023
2024
2023",ZAR,
9 683,1,9 090,9090.0,E08,Sanlam,Sanlam_23&24.pdf,2,0,"2024
2023
2024
2023
2024
2023
2024
2023",ZAR,
9 291,2,353,353.0,E08,Sanlam,Sanlam_23&24.pdf,2,0,"2024
2023
2024
2023
2024
2023
2024
2023",ZAR,
45 994,2,975,975.0,E08,Sanlam,Sanlam_23&24.pdf,2,0,"2024
2023
2024
2023
2024
2023
2024
2023",ZAR,
(36 549),2,(785),-785.0,E08,Sanlam,Sanlam_23&24.pdf,2,0,"2024
2023
2024
2023
2024
2023
2024
2023",ZAR,
(421),2,(27),-27.0,E08,Sanlam,Sanlam_23&24.pdf,2,0,"2024
2023
2024
2023
2024
2023
2024
2023",ZAR,
1050,2,197,197.0,E08,Sanlam,Sanlam_23&24.pdf,2,0,"2024
2023
2024
2023
2024
2023
2024
2023",ZAR,
(783),2,(7),-7.0,E08,Sanlam,Sanlam_23&24.pdf,2,0,"2024
2023
2024
2023
2024
2023
2024
2023",ZAR,
(49),2,-,0.0,E08,Sanlam,Sanlam_23&24.pdf,2,0,"2024
2023
2024
2023
2024
2023
2024
2023",ZAR,
2 423,2,2872,2872.0,E08,Sanlam,Sanlam_23&24.pdf,2,0,"2024
2023
2024
2023
2024
2023
2024
2023",ZAR,
16 311,2,67,67.0,E08,Sanlam,Sanlam_23&24.pdf,2,0,"2024
2023
2024
2023
2024
2023
2024
2023",ZAR,
60,2,2955,2955.0,E08,Sanlam,Sanlam_23&24.pdf,2,0,"2024
2023
2024
2023
2024
2023
2024
2023",ZAR,
(1 136),2,(43),-43.0,E08,Sanlam,Sanlam_23&24.pdf,2,0,"2024
2023
2024
2023
2024
2023
2024
2023",ZAR,
(12 812),2,(107),-107.0,E08,Sanlam,Sanlam_23&24.pdf,2,0,"2024
2023
2024
2023
2024
2023
2024
2023",ZAR,
11 665,2,3 225,3225.0,E08,Sanlam,Sanlam_23&24.pdf,2,0,"2024
2023
2024
2023
2024
2023
2024
2023",ZAR,
(3 135),2,(936),-936.0,E08,Sanlam,Sanlam_23&24.pdf,2,0,"2024
2023
2024
2023
2024
2023
2024
2023",ZAR,
(172),2,(480),-480.0,E08,Sanlam,Sanlam_23&24.pdf,2,0,"2024
2023
2024
2023
2024
2023
2024
2023",ZAR,
8 358,2,1809,1809.0,E08,Sanlam,Sanlam_23&24.pdf,2,0,"2024
2023
2024
2023
2024
2023
2024
2023",ZAR,
627,2,846,846.0,E08,Sanlam,Sanlam_23&24.pdf,2,0,"2024
2023
2024
2023
2024
2023
2024
2023",ZAR,
160,2,751,751.0,E08,Sanlam,Sanlam_23&24.pdf,2,0,"2024
2023
2024
2023
2024
2023
2024
2023",ZAR,
(37),2,(236),-236.0,E08,Sanlam,Sanlam_23&24.pdf,2,0,"2024
2023
2024
2023
2024
2023
2024
2023",ZAR,
9 108,2,3170,3170.0,E08,Sanlam,Sanlam_23&24.pdf,2,0,"2024
2023
2024
2023
2024
2023
2024
2023",ZAR,
2 063,2,153,153.0,E08,Sanlam,Sanlam_23&24.pdf,2,0,"2024
2023
2024
2023
2024
2023
2024
2023",ZAR,
(4 179),2,(20),-20.0,E08,Sanlam,Sanlam_23&24.pdf,2,0,"2024
2023
2024
2023
2024
2023
2024
2023",ZAR,
(7),2,(284),-284.0,E08,Sanlam,Sanlam_23&24.pdf,2,0,"2024
2023
2024
2023
2024
2023
2024
2023",ZAR,
6,2,3 002,3002.0,E08,Sanlam,Sanlam_23&24.pdf,2,0,"2024
2023
2024
2023
2024
2023
2024
2023",ZAR,
9 923,2,6 021,6021.0,E08,Sanlam,Sanlam_23&24.pdf,2,0,"2024
2023
2024
2023
2024
2023
2024
2023",ZAR,
(240),2,(88),-88.0,E08,Sanlam,Sanlam_23&24.pdf,2,0,"2024
2023
2024
2023
2024
2023
2024
2023",ZAR,
9 683,2,5 933,5933.0,E08,Sanlam,Sanlam_23&24.pdf,2,0,"2024
2023
2024
2023
2024
2023
2024
2023",ZAR,
9 291,3,1 203,1203.0,E08,Sanlam,Sanlam_23&24.pdf,2,0,"2024
2023
2024
2023
2024
2023
2024
2023",ZAR,
45 994,3,7 384,7384.0,E08,Sanlam,Sanlam_23&24.pdf,2,0,"2024
2023
2024
2023
2024
2023
2024
2023",ZAR,
(36 549),3,(6 328),-6328.0,E08,Sanlam,Sanlam_23&24.pdf,2,0,"2024
2023
2024
2023
2024
2023
2024
2023",ZAR,
(421),3,(406),-406.0,E08,Sanlam,Sanlam_23&24.pdf,2,0,"2024
2023
2024
2023
2024
2023
2024
2023",ZAR,
1050,3,571,571.0,E08,Sanlam,Sanlam_23&24.pdf,2,0,"2024
2023
2024
2023
2024
2023
2024
2023",ZAR,
(783),3,(18),-18.0,E08,Sanlam,Sanlam_23&24.pdf,2,0,"2024
2023
2024
2023
2024
2023
2024
2023",ZAR,
(49),3,1 054,1054.0,E08,Sanlam,Sanlam_23&24.pdf,2,0,"2024
2023
2024
2023
2024
2023
2024
2023",ZAR,
123,3,17 032,17032.0,E08,Sanlam,Sanlam_23&24.pdf,2,0,"2024
2023
2024
2023
2024
2023
2024
2023",ZAR,
(180),3,(13 413),-13413.0,E08,Sanlam,Sanlam_23&24.pdf,2,0,"2024
2023
2024
2023
2024
2023
2024
2023",ZAR,
is,3,(2 764),-2764.0,E08,Sanlam,Sanlam_23&24.pdf,2,0,"2024
2023
2024
2023
2024
2023
2024
2023",ZAR,
8,3,199,199.0,E08,Sanlam,Sanlam_23&24.pdf,2,0,"2024
2023
2024
2023
2024
2023
2024
2023",ZAR,
,3,-,0.0,E08,Sanlam,Sanlam_23&24.pdf,2,0,"2024
2023
2024
2023
2024
2023
2024
2023",ZAR,
2 423,3,946,946.0,E08,Sanlam,Sanlam_23&24.pdf,2,0,"2024
2023
2024
2023
2024
2023
2024
2023",ZAR,
16 311,3,1 082,1082.0,E08,Sanlam,Sanlam_23&24.pdf,2,0,"2024
2023
2024
2023
2024
2023
2024
2023",ZAR,
60,3,1 387,1387.0,E08,Sanlam,Sanlam_23&24.pdf,2,0,"2024
2023
2024
2023
2024
2023
2024
2023",ZAR,
(1 136),3,(123),-123.0,E08,Sanlam,Sanlam_23&24.pdf,2,0,"2024
2023
2024
2023
2024
2023
2024
2023",ZAR,
(12 812),3,(1 400),-1400.0,E08,Sanlam,Sanlam_23&24.pdf,2,0,"2024
2023
2024
2023
2024
2023
2024
2023",ZAR,
11 665,3,3 203,3203.0,E08,Sanlam,Sanlam_23&24.pdf,2,0,"2024
2023
2024
2023
2024
2023
2024
2023",ZAR,
(3 135),3,(961),-961.0,E08,Sanlam,Sanlam_23&24.pdf,2,0,"2024
2023
2024
2023
2024
2023
2024
2023",ZAR,
(172),3,(808),-808.0,E08,Sanlam,Sanlam_23&24.pdf,2,0,"2024
2023
2024
2023
2024
2023
2024
2023",ZAR,
8 358,3,1434,1434.0,E08,Sanlam,Sanlam_23&24.pdf,2,0,"2024
2023
2024
2023
2024
2023
2024
2023",ZAR,
627,3,104,104.0,E08,Sanlam,Sanlam_23&24.pdf,2,0,"2024
2023
2024
2023
2024
2023
2024
2023",ZAR,
160,3,137,137.0,E08,Sanlam,Sanlam_23&24.pdf,2,0,"2024
2023
2024
2023
2024
2023
2024
2023",ZAR,
(37),3,(163),-163.0,E08,Sanlam,Sanlam_23&24.pdf,2,0,"2024
2023
2024
2023
2024
2023
2024
2023",ZAR,
9 108,3,1512,1512.0,E08,Sanlam,Sanlam_23&24.pdf,2,0,"2024
2023
2024
2023
2024
2023
2024
2023",ZAR,
2 063,3,702,702.0,E08,Sanlam,Sanlam_23&24.pdf,2,0,"2024
2023
2024
2023
2024
2023
2024
2023",ZAR,
(68),3,2,2.0,E08,Sanlam,Sanlam_23&24.pdf,2,0,"2024
2023
2024
2023
2024
2023
2024
2023",ZAR,
(4 179),3,(268),-268.0,E08,Sanlam,Sanlam_23&24.pdf,2,0,"2024
2023
2024
2023
2024
2023
2024
2023",ZAR,
(7),3,2,2.0,E08,Sanlam,Sanlam_23&24.pdf,2,0,"2024
2023
2024
2023
2024
2023
2024
2023",ZAR,
6,3,(597),-597.0,E08,Sanlam,Sanlam_23&24.pdf,2,0,"2024
2023
2024
2023
2024
2023
2024
2023",ZAR,
9 923,3,1 353,1353.0,E08,Sanlam,Sanlam_23&24.pdf,2,0,"2024
2023
2024
2023
2024
2023
2024
2023",ZAR,
(240),3,(51),-51.0,E08,Sanlam,Sanlam_23&24.pdf,2,0,"2024
2023
2024
2023
2024
2023
2024
2023",ZAR,
9 683,3,1 302,1302.0,E08,Sanlam,Sanlam_23&24.pdf,2,0,"2024
2023
2024
2023
2024
2023
2024
2023",ZAR,
9 291,4,(190),-190.0,E08,Sanlam,Sanlam_23&24.pdf,2,0,"2024
2023
2024
2023
2024
2023
2024
2023",ZAR,
45 994,4,1843,1843.0,E08,Sanlam,Sanlam_23&24.pdf,2,0,"2024
2023
2024
2023
2024
2023
2024
2023",ZAR,
(36 549),4,(1 932),-1932.0,E08,Sanlam,Sanlam_23&24.pdf,2,0,"2024
2023
2024
2023
2024
2023
2024
2023",ZAR,
(421),4,22,22.0,E08,Sanlam,Sanlam_23&24.pdf,2,0,"2024
2023
2024
2023
2024
2023
2024
2023",ZAR,
1050,4,(123),-123.0,E08,Sanlam,Sanlam_23&24.pdf,2,0,"2024
2023
2024
2023
2024
2023
2024
2023",ZAR,
2 423,4,3 146,3146.0,E08,Sanlam,Sanlam_23&24.pdf,2,0,"2024
2023
2024
2023
2024
2023
2024
2023",ZAR,
16 311,4,17,17.0,E08,Sanlam,Sanlam_23&24.pdf,2,0,"2024
2023
2024
2023
2024
2023
2024
2023",ZAR,
60,4,3 189,3189.0,E08,Sanlam,Sanlam_23&24.pdf,2,0,"2024
2023
2024
2023
2024
2023
2024
2023",ZAR,
(12 812),4,(60),-60.0,E08,Sanlam,Sanlam_23&24.pdf,2,0,"2024
2023
2024
2023
2024
2023
2024
2023",ZAR,
11 665,4,2 956,2956.0,E08,Sanlam,Sanlam_23&24.pdf,2,0,"2024
2023
2024
2023
2024
2023
2024
2023",ZAR,
(3 135),4,(877),-877.0,E08,Sanlam,Sanlam_23&24.pdf,2,0,"2024
2023
2024
2023
2024
2023
2024
2023",ZAR,
8 358,4,2 087,2087.0,E08,Sanlam,Sanlam_23&24.pdf,2,0,"2024
2023
2024
2023
2024
2023
2024
2023",ZAR,
627,4,(128),-128.0,E08,Sanlam,Sanlam_23&24.pdf,2,0,"2024
2023
2024
2023
2024
2023
2024
2023",ZAR,
160,4,741,741.0,E08,Sanlam,Sanlam_23&24.pdf,2,0,"2024
2023
2024
2023
2024
2023
2024
2023",ZAR,
(37),4,(35),-35.0,E08,Sanlam,Sanlam_23&24.pdf,2,0,"2024
2023
2024
2023
2024
2023
2024
2023",ZAR,
9 108,4,2 665,2665.0,E08,Sanlam,Sanlam_23&24.pdf,2,0,"2024
2023
2024
2023
2024
2023
2024
2023",ZAR,
2 063,4,(37),-37.0,E08,Sanlam,Sanlam_23&24.pdf,2,0,"2024
2023
2024
2023
2024
2023
2024
2023",ZAR,
(68),4,(2),-2.0,E08,Sanlam,Sanlam_23&24.pdf,2,0,"2024
2023
2024
2023
2024
2023
2024
2023",ZAR,
6,4,634,634.0,E08,Sanlam,Sanlam_23&24.pdf,2,0,"2024
2023
2024
2023
2024
2023
2024
2023",ZAR,
9 923,4,3 260,3260.0,E08,Sanlam,Sanlam_23&24.pdf,2,0,"2024
2023
2024
2023
2024
2023
2024
2023",ZAR,
(240),4,(1),-1.0,E08,Sanlam,Sanlam_23&24.pdf,2,0,"2024
2023
2024
2023
2024
2023
2024
2023",ZAR,
9 683,4,3 259,3259.0,E08,Sanlam,Sanlam_23&24.pdf,2,0,"2024
2023
2024
2023
2024
2023
2024
2023",ZAR,
9 291,5,233,233.0,E08,Sanlam,Sanlam_23&24.pdf,2,0,"2024
2023
2024
2023
2024
2023
2024
2023",ZAR,
45 994,5,1 671,1671.0,E08,Sanlam,Sanlam_23&24.pdf,2,0,"2024
2023
2024
2023
2024
2023
2024
2023",ZAR,
(36 549),5,(1 528),-1528.0,E08,Sanlam,Sanlam_23&24.pdf,2,0,"2024
2023
2024
2023
2024
2023
2024
2023",ZAR,
(421),5,16,16.0,E08,Sanlam,Sanlam_23&24.pdf,2,0,"2024
2023
2024
2023
2024
2023
2024
2023",ZAR,
1050,5,14,14.0,E08,Sanlam,Sanlam_23&24.pdf,2,0,"2024
2023
2024
2023
2024
2023
2024
2023",ZAR,
2 423,5,2979,2979.0,E08,Sanlam,Sanlam_23&24.pdf,2,0,"2024
2023
2024
2023
2024
2023
2024
2023",ZAR,
60,5,3 033,3033.0,E08,Sanlam,Sanlam_23&24.pdf,2,0,"2024
2023
2024
2023
2024
2023
2024
2023",ZAR,
(12 812),5,(54),-54.0,E08,Sanlam,Sanlam_23&24.pdf,2,0,"2024
2023
2024
2023
2024
2023
2024
2023",ZAR,
11 665,5,3 212,3212.0,E08,Sanlam,Sanlam_23&24.pdf,2,0,"2024
2023
2024
2023
2024
2023
2024
2023",ZAR,
(3 135),5,(886),-886.0,E08,Sanlam,Sanlam_23&24.pdf,2,0,"2024
2023
2024
2023
2024
2023
2024
2023",ZAR,
(172),5,(160),-160.0,E08,Sanlam,Sanlam_23&24.pdf,2,0,"2024
2023
2024
2023
2024
2023
2024
2023",ZAR,
8 358,5,2 166,2166.0,E08,Sanlam,Sanlam_23&24.pdf,2,0,"2024
2023
2024
2023
2024
2023
2024
2023",ZAR,
627,5,31,31.0,E08,Sanlam,Sanlam_23&24.pdf,2,0,"2024
2023
2024
2023
2024
2023
2024
2023",ZAR,
160,5,162,162.0,E08,Sanlam,Sanlam_23&24.pdf,2,0,"2024
2023
2024
2023
2024
2023
2024
2023",ZAR,
(37),5,(7),-7.0,E08,Sanlam,Sanlam_23&24.pdf,2,0,"2024
2023
2024
2023
2024
2023
2024
2023",ZAR,
9 108,5,2 352,2352.0,E08,Sanlam,Sanlam_23&24.pdf,2,0,"2024
2023
2024
2023
2024
2023
2024
2023",ZAR,
2 063,5,(100),-100.0,E08,Sanlam,Sanlam_23&24.pdf,2,0,"2024
2023
2024
2023
2024
2023
2024
2023",ZAR,
(68),5,(3),-3.0,E08,Sanlam,Sanlam_23&24.pdf,2,0,"2024
2023
2024
2023
2024
2023
2024
2023",ZAR,
9 923,5,2 249,2249.0,E08,Sanlam,Sanlam_23&24.pdf,2,0,"2024
2023
2024
2023
2024
2023
2024
2023",ZAR,
(240),5,(2),-2.0,E08,Sanlam,Sanlam_23&24.pdf,2,0,"2024
2023
2024
2023
2024
2023
2024
2023",ZAR,
9 683,5,2 247,2247.0,E08,Sanlam,Sanlam_23&24.pdf,2,0,"2024
2023
2024
2023
2024
2023
2024
2023",ZAR,
9 291,6,546,546.0,E08,Sanlam,Sanlam_23&24.pdf,2,0,"2024
2023
2024
2023
2024
2023
2024
2023",ZAR,
(36 549),6,(435),-435.0,E08,Sanlam,Sanlam_23&24.pdf,2,0,"2024
2023
2024
2023
2024
2023
2024
2023",ZAR,
1050,6,981,981.0,E08,Sanlam,Sanlam_23&24.pdf,2,0,"2024
2023
2024
2023
2024
2023
2024
2023",ZAR,
2 423,6,2 189,2189.0,E08,Sanlam,Sanlam_23&24.pdf,2,0,"2024
2023
2024
2023
2024
2023
2024
2023",ZAR,
16 311,6,6 789,6789.0,E08,Sanlam,Sanlam_23&24.pdf,2,0,"2024
2023
2024
2023
2024
2023
2024
2023",ZAR,
60,6,219,219.0,E08,Sanlam,Sanlam_23&24.pdf,2,0,"2024
2023
2024
2023
2024
2023
2024
2023",ZAR,
(1 136),6,(72),-72.0,E08,Sanlam,Sanlam_23&24.pdf,2,0,"2024
2023
2024
2023
2024
2023
2024
2023",ZAR,
(12 812),6,(4 747),-4747.0,E08,Sanlam,Sanlam_23&24.pdf,2,0,"2024
2023
2024
2023
2024
2023
2024
2023",ZAR,
11 665,6,2735,2735.0,E08,Sanlam,Sanlam_23&24.pdf,2,0,"2024
2023
2024
2023
2024
2023
2024
2023",ZAR,
(3 135),6,(635),-635.0,E08,Sanlam,Sanlam_23&24.pdf,2,0,"2024
2023
2024
2023
2024
2023
2024
2023",ZAR,
(172),6,(313),-313.0,E08,Sanlam,Sanlam_23&24.pdf,2,0,"2024
2023
2024
2023
2024
2023
2024
2023",ZAR,
8 358,6,1787,1787.0,E08,Sanlam,Sanlam_23&24.pdf,2,0,"2024
2023
2024
2023
2024
2023
2024
2023",ZAR,
627,6,84,84.0,E08,Sanlam,Sanlam_23&24.pdf,2,0,"2024
2023
2024
2023
2024
2023
2024
2023",ZAR,
160,6,49,49.0,E08,Sanlam,Sanlam_23&24.pdf,2,0,"2024
2023
2024
2023
2024
2023
2024
2023",ZAR,
(37),6,(11),-11.0,E08,Sanlam,Sanlam_23&24.pdf,2,0,"2024
2023
2024
2023
2024
2023
2024
2023",ZAR,
9 108,6,1909,1909.0,E08,Sanlam,Sanlam_23&24.pdf,2,0,"2024
2023
2024
2023
2024
2023
2024
2023",ZAR,
(68),6,(64),-64.0,E08,Sanlam,Sanlam_23&24.pdf,2,0,"2024
2023
2024
2023
2024
2023
2024
2023",ZAR,
(4 179),6,2,2.0,E08,Sanlam,Sanlam_23&24.pdf,2,0,"2024
2023
2024
2023
2024
2023
2024
2023",ZAR,
6,6,(6),-6.0,E08,Sanlam,Sanlam_23&24.pdf,2,0,"2024
2023
2024
2023
2024
2023
2024
2023",ZAR,
9 923,6,1841,1841.0,E08,Sanlam,Sanlam_23&24.pdf,2,0,"2024
2023
2024
2023
2024
2023
2024
2023",ZAR,
9 683,6,1842,1842.0,E08,Sanlam,Sanlam_23&24.pdf,2,0,"2024
2023
2024
2023
2024
2023
2024
2023",ZAR,
9 291,7,509,509.0,E08,Sanlam,Sanlam_23&24.pdf,2,0,"2024
2023
2024
2023
2024
2023
2024
2023",ZAR,
45 994,7,158,158.0,E08,Sanlam,Sanlam_23&24.pdf,2,0,"2024
2023
2024
2023
2024
2023
2024
2023",ZAR,
(36 549),7,(418),-418.0,E08,Sanlam,Sanlam_23&24.pdf,2,0,"2024
2023
2024
2023
2024
2023
2024
2023",ZAR,
(421),7,-,0.0,E08,Sanlam,Sanlam_23&24.pdf,2,0,"2024
2023
2024
2023
2024
2023
2024
2023",ZAR,
1050,7,769,769.0,E08,Sanlam,Sanlam_23&24.pdf,2,0,"2024
2023
2024
2023
2024
2023
2024
2023",ZAR,
,7,-,0.0,E08,Sanlam,Sanlam_23&24.pdf,2,0,"2024
2023
2024
2023
2024
2023
2024
2023",ZAR,
2 423,7,1910,1910.0,E08,Sanlam,Sanlam_23&24.pdf,2,0,"2024
2023
2024
2023
2024
2023
2024
2023",ZAR,
16 311,7,6 242,6242.0,E08,Sanlam,Sanlam_23&24.pdf,2,0,"2024
2023
2024
2023
2024
2023
2024
2023",ZAR,
60,7,198,198.0,E08,Sanlam,Sanlam_23&24.pdf,2,0,"2024
2023
2024
2023
2024
2023
2024
2023",ZAR,
(1 136),7,(11),-11.0,E08,Sanlam,Sanlam_23&24.pdf,2,0,"2024
2023
2024
2023
2024
2023
2024
2023",ZAR,
(12 812),7,(4 519),-4519.0,E08,Sanlam,Sanlam_23&24.pdf,2,0,"2024
2023
2024
2023
2024
2023
2024
2023",ZAR,
11 665,7,2 419,2419.0,E08,Sanlam,Sanlam_23&24.pdf,2,0,"2024
2023
2024
2023
2024
2023
2024
2023",ZAR,
(3 135),7,(576),-576.0,E08,Sanlam,Sanlam_23&24.pdf,2,0,"2024
2023
2024
2023
2024
2023
2024
2023",ZAR,
(172),7,(261),-261.0,E08,Sanlam,Sanlam_23&24.pdf,2,0,"2024
2023
2024
2023
2024
2023
2024
2023",ZAR,
8 358,7,1 582,1582.0,E08,Sanlam,Sanlam_23&24.pdf,2,0,"2024
2023
2024
2023
2024
2023
2024
2023",ZAR,
627,7,110,110.0,E08,Sanlam,Sanlam_23&24.pdf,2,0,"2024
2023
2024
2023
2024
2023
2024
2023",ZAR,
160,7,130,130.0,E08,Sanlam,Sanlam_23&24.pdf,2,0,"2024
2023
2024
2023
2024
2023
2024
2023",ZAR,
(37),7,(59),-59.0,E08,Sanlam,Sanlam_23&24.pdf,2,0,"2024
2023
2024
2023
2024
2023
2024
2023",ZAR,
9 108,7,1 763,1763.0,E08,Sanlam,Sanlam_23&24.pdf,2,0,"2024
2023
2024
2023
2024
2023
2024
2023",ZAR,
2 063,7,-,0.0,E08,Sanlam,Sanlam_23&24.pdf,2,0,"2024
2023
2024
2023
2024
2023
2024
2023",ZAR,
(68),7,(64),-64.0,E08,Sanlam,Sanlam_23&24.pdf,2,0,"2024
2023
2024
2023
2024
2023
2024
2023",ZAR,
(4 179),7,(23),-23.0,E08,Sanlam,Sanlam_23&24.pdf,2,0,"2024
2023
2024
2023
2024
2023
2024
2023",ZAR,
6,7,15,15.0,E08,Sanlam,Sanlam_23&24.pdf,2,0,"2024
2023
2024
2023
2024
2023
2024
2023",ZAR,
9 923,7,1691,1691.0,E08,Sanlam,Sanlam_23&24.pdf,2,0,"2024
2023
2024
2023
2024
2023
2024
2023",ZAR,
(240),7,(1),-1.0,E08,Sanlam,Sanlam_23&24.pdf,2,0,"2024
2023
2024
2023
2024
2023
2024
2023",ZAR,
9 683,7,1 690,1690.0,E08,Sanlam,Sanlam_23&24.pdf,2,0,"2024
2023
2024
2023
2024
2023
2024
2023",ZAR,
(49),8,3,3.0,E08,Sanlam,Sanlam_23&24.pdf,2,0,"2024
2023
2024
2023
2024
2023
2024
2023",ZAR,
123,8,52,52.0,E08,Sanlam,Sanlam_23&24.pdf,2,0,"2024
2023
2024
2023
2024
2023
2024
2023",ZAR,
is,8,(8,8.0,E08,Sanlam,Sanlam_23&24.pdf,2,0,"2024
2023
2024
2023
2024
2023
2024
2023",ZAR,
(3 135),8,(1,1.0,E08,Sanlam,Sanlam_23&24.pdf,2,0,"2024
2023
2024
2023
2024
2023
2024
2023",ZAR,
(172),8,(1,1.0,E08,Sanlam,Sanlam_23&24.pdf,2,0,"2024
2023
2024
2023
2024
2023
2024
2023",ZAR,
South Africa,1,8 578,8578.0,E08,Sanlam,Sanlam_23&24.pdf,3,0,"2024
2023
2024
2023
2024
2023
2024
2023
R million",ZAR,1000000.0
Pan-Africa,1,827,827.0,E08,Sanlam,Sanlam_23&24.pdf,3,0,"2024
2023
2024
2023
2024
2023
2024
2023
R million",ZAR,1000000.0
Asia,1,(72),-72.0,E08,Sanlam,Sanlam_23&24.pdf,3,0,"2024
2023
2024
2023
2024
2023
2024
2023
R million",ZAR,1000000.0
International - UK,1,-,0.0,E08,Sanlam,Sanlam_23&24.pdf,3,0,"2024
2023
2024
2023
2024
2023
2024
2023
R million",ZAR,1000000.0
Net results from financial services,1,9 333,9333.0,E08,Sanlam,Sanlam_23&24.pdf,3,0,"2024
2023
2024
2023
2024
2023
2024
2023
R million",ZAR,1000000.0
fund reserves,1,10 177,10177.0,E08,Sanlam,Sanlam_23&24.pdf,3,0,"2024
2023
2024
2023
2024
2023
2024
2023
R million",ZAR,1000000.0
reserves,1,(844),-844.0,E08,Sanlam,Sanlam_23&24.pdf,3,0,"2024
2023
2024
2023
2024
2023
2024
2023
R million",ZAR,1000000.0
,1,(168),-168.0,E08,Sanlam,Sanlam_23&24.pdf,3,0,"2024
2023
2024
2023
2024
2023
2024
2023
R million",ZAR,1000000.0
,1,(1),-1.0,E08,Sanlam,Sanlam_23&24.pdf,3,0,"2024
2023
2024
2023
2024
2023
2024
2023
R million",ZAR,1000000.0
,1,(670),-670.0,E08,Sanlam,Sanlam_23&24.pdf,3,0,"2024
2023
2024
2023
2024
2023
2024
2023
R million",ZAR,1000000.0
,1,(5),-5.0,E08,Sanlam,Sanlam_23&24.pdf,3,0,"2024
2023
2024
2023
2024
2023
2024
2023
R million",ZAR,1000000.0
fund reserves,1,9 333,9333.0,E08,Sanlam,Sanlam_23&24.pdf,3,0,"2024
2023
2024
2023
2024
2023
2024
2023
R million",ZAR,1000000.0
South Africa,2,6 677,6677.0,E08,Sanlam,Sanlam_23&24.pdf,3,0,"2024
2023
2024
2023
2024
2023
2024
2023
R million",ZAR,1000000.0
Pan-Africa,2,473,473.0,E08,Sanlam,Sanlam_23&24.pdf,3,0,"2024
2023
2024
2023
2024
2023
2024
2023
R million",ZAR,1000000.0
Asia,2,132,132.0,E08,Sanlam,Sanlam_23&24.pdf,3,0,"2024
2023
2024
2023
2024
2023
2024
2023
R million",ZAR,1000000.0
Net results from financial services,2,7 282,7282.0,E08,Sanlam,Sanlam_23&24.pdf,3,0,"2024
2023
2024
2023
2024
2023
2024
2023
R million",ZAR,1000000.0
fund reserves,2,8 527,8527.0,E08,Sanlam,Sanlam_23&24.pdf,3,0,"2024
2023
2024
2023
2024
2023
2024
2023
R million",ZAR,1000000.0
reserves,2,(1 245),-1245.0,E08,Sanlam,Sanlam_23&24.pdf,3,0,"2024
2023
2024
2023
2024
2023
2024
2023
R million",ZAR,1000000.0
,2,(178),-178.0,E08,Sanlam,Sanlam_23&24.pdf,3,0,"2024
2023
2024
2023
2024
2023
2024
2023
R million",ZAR,1000000.0
,2,(597),-597.0,E08,Sanlam,Sanlam_23&24.pdf,3,0,"2024
2023
2024
2023
2024
2023
2024
2023
R million",ZAR,1000000.0
,2,(276),-276.0,E08,Sanlam,Sanlam_23&24.pdf,3,0,"2024
2023
2024
2023
2024
2023
2024
2023
R million",ZAR,1000000.0
,2,(194),-194.0,E08,Sanlam,Sanlam_23&24.pdf,3,0,"2024
2023
2024
2023
2024
2023
2024
2023
R million",ZAR,1000000.0
fund reserves,2,7 282,7282.0,E08,Sanlam,Sanlam_23&24.pdf,3,0,"2024
2023
2024
2023
2024
2023
2024
2023
R million",ZAR,1000000.0
South Africa,3,1771,1771.0,E08,Sanlam,Sanlam_23&24.pdf,3,0,"2024
2023
2024
2023
2024
2023
2024
2023
R million",ZAR,1000000.0
Pan-Africa,3,1 004,1004.0,E08,Sanlam,Sanlam_23&24.pdf,3,0,"2024
2023
2024
2023
2024
2023
2024
2023
R million",ZAR,1000000.0
Asia,3,272,272.0,E08,Sanlam,Sanlam_23&24.pdf,3,0,"2024
2023
2024
2023
2024
2023
2024
2023
R million",ZAR,1000000.0
International - UK,3,-,0.0,E08,Sanlam,Sanlam_23&24.pdf,3,0,"2024
2023
2024
2023
2024
2023
2024
2023
R million",ZAR,1000000.0
Net results from financial services,3,3 047,3047.0,E08,Sanlam,Sanlam_23&24.pdf,3,0,"2024
2023
2024
2023
2024
2023
2024
2023
R million",ZAR,1000000.0
fund reserves,3,3 128,3128.0,E08,Sanlam,Sanlam_23&24.pdf,3,0,"2024
2023
2024
2023
2024
2023
2024
2023
R million",ZAR,1000000.0
reserves,3,(81),-81.0,E08,Sanlam,Sanlam_23&24.pdf,3,0,"2024
2023
2024
2023
2024
2023
2024
2023
R million",ZAR,1000000.0
,3,(81),-81.0,E08,Sanlam,Sanlam_23&24.pdf,3,0,"2024
2023
2024
2023
2024
2023
2024
2023
R million",ZAR,1000000.0
fund reserves,3,3 047,3047.0,E08,Sanlam,Sanlam_23&24.pdf,3,0,"2024
2023
2024
2023
2024
2023
2024
2023
R million",ZAR,1000000.0
South Africa,4,1053,1053.0,E08,Sanlam,Sanlam_23&24.pdf,3,0,"2024
2023
2024
2023
2024
2023
2024
2023
R million",ZAR,1000000.0
Pan-Africa,4,806,806.0,E08,Sanlam,Sanlam_23&24.pdf,3,0,"2024
2023
2024
2023
2024
2023
2024
2023
R million",ZAR,1000000.0
Asia,4,320,320.0,E08,Sanlam,Sanlam_23&24.pdf,3,0,"2024
2023
2024
2023
2024
2023
2024
2023
R million",ZAR,1000000.0
Net results from financial services,4,2179,2179.0,E08,Sanlam,Sanlam_23&24.pdf,3,0,"2024
2023
2024
2023
2024
2023
2024
2023
R million",ZAR,1000000.0
fund reserves,4,2 229,2229.0,E08,Sanlam,Sanlam_23&24.pdf,3,0,"2024
2023
2024
2023
2024
2023
2024
2023
R million",ZAR,1000000.0
reserves,4,(50),-50.0,E08,Sanlam,Sanlam_23&24.pdf,3,0,"2024
2023
2024
2023
2024
2023
2024
2023
R million",ZAR,1000000.0
,4,(50),-50.0,E08,Sanlam,Sanlam_23&24.pdf,3,0,"2024
2023
2024
2023
2024
2023
2024
2023
R million",ZAR,1000000.0
fund reserves,4,2179,2179.0,E08,Sanlam,Sanlam_23&24.pdf,3,0,"2024
2023
2024
2023
2024
2023
2024
2023
R million",ZAR,1000000.0
South Africa,5,1 058,1058.0,E08,Sanlam,Sanlam_23&24.pdf,3,0,"2024
2023
2024
2023
2024
2023
2024
2023
R million",ZAR,1000000.0
Pan-Africa,5,98,98.0,E08,Sanlam,Sanlam_23&24.pdf,3,0,"2024
2023
2024
2023
2024
2023
2024
2023
R million",ZAR,1000000.0
Asia,5,-,0.0,E08,Sanlam,Sanlam_23&24.pdf,3,0,"2024
2023
2024
2023
2024
2023
2024
2023
R million",ZAR,1000000.0
International - UK,5,247,247.0,E08,Sanlam,Sanlam_23&24.pdf,3,0,"2024
2023
2024
2023
2024
2023
2024
2023
R million",ZAR,1000000.0
Net results from financial services,5,1 403,1403.0,E08,Sanlam,Sanlam_23&24.pdf,3,0,"2024
2023
2024
2023
2024
2023
2024
2023
R million",ZAR,1000000.0
fund reserves,5,1 403,1403.0,E08,Sanlam,Sanlam_23&24.pdf,3,0,"2024
2023
2024
2023
2024
2023
2024
2023
R million",ZAR,1000000.0
fund reserves,5,1 403,1403.0,E08,Sanlam,Sanlam_23&24.pdf,3,0,"2024
2023
2024
2023
2024
2023
2024
2023
R million",ZAR,1000000.0
South Africa,6,914,914.0,E08,Sanlam,Sanlam_23&24.pdf,3,0,"2024
2023
2024
2023
2024
2023
2024
2023
R million",ZAR,1000000.0
Pan-Africa,6,86,86.0,E08,Sanlam,Sanlam_23&24.pdf,3,0,"2024
2023
2024
2023
2024
2023
2024
2023
R million",ZAR,1000000.0
International - UK,6,234,234.0,E08,Sanlam,Sanlam_23&24.pdf,3,0,"2024
2023
2024
2023
2024
2023
2024
2023
R million",ZAR,1000000.0
Net results from financial services,6,1 234,1234.0,E08,Sanlam,Sanlam_23&24.pdf,3,0,"2024
2023
2024
2023
2024
2023
2024
2023
R million",ZAR,1000000.0
fund reserves,6,1 234,1234.0,E08,Sanlam,Sanlam_23&24.pdf,3,0,"2024
2023
2024
2023
2024
2023
2024
2023
R million",ZAR,1000000.0
fund reserves,6,1 234,1234.0,E08,Sanlam,Sanlam_23&24.pdf,3,0,"2024
2023
2024
2023
2024
2023
2024
2023
R million",ZAR,1000000.0
South Africa,7,271,271.0,E08,Sanlam,Sanlam_23&24.pdf,3,0,"2024
2023
2024
2023
2024
2023
2024
2023
R million",ZAR,1000000.0
Pan-Africa,7,137,137.0,E08,Sanlam,Sanlam_23&24.pdf,3,0,"2024
2023
2024
2023
2024
2023
2024
2023
R million",ZAR,1000000.0
Asia,7,1734,1734.0,E08,Sanlam,Sanlam_23&24.pdf,3,0,"2024
2023
2024
2023
2024
2023
2024
2023
R million",ZAR,1000000.0
Net results from financial services,7,2 142,2142.0,E08,Sanlam,Sanlam_23&24.pdf,3,0,"2024
2023
2024
2023
2024
2023
2024
2023
R million",ZAR,1000000.0
fund reserves,7,2 142,2142.0,E08,Sanlam,Sanlam_23&24.pdf,3,0,"2024
2023
2024
2023
2024
2023
2024
2023
R million",ZAR,1000000.0
fund reserves,7,2 142,2142.0,E08,Sanlam,Sanlam_23&24.pdf,3,0,"2024
2023
2024
2023
2024
2023
2024
2023
R million",ZAR,1000000.0
South Africa,8,343,343.0,E08,Sanlam,Sanlam_23&24.pdf,3,0,"2024
2023
2024
2023
2024
2023
2024
2023
R million",ZAR,1000000.0
Pan-Africa,8,232,232.0,E08,Sanlam,Sanlam_23&24.pdf,3,0,"2024
2023
2024
2023
2024
2023
2024
2023
R million",ZAR,1000000.0
Asia,8,1573,1573.0,E08,Sanlam,Sanlam_23&24.pdf,3,0,"2024
2023
2024
2023
2024
2023
2024
2023
R million",ZAR,1000000.0
Net results from financial services,8,2 148,2148.0,E08,Sanlam,Sanlam_23&24.pdf,3,0,"2024
2023
2024
2023
2024
2023
2024
2023
R million",ZAR,1000000.0
fund reserves,8,2 148,2148.0,E08,Sanlam,Sanlam_23&24.pdf,3,0,"2024
2023
2024
2023
2024
2023
2024
2023
R million",ZAR,1000000.0
fund reserves,8,2 148,2148.0,E08,Sanlam,Sanlam_23&24.pdf,3,0,"2024
2023
2024
2023
2024
2023
2024
2023
R million",ZAR,1000000.0
Balance at the beginning of the period,1,14578,14578.0,E08,Sanlam,Sanlam_23&24.pdf,4,0,"2024
2023
R million",ZAR,1000000.0
"Included in net results from financial services:
fund",1,925,925.0,E08,Sanlam,Sanlam_23&24.pdf,4,0,"2024
2023
R million",ZAR,1000000.0
,1,1546,1546.0,E08,Sanlam,Sanlam_23&24.pdf,4,0,"2024
2023
R million",ZAR,1000000.0
,1,(621),-621.0,E08,Sanlam,Sanlam_23&24.pdf,4,0,"2024
2023
R million",ZAR,1000000.0
Recognised in net investment return,1,1 254,1254.0,E08,Sanlam,Sanlam_23&24.pdf,4,0,"2024
2023
R million",ZAR,1000000.0
Recognised directly in statement of changes in equity”,1,2 233,2233.0,E08,Sanlam,Sanlam_23&24.pdf,4,0,"2024
2023
R million",ZAR,1000000.0
Balance at the end of the period consisting of:,1,18 990,18990.0,E08,Sanlam,Sanlam_23&24.pdf,4,0,"2024
2023
R million",ZAR,1000000.0
Asset mismatch reserves,1,7930,7930.0,E08,Sanlam,Sanlam_23&24.pdf,4,0,"2024
2023
R million",ZAR,1000000.0
,1,7342,7342.0,E08,Sanlam,Sanlam_23&24.pdf,4,0,"2024
2023
R million",ZAR,1000000.0
,1,588,588.0,E08,Sanlam,Sanlam_23&24.pdf,4,0,"2024
2023
R million",ZAR,1000000.0
Future-fit project expense reserves,1,1 881,1881.0,E08,Sanlam,Sanlam_23&24.pdf,4,0,"2024
2023
R million",ZAR,1000000.0
Reserves backed by insurance contract assets,1,8 354,8354.0,E08,Sanlam,Sanlam_23&24.pdf,4,0,"2024
2023
R million",ZAR,1000000.0
Pandemic and other reserves,1,825,825.0,E08,Sanlam,Sanlam_23&24.pdf,4,0,"2024
2023
R million",ZAR,1000000.0
Balance at the beginning of the period,2,11735,11735.0,E08,Sanlam,Sanlam_23&24.pdf,4,0,"2024
2023
R million",ZAR,1000000.0
"Included in net results from financial services:
fund",2,1 295,1295.0,E08,Sanlam,Sanlam_23&24.pdf,4,0,"2024
2023
R million",ZAR,1000000.0
,2,1 810,1810.0,E08,Sanlam,Sanlam_23&24.pdf,4,0,"2024
2023
R million",ZAR,1000000.0
,2,(515),-515.0,E08,Sanlam,Sanlam_23&24.pdf,4,0,"2024
2023
R million",ZAR,1000000.0
Recognised in net investment return,2,481,481.0,E08,Sanlam,Sanlam_23&24.pdf,4,0,"2024
2023
R million",ZAR,1000000.0
Recognised directly in statement of changes in equity”,2,1 033,1033.0,E08,Sanlam,Sanlam_23&24.pdf,4,0,"2024
2023
R million",ZAR,1000000.0
Cash flow movements not in the income statement,2,34,34.0,E08,Sanlam,Sanlam_23&24.pdf,4,0,"2024
2023
R million",ZAR,1000000.0
Balance at the end of the period consisting of:,2,14578,14578.0,E08,Sanlam,Sanlam_23&24.pdf,4,0,"2024
2023
R million",ZAR,1000000.0
Asset mismatch reserves,2,6 168,6168.0,E08,Sanlam,Sanlam_23&24.pdf,4,0,"2024
2023
R million",ZAR,1000000.0
,2,5 664,5664.0,E08,Sanlam,Sanlam_23&24.pdf,4,0,"2024
2023
R million",ZAR,1000000.0
,2,504,504.0,E08,Sanlam,Sanlam_23&24.pdf,4,0,"2024
2023
R million",ZAR,1000000.0
Future-fit project expense reserves,2,1 660,1660.0,E08,Sanlam,Sanlam_23&24.pdf,4,0,"2024
2023
R million",ZAR,1000000.0
Reserves backed by insurance contract assets,2,5 904,5904.0,E08,Sanlam,Sanlam_23&24.pdf,4,0,"2024
2023
R million",ZAR,1000000.0
Pandemic and other reserves,2,846,846.0,E08,Sanlam,Sanlam_23&24.pdf,4,0,"2024
2023
R million",ZAR,1000000.0
business,,3 386,3386.0,E08,Sanlam,Sanlam_23&24.pdf,4,2,"2024
2023
2024
2023
2024
2023
2024
2023
R million",ZAR,1000000.0
Cost of capital,,(347),-347.0,E08,Sanlam,Sanlam_23&24.pdf,4,2,"2024
2023
2024
2023
2024
2023
2024
2023
R million",ZAR,1000000.0
business,,3 039,3039.0,E08,Sanlam,Sanlam_23&24.pdf,4,2,"2024
2023
2024
2023
2024
2023
2024
2023
R million",ZAR,1000000.0
Shareholders’ fund,,2902,2902.0,E08,Sanlam,Sanlam_23&24.pdf,4,2,"2024
2023
2024
2023
2024
2023
2024
2023
R million",ZAR,1000000.0
Non-controlling interest,,137,137.0,E08,Sanlam,Sanlam_23&24.pdf,4,2,"2024
2023
2024
2023
2024
2023
2024
2023
R million",ZAR,1000000.0
business,,3 039,3039.0,E08,Sanlam,Sanlam_23&24.pdf,4,2,"2024
2023
2024
2023
2024
2023
2024
2023
R million",ZAR,1000000.0
business,nan.1,3 429,3429.0,E08,Sanlam,Sanlam_23&24.pdf,4,2,"2024
2023
2024
2023
2024
2023
2024
2023
R million",ZAR,1000000.0
Cost of capital,nan.1,(278),-278.0,E08,Sanlam,Sanlam_23&24.pdf,4,2,"2024
2023
2024
2023
2024
2023
2024
2023
R million",ZAR,1000000.0
business,nan.1,3 151,3151.0,E08,Sanlam,Sanlam_23&24.pdf,4,2,"2024
2023
2024
2023
2024
2023
2024
2023
R million",ZAR,1000000.0
Shareholders’ fund,nan.1,2 853,2853.0,E08,Sanlam,Sanlam_23&24.pdf,4,2,"2024
2023
2024
2023
2024
2023
2024
2023
R million",ZAR,1000000.0
Non-controlling interest,nan.1,298,298.0,E08,Sanlam,Sanlam_23&24.pdf,4,2,"2024
2023
2024
2023
2024
2023
2024
2023
R million",ZAR,1000000.0
business,nan.1,3 151,3151.0,E08,Sanlam,Sanlam_23&24.pdf,4,2,"2024
2023
2024
2023
2024
2023
2024
2023
R million",ZAR,1000000.0
business,nan.2,2352,2352.0,E08,Sanlam,Sanlam_23&24.pdf,4,2,"2024
2023
2024
2023
2024
2023
2024
2023
R million",ZAR,1000000.0
Cost of capital,nan.2,(134),-134.0,E08,Sanlam,Sanlam_23&24.pdf,4,2,"2024
2023
2024
2023
2024
2023
2024
2023
R million",ZAR,1000000.0
business,nan.2,2218,2218.0,E08,Sanlam,Sanlam_23&24.pdf,4,2,"2024
2023
2024
2023
2024
2023
2024
2023
R million",ZAR,1000000.0
Shareholders’ fund,nan.2,2 218,2218.0,E08,Sanlam,Sanlam_23&24.pdf,4,2,"2024
2023
2024
2023
2024
2023
2024
2023
R million",ZAR,1000000.0
business,nan.2,2218,2218.0,E08,Sanlam,Sanlam_23&24.pdf,4,2,"2024
2023
2024
2023
2024
2023
2024
2023
R million",ZAR,1000000.0
business,nan.3,2 278,2278.0,E08,Sanlam,Sanlam_23&24.pdf,4,2,"2024
2023
2024
2023
2024
2023
2024
2023
R million",ZAR,1000000.0
Cost of capital,nan.3,(121),-121.0,E08,Sanlam,Sanlam_23&24.pdf,4,2,"2024
2023
2024
2023
2024
2023
2024
2023
R million",ZAR,1000000.0
business,nan.3,2 157,2157.0,E08,Sanlam,Sanlam_23&24.pdf,4,2,"2024
2023
2024
2023
2024
2023
2024
2023
R million",ZAR,1000000.0
Shareholders’ fund,nan.3,2 153,2153.0,E08,Sanlam,Sanlam_23&24.pdf,4,2,"2024
2023
2024
2023
2024
2023
2024
2023
R million",ZAR,1000000.0
business,nan.3,2 157,2157.0,E08,Sanlam,Sanlam_23&24.pdf,4,2,"2024
2023
2024
2023
2024
2023
2024
2023
R million",ZAR,1000000.0
business,nan.4,676,676.0,E08,Sanlam,Sanlam_23&24.pdf,4,2,"2024
2023
2024
2023
2024
2023
2024
2023
R million",ZAR,1000000.0
Cost of capital,nan.4,(429),-429.0,E08,Sanlam,Sanlam_23&24.pdf,4,2,"2024
2023
2024
2023
2024
2023
2024
2023
R million",ZAR,1000000.0
business,nan.4,547,547.0,E08,Sanlam,Sanlam_23&24.pdf,4,2,"2024
2023
2024
2023
2024
2023
2024
2023
R million",ZAR,1000000.0
Shareholders’ fund,nan.4,469,469.0,E08,Sanlam,Sanlam_23&24.pdf,4,2,"2024
2023
2024
2023
2024
2023
2024
2023
R million",ZAR,1000000.0
Non-controlling interest,nan.4,78,78.0,E08,Sanlam,Sanlam_23&24.pdf,4,2,"2024
2023
2024
2023
2024
2023
2024
2023
R million",ZAR,1000000.0
business,nan.4,547,547.0,E08,Sanlam,Sanlam_23&24.pdf,4,2,"2024
2023
2024
2023
2024
2023
2024
2023
R million",ZAR,1000000.0
business,nan.5,767,767.0,E08,Sanlam,Sanlam_23&24.pdf,4,2,"2024
2023
2024
2023
2024
2023
2024
2023
R million",ZAR,1000000.0
Cost of capital,nan.5,(84),-84.0,E08,Sanlam,Sanlam_23&24.pdf,4,2,"2024
2023
2024
2023
2024
2023
2024
2023
R million",ZAR,1000000.0
business,nan.5,683,683.0,E08,Sanlam,Sanlam_23&24.pdf,4,2,"2024
2023
2024
2023
2024
2023
2024
2023
R million",ZAR,1000000.0
Shareholders’ fund,nan.5,453,453.0,E08,Sanlam,Sanlam_23&24.pdf,4,2,"2024
2023
2024
2023
2024
2023
2024
2023
R million",ZAR,1000000.0
Non-controlling interest,nan.5,230,230.0,E08,Sanlam,Sanlam_23&24.pdf,4,2,"2024
2023
2024
2023
2024
2023
2024
2023
R million",ZAR,1000000.0
business,nan.5,683,683.0,E08,Sanlam,Sanlam_23&24.pdf,4,2,"2024
2023
2024
2023
2024
2023
2024
2023
R million",ZAR,1000000.0
business,nan.6,358,358.0,E08,Sanlam,Sanlam_23&24.pdf,4,2,"2024
2023
2024
2023
2024
2023
2024
2023
R million",ZAR,1000000.0
Cost of capital,nan.6,(84),-84.0,E08,Sanlam,Sanlam_23&24.pdf,4,2,"2024
2023
2024
2023
2024
2023
2024
2023
R million",ZAR,1000000.0
business,nan.6,274,274.0,E08,Sanlam,Sanlam_23&24.pdf,4,2,"2024
2023
2024
2023
2024
2023
2024
2023
R million",ZAR,1000000.0
Shareholders’ fund,nan.6,215,215.0,E08,Sanlam,Sanlam_23&24.pdf,4,2,"2024
2023
2024
2023
2024
2023
2024
2023
R million",ZAR,1000000.0
Non-controlling interest,nan.6,59,59.0,E08,Sanlam,Sanlam_23&24.pdf,4,2,"2024
2023
2024
2023
2024
2023
2024
2023
R million",ZAR,1000000.0
business,nan.6,274,274.0,E08,Sanlam,Sanlam_23&24.pdf,4,2,"2024
2023
2024
2023
2024
2023
2024
2023
R million",ZAR,1000000.0
business,nan.7,384,384.0,E08,Sanlam,Sanlam_23&24.pdf,4,2,"2024
2023
2024
2023
2024
2023
2024
2023
R million",ZAR,1000000.0
Cost of capital,nan.7,(73),-73.0,E08,Sanlam,Sanlam_23&24.pdf,4,2,"2024
2023
2024
2023
2024
2023
2024
2023
R million",ZAR,1000000.0
business,nan.7,311,311.0,E08,Sanlam,Sanlam_23&24.pdf,4,2,"2024
2023
2024
2023
2024
2023
2024
2023
R million",ZAR,1000000.0
Shareholders’ fund,nan.7,247,247.0,E08,Sanlam,Sanlam_23&24.pdf,4,2,"2024
2023
2024
2023
2024
2023
2024
2023
R million",ZAR,1000000.0
Non-controlling interest,nan.7,64,64.0,E08,Sanlam,Sanlam_23&24.pdf,4,2,"2024
2023
2024
2023
2024
2023
2024
2023
R million",ZAR,1000000.0
business,nan.7,311,311.0,E08,Sanlam,Sanlam_23&24.pdf,4,2,"2024
2023
2024
2023
2024
2023
2024
2023
R million",ZAR,1000000.0
