entity_id,entity_name,fiscal_year,line_item,metric_type,priority,status,current_value,source_pdf,where_to_look,note
E01,BHP Group,FY2024,Total revenue,amount,1,have,1035238800000.0,BHB_group_mining_-_23-25.pdf,"Income statement, 'Revenue' - the group total, not a segment line",
E01,BHP Group,FY2025,Total revenue,amount,1,have,932968400000.0,BHB_group_mining_-_23-25.pdf,"Income statement, 'Revenue' - the group total, not a segment line",
E02,Glencore,FY2024,Total revenue,amount,1,missing,,Glencore_mining_-_22&23.pdf,"Income statement, 'Revenue' - the group total, not a segment line","implied coverage 1,497x outside plausible range"
E02,Glencore,FY2025,Total revenue,amount,1,suspect,4203180800000.0,Glencore_mining_-_24&25.pdf,"Income statement, 'Revenue' - the group total, not a segment line","implied coverage 1,497x outside plausible range"
E02,Glencore,FY2026,Total revenue,amount,1,suspect,4430876500000.0,Glencore_mining_-_24&25.pdf,"Income statement, 'Revenue' - the group total, not a segment line","implied coverage 1,497x outside plausible range"
E03,Anglo American,FY2024,Total revenue,amount,1,missing,,Anglo_American_mining_-_22&23.pdf,"Income statement, 'Revenue' - the group total, not a segment line",
E03,Anglo American,FY2025,Total revenue,amount,1,missing,,Anglo_American_mining_-_24&25.pdf,"Income statement, 'Revenue' - the group total, not a segment line",
E03,Anglo American,FY2026,Total revenue,amount,1,missing,,Anglo_American_mining_-_24&25.pdf,"Income statement, 'Revenue' - the group total, not a segment line",
E04,AngloGold Ashanti,FY2024,Total revenue,amount,1,missing,,AngloGold_Ashanti_-_23-25.pdf,"Income statement, 'Revenue' - the group total, not a segment line",
E04,AngloGold Ashanti,FY2025,Total revenue,amount,1,missing,,AngloGold_Ashanti_-_23-25.pdf,"Income statement, 'Revenue' - the group total, not a segment line",
E04,AngloGold Ashanti,FY2026,Total revenue,amount,1,missing,,AngloGold_Ashanti_-_23-25.pdf,"Income statement, 'Revenue' - the group total, not a segment line",
E05,Gold Fields,FY2024,Total revenue,amount,1,missing,,Gold_Fields_mining_-_23-25.pdf,"Income statement, 'Revenue' - the group total, not a segment line",
E05,Gold Fields,FY2025,Total revenue,amount,1,missing,,Gold_Fields_mining_-_23-25.pdf,"Income statement, 'Revenue' - the group total, not a segment line",
E05,Gold Fields,FY2026,Total revenue,amount,1,have,156648270000.0,Gold_Fields_mining_-_23-25.pdf,"Income statement, 'Revenue' - the group total, not a segment line",
E06,Valterra Platinum,FY2025,Total revenue,amount,1,missing,,Valterra_Platinum_mining_-_24&25.pdf,"Income statement, 'Revenue' - the group total, not a segment line",
E06,Valterra Platinum,FY2026,Total revenue,amount,1,missing,,Valterra_Platinum_mining_-_24&25.pdf,"Income statement, 'Revenue' - the group total, not a segment line",
E07,OUTsurance Group,FY2024,Total revenue,amount,1,missing,,Outsurance_group_-_23-24.pdf; Outsurance_group_-_24&25.pdf,"Income statement, 'Revenue' - the group total, not a segment line",
E07,OUTsurance Group,FY2025,Total revenue,amount,1,missing,,Outsurance_group_-_24&25.pdf,"Income statement, 'Revenue' - the group total, not a segment line",
E08,Sanlam,FY2024,Total revenue,amount,1,missing,,Sanlam_23&24.pdf,"Income statement, 'Revenue' - the group total, not a segment line",
E08,Sanlam,FY2025,Total revenue,amount,1,missing,,Sanlam_23&24.pdf,"Income statement, 'Revenue' - the group total, not a segment line",
E09,Shoprite Holdings,FY2024,Total revenue,amount,1,missing,,Shopright_-_23&24.pdf; Shopright_Holdings_-_24&25.pdf,"Income statement, 'Revenue' - the group total, not a segment line",
E09,Shoprite Holdings,FY2025,Total revenue,amount,1,missing,,Shopright_Holdings_-_24&25.pdf,"Income statement, 'Revenue' - the group total, not a segment line",
E10,Bid Corporation,FY2024,Total revenue,amount,1,have,235591182000.0,Bid_Corporation_-_24&25.pdf,"Income statement, 'Revenue' - the group total, not a segment line",
E10,Bid Corporation,FY2025,Total revenue,amount,1,have,4100.0,Bid_Corporation_-_24&25.pdf,"Income statement, 'Revenue' - the group total, not a segment line",
E11,Pepkor Holdings,FY2024,Total revenue,amount,1,missing,,Pepkor_Holdings_-_23&24.pdf,"Income statement, 'Revenue' - the group total, not a segment line",
E11,Pepkor Holdings,FY2025,Total revenue,amount,1,missing,,Pepkor_Holdings_-_23&24.pdf; Pepkor_Holdings_-_24&25.pdf,"Income statement, 'Revenue' - the group total, not a segment line",
E11,Pepkor Holdings,FY2026,Total revenue,amount,1,missing,,Pepkor_Holdings_-_24&25.pdf,"Income statement, 'Revenue' - the group total, not a segment line",
E12,Clicks Group,FY2024,Total revenue,amount,1,have,44560532000.0,Clicks_group_-_23&24.pdf,"Income statement, 'Revenue' - the group total, not a segment line",
E12,Clicks Group,FY2025,Total revenue,amount,1,have,48609808000.0,Clicks_group_-_23&24.pdf,"Income statement, 'Revenue' - the group total, not a segment line",
E13,NEPI Rockcastle,FY2024,Total revenue,amount,1,missing,,NEPI_Rockcastle_-_23&24.pdf; NEPI_Rockcastle_-_23&24_(1).pdf,"Income statement, 'Revenue' - the group total, not a segment line",
E13,NEPI Rockcastle,FY2025,Total revenue,amount,1,missing,,NEPI_Rockcastle_-_23&24.pdf; NEPI_Rockcastle_-_23&24_(1).pdf; NEPI_Rockcastle_-_24&25.pdf,"Income statement, 'Revenue' - the group total, not a segment line",
E13,NEPI Rockcastle,FY2026,Total revenue,amount,1,missing,,NEPI_Rockcastle_-_24&25.pdf,"Income statement, 'Revenue' - the group total, not a segment line",
E14,Prosus,FY2024,Total revenue,amount,1,have,114762000000.00002,Prosus_-_24&25.pdf,"Income statement, 'Revenue' - the group total, not a segment line",
E14,Prosus,FY2025,Total revenue,amount,1,have,236600000.0,Prosus_-_24&25.pdf; Prosus_-_25&26.pdf,"Income statement, 'Revenue' - the group total, not a segment line",
E14,Prosus,FY2026,Total revenue,amount,1,missing,,Prosus_-_25&26.pdf,"Income statement, 'Revenue' - the group total, not a segment line",
E15,Naspers,FY2024,Total revenue,amount,1,missing,,Naspers_-_24&25.pdf,"Income statement, 'Revenue' - the group total, not a segment line",
E15,Naspers,FY2025,Total revenue,amount,1,missing,,Naspers_-_24&25.pdf; Naspers_-_25&26.pdf,"Income statement, 'Revenue' - the group total, not a segment line",
E15,Naspers,FY2026,Total revenue,amount,1,missing,,Naspers_-_25&26.pdf,"Income statement, 'Revenue' - the group total, not a segment line",
E16,MTN Group,FY2024,Total revenue,amount,1,have,221056000000.0,MTN_Group_-_23&24.pdf,"Income statement, 'Revenue' - the group total, not a segment line",
E16,MTN Group,FY2025,Total revenue,amount,1,have,188001000000.0,MTN_Group_-_23&24.pdf; MTN_Group_-_24&25.pdf,"Income statement, 'Revenue' - the group total, not a segment line",
E16,MTN Group,FY2026,Total revenue,amount,1,have,188001000000.0,MTN_Group_-_24&25.pdf,"Income statement, 'Revenue' - the group total, not a segment line",
E17,Vodacom Group,FY2024,Total revenue,amount,1,have,150594000000.0,Vodacom_Group_-_24&25.pdf,"Income statement, 'Revenue' - the group total, not a segment line",
E17,Vodacom Group,FY2025,Total revenue,amount,1,have,152227000000.0,Vodacom_Group_-_24&25.pdf; Vodacom_Group_-_25&26.pdf,"Income statement, 'Revenue' - the group total, not a segment line",
E17,Vodacom Group,FY2026,Total revenue,amount,1,missing,,Vodacom_Group_-_25&26.pdf,"Income statement, 'Revenue' - the group total, not a segment line",
E18,The Bidvest Group,FY2024,Total revenue,amount,1,have,126605406000.0,The_Bidvest_Group_-_23&24.pdf; The_Bidvest_Group_-_24&25.pdf,"Income statement, 'Revenue' - the group total, not a segment line",
E18,The Bidvest Group,FY2025,Total revenue,amount,1,have,5100.0,The_Bidvest_Group_-_24&25.pdf,"Income statement, 'Revenue' - the group total, not a segment line",
E19,Aspen Pharmacare,FY2024,Total revenue,amount,1,suspect,43363000000.0,Aspen_Pharmacare_-_24&25.pdf,"Income statement, 'Revenue' - the group total, not a segment line",impossible Gross margin proxy (-0.11)
E19,Aspen Pharmacare,FY2025,Total revenue,amount,1,suspect,19000000.0,Aspen_Pharmacare_-_24&25.pdf,"Income statement, 'Revenue' - the group total, not a segment line",impossible Gross margin proxy (-0.11)
E20,Shaftesbury Capital plc,FY2024,Total revenue,amount,1,have,4565340000.0,Shaftesbury_Capital_plc_-_23&24.pdf,"Income statement, 'Revenue' - the group total, not a segment line",
E20,Shaftesbury Capital plc,FY2025,Total revenue,amount,1,have,5336850000.0,Shaftesbury_Capital_plc_-_23&24.pdf; Shaftesbury_Capital_plc_-_24&25.pdf,"Income statement, 'Revenue' - the group total, not a segment line",
E20,Shaftesbury Capital plc,FY2026,Total revenue,amount,1,have,5757490000.0,Shaftesbury_Capital_plc_-_24&25.pdf,"Income statement, 'Revenue' - the group total, not a segment line",
E01,BHP Group,FY2024,Net cash from operating activities,amount,2,have,517433400000.00006,BHB_group_mining_-_23-25.pdf,Cash flow statement subtotal,
E01,BHP Group,FY2024,Taxation paid,amount,2,missing,,BHB_group_mining_-_23-25.pdf,Cash flow statement 'taxation paid' - NOT the income statement charge,
E01,BHP Group,FY2025,Net cash from operating activities,amount,2,have,478023000000.0,BHB_group_mining_-_23-25.pdf,Cash flow statement subtotal,
E01,BHP Group,FY2025,Taxation paid,amount,2,missing,,BHB_group_mining_-_23-25.pdf,Cash flow statement 'taxation paid' - NOT the income statement charge,
E02,Glencore,FY2024,Net cash from operating activities,amount,2,suspect,205269600000.00003,Glencore_mining_-_22&23.pdf,Cash flow statement subtotal,"implied coverage 1,497x outside plausible range"
E02,Glencore,FY2024,Taxation paid,amount,2,missing,,Glencore_mining_-_22&23.pdf,Cash flow statement 'taxation paid' - NOT the income statement charge,"implied coverage 1,497x outside plausible range"
E02,Glencore,FY2025,Net cash from operating activities,amount,2,suspect,183001000000.0,Glencore_mining_-_24&25.pdf,Cash flow statement subtotal,"implied coverage 1,497x outside plausible range"
E02,Glencore,FY2025,Taxation paid,amount,2,missing,,Glencore_mining_-_24&25.pdf,Cash flow statement 'taxation paid' - NOT the income statement charge,"implied coverage 1,497x outside plausible range"
E02,Glencore,FY2026,Net cash from operating activities,amount,2,suspect,100991799999.99998,Glencore_mining_-_24&25.pdf,Cash flow statement subtotal,"implied coverage 1,497x outside plausible range"
E02,Glencore,FY2026,Taxation paid,amount,2,missing,,Glencore_mining_-_24&25.pdf,Cash flow statement 'taxation paid' - NOT the income statement charge,"implied coverage 1,497x outside plausible range"
E03,Anglo American,FY2024,Net cash from operating activities,amount,2,have,120825600000.00002,Anglo_American_mining_-_22&23.pdf,Cash flow statement subtotal,
E03,Anglo American,FY2024,Taxation paid,amount,2,have,-37218600000.0,Anglo_American_mining_-_22&23.pdf,Cash flow statement 'taxation paid' - NOT the income statement charge,
E03,Anglo American,FY2025,Net cash from operating activities,amount,2,have,101283000000.0,Anglo_American_mining_-_24&25.pdf,Cash flow statement subtotal,
E03,Anglo American,FY2025,Taxation paid,amount,2,missing,,Anglo_American_mining_-_24&25.pdf,Cash flow statement 'taxation paid' - NOT the income statement charge,
E03,Anglo American,FY2026,Net cash from operating activities,amount,2,have,102441699999.99998,Anglo_American_mining_-_24&25.pdf,Cash flow statement subtotal,
E03,Anglo American,FY2026,Taxation paid,amount,2,missing,,Anglo_American_mining_-_24&25.pdf,Cash flow statement 'taxation paid' - NOT the income statement charge,
E04,AngloGold Ashanti,FY2024,Net cash from operating activities,amount,2,missing,,AngloGold_Ashanti_-_23-25.pdf,Cash flow statement subtotal,
E04,AngloGold Ashanti,FY2024,Taxation paid,amount,2,missing,,AngloGold_Ashanti_-_23-25.pdf,Cash flow statement 'taxation paid' - NOT the income statement charge,
E04,AngloGold Ashanti,FY2025,Net cash from operating activities,amount,2,missing,,AngloGold_Ashanti_-_23-25.pdf,Cash flow statement subtotal,
E04,AngloGold Ashanti,FY2025,Taxation paid,amount,2,missing,,AngloGold_Ashanti_-_23-25.pdf,Cash flow statement 'taxation paid' - NOT the income statement charge,
E04,AngloGold Ashanti,FY2026,Net cash from operating activities,amount,2,missing,,AngloGold_Ashanti_-_23-25.pdf,Cash flow statement subtotal,
E04,AngloGold Ashanti,FY2026,Taxation paid,amount,2,missing,,AngloGold_Ashanti_-_23-25.pdf,Cash flow statement 'taxation paid' - NOT the income statement charge,
E05,Gold Fields,FY2024,Net cash from operating activities,amount,2,missing,,Gold_Fields_mining_-_23-25.pdf,Cash flow statement subtotal,
E05,Gold Fields,FY2024,Taxation paid,amount,2,missing,,Gold_Fields_mining_-_23-25.pdf,Cash flow statement 'taxation paid' - NOT the income statement charge,
E05,Gold Fields,FY2025,Net cash from operating activities,amount,2,missing,,Gold_Fields_mining_-_23-25.pdf,Cash flow statement subtotal,
E05,Gold Fields,FY2025,Taxation paid,amount,2,missing,,Gold_Fields_mining_-_23-25.pdf,Cash flow statement 'taxation paid' - NOT the income statement charge,
E05,Gold Fields,FY2026,Net cash from operating activities,amount,2,missing,,Gold_Fields_mining_-_23-25.pdf,Cash flow statement subtotal,
E05,Gold Fields,FY2026,Taxation paid,amount,2,missing,,Gold_Fields_mining_-_23-25.pdf,Cash flow statement 'taxation paid' - NOT the income statement charge,
E06,Valterra Platinum,FY2025,Net cash from operating activities,amount,2,have,32142000000.0,Valterra_Platinum_mining_-_24&25.pdf,Cash flow statement subtotal,
E06,Valterra Platinum,FY2025,Taxation paid,amount,2,have,-2182000000.0,Valterra_Platinum_mining_-_24&25.pdf,Cash flow statement 'taxation paid' - NOT the income statement charge,
E06,Valterra Platinum,FY2026,Net cash from operating activities,amount,2,have,31000000.0,Valterra_Platinum_mining_-_24&25.pdf,Cash flow statement subtotal,
E06,Valterra Platinum,FY2026,Taxation paid,amount,2,have,32000000.0,Valterra_Platinum_mining_-_24&25.pdf,Cash flow statement 'taxation paid' - NOT the income statement charge,
E07,OUTsurance Group,FY2024,Net cash from operating activities,amount,2,missing,,Outsurance_group_-_23-24.pdf; Outsurance_group_-_24&25.pdf,Cash flow statement subtotal,
E07,OUTsurance Group,FY2024,Taxation paid,amount,2,missing,,Outsurance_group_-_23-24.pdf; Outsurance_group_-_24&25.pdf,Cash flow statement 'taxation paid' - NOT the income statement charge,
E07,OUTsurance Group,FY2025,Net cash from operating activities,amount,2,missing,,Outsurance_group_-_24&25.pdf,Cash flow statement subtotal,
E07,OUTsurance Group,FY2025,Taxation paid,amount,2,missing,,Outsurance_group_-_24&25.pdf,Cash flow statement 'taxation paid' - NOT the income statement charge,
E08,Sanlam,FY2024,Net cash from operating activities,amount,2,missing,,Sanlam_23&24.pdf,Cash flow statement subtotal,
E08,Sanlam,FY2024,Taxation paid,amount,2,missing,,Sanlam_23&24.pdf,Cash flow statement 'taxation paid' - NOT the income statement charge,
E08,Sanlam,FY2025,Net cash from operating activities,amount,2,missing,,Sanlam_23&24.pdf,Cash flow statement subtotal,
E08,Sanlam,FY2025,Taxation paid,amount,2,missing,,Sanlam_23&24.pdf,Cash flow statement 'taxation paid' - NOT the income statement charge,
E09,Shoprite Holdings,FY2024,Net cash from operating activities,amount,2,missing,,Shopright_-_23&24.pdf; Shopright_Holdings_-_24&25.pdf,Cash flow statement subtotal,
E09,Shoprite Holdings,FY2024,Taxation paid,amount,2,missing,,Shopright_-_23&24.pdf; Shopright_Holdings_-_24&25.pdf,Cash flow statement 'taxation paid' - NOT the income statement charge,
E09,Shoprite Holdings,FY2025,Net cash from operating activities,amount,2,missing,,Shopright_Holdings_-_24&25.pdf,Cash flow statement subtotal,
E09,Shoprite Holdings,FY2025,Taxation paid,amount,2,missing,,Shopright_Holdings_-_24&25.pdf,Cash flow statement 'taxation paid' - NOT the income statement charge,
E10,Bid Corporation,FY2024,Net cash from operating activities,amount,2,have,15768523000.0,Bid_Corporation_-_24&25.pdf,Cash flow statement subtotal,
E10,Bid Corporation,FY2024,Taxation paid,amount,2,have,7.034532226169982e+24,Bid_Corporation_-_24&25.pdf,Cash flow statement 'taxation paid' - NOT the income statement charge,
E10,Bid Corporation,FY2025,Net cash from operating activities,amount,2,have,4400.0,Bid_Corporation_-_24&25.pdf,Cash flow statement subtotal,
E10,Bid Corporation,FY2025,Taxation paid,amount,2,have,6.232942194739082e+24,Bid_Corporation_-_24&25.pdf,Cash flow statement 'taxation paid' - NOT the income statement charge,
E11,Pepkor Holdings,FY2024,Net cash from operating activities,amount,2,have,11920000000.0,Pepkor_Holdings_-_23&24.pdf,Cash flow statement subtotal,
E11,Pepkor Holdings,FY2024,Taxation paid,amount,2,have,-1181000000.0,Pepkor_Holdings_-_23&24.pdf,Cash flow statement 'taxation paid' - NOT the income statement charge,
E11,Pepkor Holdings,FY2025,Net cash from operating activities,amount,2,have,28000000.0,Pepkor_Holdings_-_23&24.pdf; Pepkor_Holdings_-_24&25.pdf,Cash flow statement subtotal,
E11,Pepkor Holdings,FY2025,Taxation paid,amount,2,have,6300000.0,Pepkor_Holdings_-_23&24.pdf; Pepkor_Holdings_-_24&25.pdf,Cash flow statement 'taxation paid' - NOT the income statement charge,
E11,Pepkor Holdings,FY2026,Net cash from operating activities,amount,2,have,11920000000.0,Pepkor_Holdings_-_24&25.pdf,Cash flow statement subtotal,
E11,Pepkor Holdings,FY2026,Taxation paid,amount,2,have,6300000.0,Pepkor_Holdings_-_24&25.pdf,Cash flow statement 'taxation paid' - NOT the income statement charge,
E12,Clicks Group,FY2024,Net cash from operating activities,amount,2,have,5863647000.0,Clicks_group_-_23&24.pdf,Cash flow statement subtotal,
E12,Clicks Group,FY2024,Taxation paid,amount,2,have,-968671000.0,Clicks_group_-_23&24.pdf,Cash flow statement 'taxation paid' - NOT the income statement charge,
E12,Clicks Group,FY2025,Net cash from operating activities,amount,2,have,6001230000.0,Clicks_group_-_23&24.pdf,Cash flow statement subtotal,
E12,Clicks Group,FY2025,Taxation paid,amount,2,have,-1068149000.0,Clicks_group_-_23&24.pdf,Cash flow statement 'taxation paid' - NOT the income statement charge,
E13,NEPI Rockcastle,FY2024,Net cash from operating activities,amount,2,have,7337920000000.0,NEPI_Rockcastle_-_23&24.pdf; NEPI_Rockcastle_-_23&24_(1).pdf,Cash flow statement subtotal,
E13,NEPI Rockcastle,FY2024,Taxation paid,amount,2,have,-605240000000.0,NEPI_Rockcastle_-_23&24.pdf; NEPI_Rockcastle_-_23&24_(1).pdf,Cash flow statement 'taxation paid' - NOT the income statement charge,
E13,NEPI Rockcastle,FY2025,Net cash from operating activities,amount,2,have,8453683700000.0,NEPI_Rockcastle_-_23&24.pdf; NEPI_Rockcastle_-_23&24_(1).pdf; NEPI_Rockcastle_-_24&25.pdf,Cash flow statement subtotal,
E13,NEPI Rockcastle,FY2025,Taxation paid,amount,2,have,-567281200000.0,NEPI_Rockcastle_-_23&24.pdf; NEPI_Rockcastle_-_23&24_(1).pdf; NEPI_Rockcastle_-_24&25.pdf,Cash flow statement 'taxation paid' - NOT the income statement charge,
E13,NEPI Rockcastle,FY2026,Net cash from operating activities,amount,2,have,9343109400000.0,NEPI_Rockcastle_-_24&25.pdf,Cash flow statement subtotal,
E13,NEPI Rockcastle,FY2026,Taxation paid,amount,2,have,-694178800000.0,NEPI_Rockcastle_-_24&25.pdf,Cash flow statement 'taxation paid' - NOT the income statement charge,
E14,Prosus,FY2024,Net cash from operating activities,amount,2,have,11141400000.0,Prosus_-_24&25.pdf,Cash flow statement subtotal,
E14,Prosus,FY2024,Taxation paid,amount,2,have,-2064600000.0,Prosus_-_24&25.pdf,Cash flow statement 'taxation paid' - NOT the income statement charge,
E14,Prosus,FY2025,Net cash from operating activities,amount,2,have,34944000000.0,Prosus_-_24&25.pdf; Prosus_-_25&26.pdf,Cash flow statement subtotal,
E14,Prosus,FY2025,Taxation paid,amount,2,have,-2511600000.0,Prosus_-_24&25.pdf; Prosus_-_25&26.pdf,Cash flow statement 'taxation paid' - NOT the income statement charge,
E14,Prosus,FY2026,Net cash from operating activities,amount,2,have,28801099999.999996,Prosus_-_25&26.pdf,Cash flow statement subtotal,
E14,Prosus,FY2026,Taxation paid,amount,2,missing,,Prosus_-_25&26.pdf,Cash flow statement 'taxation paid' - NOT the income statement charge,
E15,Naspers,FY2024,Net cash from operating activities,amount,2,have,144000000.0,Naspers_-_24&25.pdf,Cash flow statement subtotal,
E15,Naspers,FY2024,Taxation paid,amount,2,have,-144000000.0,Naspers_-_24&25.pdf,Cash flow statement 'taxation paid' - NOT the income statement charge,
E15,Naspers,FY2025,Net cash from operating activities,amount,2,have,610000000.0,Naspers_-_24&25.pdf; Naspers_-_25&26.pdf,Cash flow statement subtotal,
E15,Naspers,FY2025,Taxation paid,amount,2,have,-113000000.0,Naspers_-_24&25.pdf; Naspers_-_25&26.pdf,Cash flow statement 'taxation paid' - NOT the income statement charge,
E15,Naspers,FY2026,Net cash from operating activities,amount,2,have,519000000.0,Naspers_-_25&26.pdf,Cash flow statement subtotal,
E15,Naspers,FY2026,Taxation paid,amount,2,have,-252000000.0,Naspers_-_25&26.pdf,Cash flow statement 'taxation paid' - NOT the income statement charge,
E16,MTN Group,FY2024,Net cash from operating activities,amount,2,have,93127000000.0,MTN_Group_-_23&24.pdf,Cash flow statement subtotal,
E16,MTN Group,FY2024,Taxation paid,amount,2,have,-15824000000.0,MTN_Group_-_23&24.pdf,Cash flow statement 'taxation paid' - NOT the income statement charge,
E16,MTN Group,FY2025,Net cash from operating activities,amount,2,have,70502000000.0,MTN_Group_-_23&24.pdf; MTN_Group_-_24&25.pdf,Cash flow statement subtotal,
E16,MTN Group,FY2025,Taxation paid,amount,2,have,-10152000000.0,MTN_Group_-_23&24.pdf; MTN_Group_-_24&25.pdf,Cash flow statement 'taxation paid' - NOT the income statement charge,
E16,MTN Group,FY2026,Net cash from operating activities,amount,2,have,2600000.0,MTN_Group_-_24&25.pdf,Cash flow statement subtotal,
E16,MTN Group,FY2026,Taxation paid,amount,2,have,3300000.0,MTN_Group_-_24&25.pdf,Cash flow statement 'taxation paid' - NOT the income statement charge,
E17,Vodacom Group,FY2024,Net cash from operating activities,amount,2,have,57123000000.0,Vodacom_Group_-_24&25.pdf,Cash flow statement subtotal,
E17,Vodacom Group,FY2024,Taxation paid,amount,2,have,-8112000000.0,Vodacom_Group_-_24&25.pdf,Cash flow statement 'taxation paid' - NOT the income statement charge,
E17,Vodacom Group,FY2025,Net cash from operating activities,amount,2,have,60865000000.0,Vodacom_Group_-_24&25.pdf; Vodacom_Group_-_25&26.pdf,Cash flow statement subtotal,
E17,Vodacom Group,FY2025,Taxation paid,amount,2,have,-8066000000.0,Vodacom_Group_-_24&25.pdf; Vodacom_Group_-_25&26.pdf,Cash flow statement 'taxation paid' - NOT the income statement charge,
E17,Vodacom Group,FY2026,Net cash from operating activities,amount,2,have,65837000000.0,Vodacom_Group_-_25&26.pdf,Cash flow statement subtotal,
E17,Vodacom Group,FY2026,Taxation paid,amount,2,have,-9818000000.0,Vodacom_Group_-_25&26.pdf,Cash flow statement 'taxation paid' - NOT the income statement charge,
E18,The Bidvest Group,FY2024,Net cash from operating activities,amount,2,have,14615937000.0,The_Bidvest_Group_-_23&24.pdf; The_Bidvest_Group_-_24&25.pdf,Cash flow statement subtotal,
E18,The Bidvest Group,FY2024,Taxation paid,amount,2,have,-2487162000.0,The_Bidvest_Group_-_23&24.pdf; The_Bidvest_Group_-_24&25.pdf,Cash flow statement 'taxation paid' - NOT the income statement charge,
E18,The Bidvest Group,FY2025,Net cash from operating activities,amount,2,have,5800.0,The_Bidvest_Group_-_24&25.pdf,Cash flow statement subtotal,
E18,The Bidvest Group,FY2025,Taxation paid,amount,2,have,6200.0,The_Bidvest_Group_-_24&25.pdf,Cash flow statement 'taxation paid' - NOT the income statement charge,
E19,Aspen Pharmacare,FY2024,Net cash from operating activities,amount,2,suspect,9725000000.0,Aspen_Pharmacare_-_24&25.pdf,Cash flow statement subtotal,impossible Gross margin proxy (-0.11)
E19,Aspen Pharmacare,FY2024,Taxation paid,amount,2,suspect,-2149000000.0,Aspen_Pharmacare_-_24&25.pdf,Cash flow statement 'taxation paid' - NOT the income statement charge,impossible Gross margin proxy (-0.11)
E19,Aspen Pharmacare,FY2025,Net cash from operating activities,amount,2,suspect,8461000000.0,Aspen_Pharmacare_-_24&25.pdf,Cash flow statement subtotal,impossible Gross margin proxy (-0.11)
E19,Aspen Pharmacare,FY2025,Taxation paid,amount,2,suspect,-1757000000.0,Aspen_Pharmacare_-_24&25.pdf,Cash flow statement 'taxation paid' - NOT the income statement charge,impossible Gross margin proxy (-0.11)
E20,Shaftesbury Capital plc,FY2024,Net cash from operating activities,amount,2,have,697320000.0,Shaftesbury_Capital_plc_-_23&24.pdf,Cash flow statement subtotal,
E20,Shaftesbury Capital plc,FY2024,Taxation paid,amount,2,missing,,Shaftesbury_Capital_plc_-_23&24.pdf,Cash flow statement 'taxation paid' - NOT the income statement charge,
E20,Shaftesbury Capital plc,FY2025,Net cash from operating activities,amount,2,have,2554450000.0,Shaftesbury_Capital_plc_-_23&24.pdf; Shaftesbury_Capital_plc_-_24&25.pdf,Cash flow statement subtotal,
E20,Shaftesbury Capital plc,FY2025,Taxation paid,amount,2,missing,,Shaftesbury_Capital_plc_-_23&24.pdf; Shaftesbury_Capital_plc_-_24&25.pdf,Cash flow statement 'taxation paid' - NOT the income statement charge,
E20,Shaftesbury Capital plc,FY2026,Net cash from operating activities,amount,2,have,3884920000.0,Shaftesbury_Capital_plc_-_24&25.pdf,Cash flow statement subtotal,
E20,Shaftesbury Capital plc,FY2026,Taxation paid,amount,2,missing,,Shaftesbury_Capital_plc_-_24&25.pdf,Cash flow statement 'taxation paid' - NOT the income statement charge,
E01,BHP Group,FY2024,Cost of sales and supplier payments,amount,3,missing,,BHB_group_mining_-_23-25.pdf,"Cost of sales; if not disclosed, direct + other operating expenses",
E01,BHP Group,FY2024,EBITDA proxy,amount,3,have,424675200000.0,BHB_group_mining_-_23-25.pdf,Operating profit + depreciation and amortisation,
E01,BHP Group,FY2024,Employee costs,amount,3,missing,,BHB_group_mining_-_23-25.pdf,"'Staff expenses' / employee benefits - often a note, not the face",
E01,BHP Group,FY2025,Cost of sales and supplier payments,amount,3,missing,,BHB_group_mining_-_23-25.pdf,"Cost of sales; if not disclosed, direct + other operating expenses",
E01,BHP Group,FY2025,EBITDA proxy,amount,3,have,455072800000.0,BHB_group_mining_-_23-25.pdf,Operating profit + depreciation and amortisation,
E01,BHP Group,FY2025,Employee costs,amount,3,missing,,BHB_group_mining_-_23-25.pdf,"'Staff expenses' / employee benefits - often a note, not the face",
E02,Glencore,FY2024,Cost of sales and supplier payments,amount,3,missing,,Glencore_mining_-_22&23.pdf,"Cost of sales; if not disclosed, direct + other operating expenses","implied coverage 1,497x outside plausible range"
E02,Glencore,FY2024,EBITDA proxy,amount,3,missing,,Glencore_mining_-_22&23.pdf,Operating profit + depreciation and amortisation,"implied coverage 1,497x outside plausible range"
E02,Glencore,FY2024,Employee costs,amount,3,missing,,Glencore_mining_-_22&23.pdf,"'Staff expenses' / employee benefits - often a note, not the face","implied coverage 1,497x outside plausible range"
E02,Glencore,FY2025,Cost of sales and supplier payments,amount,3,suspect,-4082150800000.0,Glencore_mining_-_24&25.pdf,"Cost of sales; if not disclosed, direct + other operating expenses","implied coverage 1,497x outside plausible range"
E02,Glencore,FY2025,EBITDA proxy,amount,3,missing,,Glencore_mining_-_24&25.pdf,Operating profit + depreciation and amortisation,"implied coverage 1,497x outside plausible range"
E02,Glencore,FY2025,Employee costs,amount,3,missing,,Glencore_mining_-_24&25.pdf,"'Staff expenses' / employee benefits - often a note, not the face","implied coverage 1,497x outside plausible range"
E02,Glencore,FY2026,Cost of sales and supplier payments,amount,3,suspect,-4325928799999.999,Glencore_mining_-_24&25.pdf,"Cost of sales; if not disclosed, direct + other operating expenses","implied coverage 1,497x outside plausible range"
E02,Glencore,FY2026,EBITDA proxy,amount,3,missing,,Glencore_mining_-_24&25.pdf,Operating profit + depreciation and amortisation,"implied coverage 1,497x outside plausible range"
E02,Glencore,FY2026,Employee costs,amount,3,missing,,Glencore_mining_-_24&25.pdf,"'Staff expenses' / employee benefits - often a note, not the face","implied coverage 1,497x outside plausible range"
E03,Anglo American,FY2024,Cost of sales and supplier payments,amount,3,missing,,Anglo_American_mining_-_22&23.pdf,"Cost of sales; if not disclosed, direct + other operating expenses",
E03,Anglo American,FY2024,EBITDA proxy,amount,3,have,122555400000.0,Anglo_American_mining_-_22&23.pdf,Operating profit + depreciation and amortisation,
E03,Anglo American,FY2024,Employee costs,amount,3,missing,,Anglo_American_mining_-_22&23.pdf,"'Staff expenses' / employee benefits - often a note, not the face",
E03,Anglo American,FY2025,Cost of sales and supplier payments,amount,3,missing,,Anglo_American_mining_-_24&25.pdf,"Cost of sales; if not disclosed, direct + other operating expenses",
E03,Anglo American,FY2025,EBITDA proxy,amount,3,have,57566600000.0,Anglo_American_mining_-_24&25.pdf,Operating profit + depreciation and amortisation,
E03,Anglo American,FY2025,Employee costs,amount,3,missing,,Anglo_American_mining_-_24&25.pdf,"'Staff expenses' / employee benefits - often a note, not the face",
E03,Anglo American,FY2026,Cost of sales and supplier payments,amount,3,missing,,Anglo_American_mining_-_24&25.pdf,"Cost of sales; if not disclosed, direct + other operating expenses",
E03,Anglo American,FY2026,EBITDA proxy,amount,3,missing,,Anglo_American_mining_-_24&25.pdf,Operating profit + depreciation and amortisation,
E03,Anglo American,FY2026,Employee costs,amount,3,missing,,Anglo_American_mining_-_24&25.pdf,"'Staff expenses' / employee benefits - often a note, not the face",
E04,AngloGold Ashanti,FY2024,Cost of sales and supplier payments,amount,3,missing,,AngloGold_Ashanti_-_23-25.pdf,"Cost of sales; if not disclosed, direct + other operating expenses",
E04,AngloGold Ashanti,FY2024,EBITDA proxy,amount,3,missing,,AngloGold_Ashanti_-_23-25.pdf,Operating profit + depreciation and amortisation,
E04,AngloGold Ashanti,FY2024,Employee costs,amount,3,missing,,AngloGold_Ashanti_-_23-25.pdf,"'Staff expenses' / employee benefits - often a note, not the face",
E04,AngloGold Ashanti,FY2025,Cost of sales and supplier payments,amount,3,missing,,AngloGold_Ashanti_-_23-25.pdf,"Cost of sales; if not disclosed, direct + other operating expenses",
E04,AngloGold Ashanti,FY2025,EBITDA proxy,amount,3,missing,,AngloGold_Ashanti_-_23-25.pdf,Operating profit + depreciation and amortisation,
E04,AngloGold Ashanti,FY2025,Employee costs,amount,3,missing,,AngloGold_Ashanti_-_23-25.pdf,"'Staff expenses' / employee benefits - often a note, not the face",
E04,AngloGold Ashanti,FY2026,Cost of sales and supplier payments,amount,3,missing,,AngloGold_Ashanti_-_23-25.pdf,"Cost of sales; if not disclosed, direct + other operating expenses",
E04,AngloGold Ashanti,FY2026,EBITDA proxy,amount,3,missing,,AngloGold_Ashanti_-_23-25.pdf,Operating profit + depreciation and amortisation,
E04,AngloGold Ashanti,FY2026,Employee costs,amount,3,missing,,AngloGold_Ashanti_-_23-25.pdf,"'Staff expenses' / employee benefits - often a note, not the face",
E05,Gold Fields,FY2024,Cost of sales and supplier payments,amount,3,missing,,Gold_Fields_mining_-_23-25.pdf,"Cost of sales; if not disclosed, direct + other operating expenses",
E05,Gold Fields,FY2024,EBITDA proxy,amount,3,missing,,Gold_Fields_mining_-_23-25.pdf,Operating profit + depreciation and amortisation,
E05,Gold Fields,FY2024,Employee costs,amount,3,missing,,Gold_Fields_mining_-_23-25.pdf,"'Staff expenses' / employee benefits - often a note, not the face",
E05,Gold Fields,FY2025,Cost of sales and supplier payments,amount,3,missing,,Gold_Fields_mining_-_23-25.pdf,"Cost of sales; if not disclosed, direct + other operating expenses",
E05,Gold Fields,FY2025,EBITDA proxy,amount,3,missing,,Gold_Fields_mining_-_23-25.pdf,Operating profit + depreciation and amortisation,
E05,Gold Fields,FY2025,Employee costs,amount,3,missing,,Gold_Fields_mining_-_23-25.pdf,"'Staff expenses' / employee benefits - often a note, not the face",
E05,Gold Fields,FY2026,Cost of sales and supplier payments,amount,3,have,-65886319999.99999,Gold_Fields_mining_-_23-25.pdf,"Cost of sales; if not disclosed, direct + other operating expenses",
E05,Gold Fields,FY2026,EBITDA proxy,amount,3,missing,,Gold_Fields_mining_-_23-25.pdf,Operating profit + depreciation and amortisation,
E05,Gold Fields,FY2026,Employee costs,amount,3,missing,,Gold_Fields_mining_-_23-25.pdf,"'Staff expenses' / employee benefits - often a note, not the face",
E06,Valterra Platinum,FY2025,Cost of sales and supplier payments,amount,3,missing,,Valterra_Platinum_mining_-_24&25.pdf,"Cost of sales; if not disclosed, direct + other operating expenses",
E06,Valterra Platinum,FY2025,EBITDA proxy,amount,3,missing,,Valterra_Platinum_mining_-_24&25.pdf,Operating profit + depreciation and amortisation,
E06,Valterra Platinum,FY2025,Employee costs,amount,3,missing,,Valterra_Platinum_mining_-_24&25.pdf,"'Staff expenses' / employee benefits - often a note, not the face",
E06,Valterra Platinum,FY2026,Cost of sales and supplier payments,amount,3,missing,,Valterra_Platinum_mining_-_24&25.pdf,"Cost of sales; if not disclosed, direct + other operating expenses",
E06,Valterra Platinum,FY2026,EBITDA proxy,amount,3,missing,,Valterra_Platinum_mining_-_24&25.pdf,Operating profit + depreciation and amortisation,
E06,Valterra Platinum,FY2026,Employee costs,amount,3,missing,,Valterra_Platinum_mining_-_24&25.pdf,"'Staff expenses' / employee benefits - often a note, not the face",
E07,OUTsurance Group,FY2024,Cost of sales and supplier payments,amount,3,missing,,Outsurance_group_-_23-24.pdf; Outsurance_group_-_24&25.pdf,"Cost of sales; if not disclosed, direct + other operating expenses",
E07,OUTsurance Group,FY2024,EBITDA proxy,amount,3,missing,,Outsurance_group_-_23-24.pdf; Outsurance_group_-_24&25.pdf,Operating profit + depreciation and amortisation,
E07,OUTsurance Group,FY2024,Employee costs,amount,3,have,670000000.0,Outsurance_group_-_23-24.pdf; Outsurance_group_-_24&25.pdf,"'Staff expenses' / employee benefits - often a note, not the face",
E07,OUTsurance Group,FY2025,Cost of sales and supplier payments,amount,3,missing,,Outsurance_group_-_24&25.pdf,"Cost of sales; if not disclosed, direct + other operating expenses",
E07,OUTsurance Group,FY2025,EBITDA proxy,amount,3,missing,,Outsurance_group_-_24&25.pdf,Operating profit + depreciation and amortisation,
E07,OUTsurance Group,FY2025,Employee costs,amount,3,have,31000000.0,Outsurance_group_-_24&25.pdf,"'Staff expenses' / employee benefits - often a note, not the face",
E08,Sanlam,FY2024,Cost of sales and supplier payments,amount,3,missing,,Sanlam_23&24.pdf,"Cost of sales; if not disclosed, direct + other operating expenses",
E08,Sanlam,FY2024,EBITDA proxy,amount,3,missing,,Sanlam_23&24.pdf,Operating profit + depreciation and amortisation,
E08,Sanlam,FY2024,Employee costs,amount,3,missing,,Sanlam_23&24.pdf,"'Staff expenses' / employee benefits - often a note, not the face",
E08,Sanlam,FY2025,Cost of sales and supplier payments,amount,3,missing,,Sanlam_23&24.pdf,"Cost of sales; if not disclosed, direct + other operating expenses",
E08,Sanlam,FY2025,EBITDA proxy,amount,3,missing,,Sanlam_23&24.pdf,Operating profit + depreciation and amortisation,
E08,Sanlam,FY2025,Employee costs,amount,3,missing,,Sanlam_23&24.pdf,"'Staff expenses' / employee benefits - often a note, not the face",
E09,Shoprite Holdings,FY2024,Cost of sales and supplier payments,amount,3,missing,,Shopright_-_23&24.pdf; Shopright_Holdings_-_24&25.pdf,"Cost of sales; if not disclosed, direct + other operating expenses",
E09,Shoprite Holdings,FY2024,EBITDA proxy,amount,3,missing,,Shopright_-_23&24.pdf; Shopright_Holdings_-_24&25.pdf,Operating profit + depreciation and amortisation,
E09,Shoprite Holdings,FY2024,Employee costs,amount,3,missing,,Shopright_-_23&24.pdf; Shopright_Holdings_-_24&25.pdf,"'Staff expenses' / employee benefits - often a note, not the face",
E09,Shoprite Holdings,FY2025,Cost of sales and supplier payments,amount,3,missing,,Shopright_Holdings_-_24&25.pdf,"Cost of sales; if not disclosed, direct + other operating expenses",
E09,Shoprite Holdings,FY2025,EBITDA proxy,amount,3,missing,,Shopright_Holdings_-_24&25.pdf,Operating profit + depreciation and amortisation,
E09,Shoprite Holdings,FY2025,Employee costs,amount,3,missing,,Shopright_Holdings_-_24&25.pdf,"'Staff expenses' / employee benefits - often a note, not the face",
E10,Bid Corporation,FY2024,Cost of sales and supplier payments,amount,3,missing,,Bid_Corporation_-_24&25.pdf,"Cost of sales; if not disclosed, direct + other operating expenses",
E10,Bid Corporation,FY2024,EBITDA proxy,amount,3,missing,,Bid_Corporation_-_24&25.pdf,Operating profit + depreciation and amortisation,
E10,Bid Corporation,FY2024,Employee costs,amount,3,missing,,Bid_Corporation_-_24&25.pdf,"'Staff expenses' / employee benefits - often a note, not the face",
E10,Bid Corporation,FY2025,Cost of sales and supplier payments,amount,3,missing,,Bid_Corporation_-_24&25.pdf,"Cost of sales; if not disclosed, direct + other operating expenses",
E10,Bid Corporation,FY2025,EBITDA proxy,amount,3,missing,,Bid_Corporation_-_24&25.pdf,Operating profit + depreciation and amortisation,
E10,Bid Corporation,FY2025,Employee costs,amount,3,missing,,Bid_Corporation_-_24&25.pdf,"'Staff expenses' / employee benefits - often a note, not the face",
E11,Pepkor Holdings,FY2024,Cost of sales and supplier payments,amount,3,missing,,Pepkor_Holdings_-_23&24.pdf,"Cost of sales; if not disclosed, direct + other operating expenses",
E11,Pepkor Holdings,FY2024,EBITDA proxy,amount,3,missing,,Pepkor_Holdings_-_23&24.pdf,Operating profit + depreciation and amortisation,
E11,Pepkor Holdings,FY2024,Employee costs,amount,3,have,462000000.0,Pepkor_Holdings_-_23&24.pdf,"'Staff expenses' / employee benefits - often a note, not the face",
E11,Pepkor Holdings,FY2025,Cost of sales and supplier payments,amount,3,missing,,Pepkor_Holdings_-_23&24.pdf; Pepkor_Holdings_-_24&25.pdf,"Cost of sales; if not disclosed, direct + other operating expenses",
E11,Pepkor Holdings,FY2025,EBITDA proxy,amount,3,missing,,Pepkor_Holdings_-_23&24.pdf; Pepkor_Holdings_-_24&25.pdf,Operating profit + depreciation and amortisation,
E11,Pepkor Holdings,FY2025,Employee costs,amount,3,have,24000000.0,Pepkor_Holdings_-_23&24.pdf; Pepkor_Holdings_-_24&25.pdf,"'Staff expenses' / employee benefits - often a note, not the face",
E11,Pepkor Holdings,FY2026,Cost of sales and supplier payments,amount,3,missing,,Pepkor_Holdings_-_24&25.pdf,"Cost of sales; if not disclosed, direct + other operating expenses",
E11,Pepkor Holdings,FY2026,EBITDA proxy,amount,3,missing,,Pepkor_Holdings_-_24&25.pdf,Operating profit + depreciation and amortisation,
E11,Pepkor Holdings,FY2026,Employee costs,amount,3,have,433000000.0,Pepkor_Holdings_-_24&25.pdf,"'Staff expenses' / employee benefits - often a note, not the face",
E12,Clicks Group,FY2024,Cost of sales and supplier payments,amount,3,have,-32307830000.0,Clicks_group_-_23&24.pdf,"Cost of sales; if not disclosed, direct + other operating expenses",
E12,Clicks Group,FY2024,EBITDA proxy,amount,3,missing,,Clicks_group_-_23&24.pdf,Operating profit + depreciation and amortisation,
E12,Clicks Group,FY2024,Employee costs,amount,3,missing,,Clicks_group_-_23&24.pdf,"'Staff expenses' / employee benefits - often a note, not the face",
E12,Clicks Group,FY2025,Cost of sales and supplier payments,amount,3,have,-34805221000.0,Clicks_group_-_23&24.pdf,"Cost of sales; if not disclosed, direct + other operating expenses",
E12,Clicks Group,FY2025,EBITDA proxy,amount,3,missing,,Clicks_group_-_23&24.pdf,Operating profit + depreciation and amortisation,
E12,Clicks Group,FY2025,Employee costs,amount,3,missing,,Clicks_group_-_23&24.pdf,"'Staff expenses' / employee benefits - often a note, not the face",
E13,NEPI Rockcastle,FY2024,Cost of sales and supplier payments,amount,3,missing,,NEPI_Rockcastle_-_23&24.pdf; NEPI_Rockcastle_-_23&24_(1).pdf,"Cost of sales; if not disclosed, direct + other operating expenses",
E13,NEPI Rockcastle,FY2024,EBITDA proxy,amount,3,missing,,NEPI_Rockcastle_-_23&24.pdf; NEPI_Rockcastle_-_23&24_(1).pdf,Operating profit + depreciation and amortisation,
E13,NEPI Rockcastle,FY2024,Employee costs,amount,3,missing,,NEPI_Rockcastle_-_23&24.pdf; NEPI_Rockcastle_-_23&24_(1).pdf,"'Staff expenses' / employee benefits - often a note, not the face",
E13,NEPI Rockcastle,FY2025,Cost of sales and supplier payments,amount,3,missing,,NEPI_Rockcastle_-_23&24.pdf; NEPI_Rockcastle_-_23&24_(1).pdf; NEPI_Rockcastle_-_24&25.pdf,"Cost of sales; if not disclosed, direct + other operating expenses",
E13,NEPI Rockcastle,FY2025,EBITDA proxy,amount,3,missing,,NEPI_Rockcastle_-_23&24.pdf; NEPI_Rockcastle_-_23&24_(1).pdf; NEPI_Rockcastle_-_24&25.pdf,Operating profit + depreciation and amortisation,
E13,NEPI Rockcastle,FY2025,Employee costs,amount,3,missing,,NEPI_Rockcastle_-_23&24.pdf; NEPI_Rockcastle_-_23&24_(1).pdf; NEPI_Rockcastle_-_24&25.pdf,"'Staff expenses' / employee benefits - often a note, not the face",
E13,NEPI Rockcastle,FY2026,Cost of sales and supplier payments,amount,3,missing,,NEPI_Rockcastle_-_24&25.pdf,"Cost of sales; if not disclosed, direct + other operating expenses",
E13,NEPI Rockcastle,FY2026,EBITDA proxy,amount,3,missing,,NEPI_Rockcastle_-_24&25.pdf,Operating profit + depreciation and amortisation,
E13,NEPI Rockcastle,FY2026,Employee costs,amount,3,missing,,NEPI_Rockcastle_-_24&25.pdf,"'Staff expenses' / employee benefits - often a note, not the face",
E14,Prosus,FY2024,Cost of sales and supplier payments,amount,3,missing,,Prosus_-_24&25.pdf,"Cost of sales; if not disclosed, direct + other operating expenses",
E14,Prosus,FY2024,EBITDA proxy,amount,3,missing,,Prosus_-_24&25.pdf,Operating profit + depreciation and amortisation,
E14,Prosus,FY2024,Employee costs,amount,3,missing,,Prosus_-_24&25.pdf,"'Staff expenses' / employee benefits - often a note, not the face",
E14,Prosus,FY2025,Cost of sales and supplier payments,amount,3,missing,,Prosus_-_24&25.pdf; Prosus_-_25&26.pdf,"Cost of sales; if not disclosed, direct + other operating expenses",
E14,Prosus,FY2025,EBITDA proxy,amount,3,missing,,Prosus_-_24&25.pdf; Prosus_-_25&26.pdf,Operating profit + depreciation and amortisation,
E14,Prosus,FY2025,Employee costs,amount,3,missing,,Prosus_-_24&25.pdf; Prosus_-_25&26.pdf,"'Staff expenses' / employee benefits - often a note, not the face",
E14,Prosus,FY2026,Cost of sales and supplier payments,amount,3,missing,,Prosus_-_25&26.pdf,"Cost of sales; if not disclosed, direct + other operating expenses",
E14,Prosus,FY2026,EBITDA proxy,amount,3,missing,,Prosus_-_25&26.pdf,Operating profit + depreciation and amortisation,
E14,Prosus,FY2026,Employee costs,amount,3,missing,,Prosus_-_25&26.pdf,"'Staff expenses' / employee benefits - often a note, not the face",
E15,Naspers,FY2024,Cost of sales and supplier payments,amount,3,missing,,Naspers_-_24&25.pdf,"Cost of sales; if not disclosed, direct + other operating expenses",
E15,Naspers,FY2024,EBITDA proxy,amount,3,missing,,Naspers_-_24&25.pdf,Operating profit + depreciation and amortisation,
E15,Naspers,FY2024,Employee costs,amount,3,missing,,Naspers_-_24&25.pdf,"'Staff expenses' / employee benefits - often a note, not the face",
E15,Naspers,FY2025,Cost of sales and supplier payments,amount,3,missing,,Naspers_-_24&25.pdf; Naspers_-_25&26.pdf,"Cost of sales; if not disclosed, direct + other operating expenses",
E15,Naspers,FY2025,EBITDA proxy,amount,3,missing,,Naspers_-_24&25.pdf; Naspers_-_25&26.pdf,Operating profit + depreciation and amortisation,
E15,Naspers,FY2025,Employee costs,amount,3,missing,,Naspers_-_24&25.pdf; Naspers_-_25&26.pdf,"'Staff expenses' / employee benefits - often a note, not the face",
E15,Naspers,FY2026,Cost of sales and supplier payments,amount,3,missing,,Naspers_-_25&26.pdf,"Cost of sales; if not disclosed, direct + other operating expenses",
E15,Naspers,FY2026,EBITDA proxy,amount,3,missing,,Naspers_-_25&26.pdf,Operating profit + depreciation and amortisation,
E15,Naspers,FY2026,Employee costs,amount,3,missing,,Naspers_-_25&26.pdf,"'Staff expenses' / employee benefits - often a note, not the face",
E16,MTN Group,FY2024,Cost of sales and supplier payments,amount,3,missing,,MTN_Group_-_23&24.pdf,"Cost of sales; if not disclosed, direct + other operating expenses",
E16,MTN Group,FY2024,EBITDA proxy,amount,3,missing,,MTN_Group_-_23&24.pdf,Operating profit + depreciation and amortisation,
E16,MTN Group,FY2024,Employee costs,amount,3,have,-15099000000.0,MTN_Group_-_23&24.pdf,"'Staff expenses' / employee benefits - often a note, not the face",
E16,MTN Group,FY2025,Cost of sales and supplier payments,amount,3,missing,,MTN_Group_-_23&24.pdf; MTN_Group_-_24&25.pdf,"Cost of sales; if not disclosed, direct + other operating expenses",
E16,MTN Group,FY2025,EBITDA proxy,amount,3,missing,,MTN_Group_-_23&24.pdf; MTN_Group_-_24&25.pdf,Operating profit + depreciation and amortisation,
E16,MTN Group,FY2025,Employee costs,amount,3,have,-14067000000.0,MTN_Group_-_23&24.pdf; MTN_Group_-_24&25.pdf,"'Staff expenses' / employee benefits - often a note, not the face",
E16,MTN Group,FY2026,Cost of sales and supplier payments,amount,3,missing,,MTN_Group_-_24&25.pdf,"Cost of sales; if not disclosed, direct + other operating expenses",
E16,MTN Group,FY2026,EBITDA proxy,amount,3,missing,,MTN_Group_-_24&25.pdf,Operating profit + depreciation and amortisation,
E16,MTN Group,FY2026,Employee costs,amount,3,have,2300000.0,MTN_Group_-_24&25.pdf,"'Staff expenses' / employee benefits - often a note, not the face",
E17,Vodacom Group,FY2024,Cost of sales and supplier payments,amount,3,have,-57700000000.0,Vodacom_Group_-_24&25.pdf,"Cost of sales; if not disclosed, direct + other operating expenses",
E17,Vodacom Group,FY2024,EBITDA proxy,amount,3,have,58123000000.0,Vodacom_Group_-_24&25.pdf,Operating profit + depreciation and amortisation,
E17,Vodacom Group,FY2024,Employee costs,amount,3,have,-10136000000.0,Vodacom_Group_-_24&25.pdf,"'Staff expenses' / employee benefits - often a note, not the face",
E17,Vodacom Group,FY2025,Cost of sales and supplier payments,amount,3,have,-59340000000.0,Vodacom_Group_-_24&25.pdf; Vodacom_Group_-_25&26.pdf,"Cost of sales; if not disclosed, direct + other operating expenses",
E17,Vodacom Group,FY2025,EBITDA proxy,amount,3,have,57725000000.0,Vodacom_Group_-_24&25.pdf; Vodacom_Group_-_25&26.pdf,Operating profit + depreciation and amortisation,
E17,Vodacom Group,FY2025,Employee costs,amount,3,have,-10435000000.0,Vodacom_Group_-_24&25.pdf; Vodacom_Group_-_25&26.pdf,"'Staff expenses' / employee benefits - often a note, not the face",
E17,Vodacom Group,FY2026,Cost of sales and supplier payments,amount,3,have,-64262000000.0,Vodacom_Group_-_25&26.pdf,"Cost of sales; if not disclosed, direct + other operating expenses",
E17,Vodacom Group,FY2026,EBITDA proxy,amount,3,have,68393000000.0,Vodacom_Group_-_25&26.pdf,Operating profit + depreciation and amortisation,
E17,Vodacom Group,FY2026,Employee costs,amount,3,have,-11082000000.0,Vodacom_Group_-_25&26.pdf,"'Staff expenses' / employee benefits - often a note, not the face",
E18,The Bidvest Group,FY2024,Cost of sales and supplier payments,amount,3,missing,,The_Bidvest_Group_-_23&24.pdf; The_Bidvest_Group_-_24&25.pdf,"Cost of sales; if not disclosed, direct + other operating expenses",
E18,The Bidvest Group,FY2024,EBITDA proxy,amount,3,missing,,The_Bidvest_Group_-_23&24.pdf; The_Bidvest_Group_-_24&25.pdf,Operating profit + depreciation and amortisation,
E18,The Bidvest Group,FY2024,Employee costs,amount,3,missing,,The_Bidvest_Group_-_23&24.pdf; The_Bidvest_Group_-_24&25.pdf,"'Staff expenses' / employee benefits - often a note, not the face",
E18,The Bidvest Group,FY2025,Cost of sales and supplier payments,amount,3,missing,,The_Bidvest_Group_-_24&25.pdf,"Cost of sales; if not disclosed, direct + other operating expenses",
E18,The Bidvest Group,FY2025,EBITDA proxy,amount,3,missing,,The_Bidvest_Group_-_24&25.pdf,Operating profit + depreciation and amortisation,
E18,The Bidvest Group,FY2025,Employee costs,amount,3,missing,,The_Bidvest_Group_-_24&25.pdf,"'Staff expenses' / employee benefits - often a note, not the face",
E19,Aspen Pharmacare,FY2024,Cost of sales and supplier payments,amount,3,suspect,-24234000000.0,Aspen_Pharmacare_-_24&25.pdf,"Cost of sales; if not disclosed, direct + other operating expenses",impossible Gross margin proxy (-0.11)
E19,Aspen Pharmacare,FY2024,EBITDA proxy,amount,3,missing,,Aspen_Pharmacare_-_24&25.pdf,Operating profit + depreciation and amortisation,impossible Gross margin proxy (-0.11)
E19,Aspen Pharmacare,FY2024,Employee costs,amount,3,missing,,Aspen_Pharmacare_-_24&25.pdf,"'Staff expenses' / employee benefits - often a note, not the face",impossible Gross margin proxy (-0.11)
E19,Aspen Pharmacare,FY2025,Cost of sales and supplier payments,amount,3,suspect,21000000.0,Aspen_Pharmacare_-_24&25.pdf,"Cost of sales; if not disclosed, direct + other operating expenses",impossible Gross margin proxy (-0.11)
E19,Aspen Pharmacare,FY2025,EBITDA proxy,amount,3,missing,,Aspen_Pharmacare_-_24&25.pdf,Operating profit + depreciation and amortisation,impossible Gross margin proxy (-0.11)
E19,Aspen Pharmacare,FY2025,Employee costs,amount,3,missing,,Aspen_Pharmacare_-_24&25.pdf,"'Staff expenses' / employee benefits - often a note, not the face",impossible Gross margin proxy (-0.11)
E20,Shaftesbury Capital plc,FY2024,Cost of sales and supplier payments,amount,3,missing,,Shaftesbury_Capital_plc_-_23&24.pdf,"Cost of sales; if not disclosed, direct + other operating expenses",
E20,Shaftesbury Capital plc,FY2024,EBITDA proxy,amount,3,missing,,Shaftesbury_Capital_plc_-_23&24.pdf,Operating profit + depreciation and amortisation,
E20,Shaftesbury Capital plc,FY2024,Employee costs,amount,3,missing,,Shaftesbury_Capital_plc_-_23&24.pdf,"'Staff expenses' / employee benefits - often a note, not the face",
E20,Shaftesbury Capital plc,FY2025,Cost of sales and supplier payments,amount,3,missing,,Shaftesbury_Capital_plc_-_23&24.pdf; Shaftesbury_Capital_plc_-_24&25.pdf,"Cost of sales; if not disclosed, direct + other operating expenses",
E20,Shaftesbury Capital plc,FY2025,EBITDA proxy,amount,3,missing,,Shaftesbury_Capital_plc_-_23&24.pdf; Shaftesbury_Capital_plc_-_24&25.pdf,Operating profit + depreciation and amortisation,
E20,Shaftesbury Capital plc,FY2025,Employee costs,amount,3,missing,,Shaftesbury_Capital_plc_-_23&24.pdf; Shaftesbury_Capital_plc_-_24&25.pdf,"'Staff expenses' / employee benefits - often a note, not the face",
E20,Shaftesbury Capital plc,FY2026,Cost of sales and supplier payments,amount,3,missing,,Shaftesbury_Capital_plc_-_24&25.pdf,"Cost of sales; if not disclosed, direct + other operating expenses",
E20,Shaftesbury Capital plc,FY2026,EBITDA proxy,amount,3,missing,,Shaftesbury_Capital_plc_-_24&25.pdf,Operating profit + depreciation and amortisation,
E20,Shaftesbury Capital plc,FY2026,Employee costs,amount,3,missing,,Shaftesbury_Capital_plc_-_24&25.pdf,"'Staff expenses' / employee benefits - often a note, not the face",
E01,BHP Group,FY2024,EBITDA margin proxy,ratio,4,have,0.4102195551403212,BHB_group_mining_-_23-25.pdf,Computed: EBITDA / revenue,
E01,BHP Group,FY2024,Employee cost ratio,ratio,4,missing,,BHB_group_mining_-_23-25.pdf,Computed: employee costs / revenue,
E01,BHP Group,FY2024,Gross margin proxy,ratio,4,missing,,BHB_group_mining_-_23-25.pdf,Computed: (revenue - cost of sales) / revenue,
E01,BHP Group,FY2025,EBITDA margin proxy,ratio,4,have,0.4877687175685693,BHB_group_mining_-_23-25.pdf,Computed: EBITDA / revenue,
E01,BHP Group,FY2025,Employee cost ratio,ratio,4,missing,,BHB_group_mining_-_23-25.pdf,Computed: employee costs / revenue,
E01,BHP Group,FY2025,Gross margin proxy,ratio,4,missing,,BHB_group_mining_-_23-25.pdf,Computed: (revenue - cost of sales) / revenue,
E02,Glencore,FY2024,EBITDA margin proxy,ratio,4,missing,,Glencore_mining_-_22&23.pdf,Computed: EBITDA / revenue,"implied coverage 1,497x outside plausible range"
E02,Glencore,FY2024,Employee cost ratio,ratio,4,missing,,Glencore_mining_-_22&23.pdf,Computed: employee costs / revenue,"implied coverage 1,497x outside plausible range"
E02,Glencore,FY2024,Gross margin proxy,ratio,4,missing,,Glencore_mining_-_22&23.pdf,Computed: (revenue - cost of sales) / revenue,"implied coverage 1,497x outside plausible range"
E02,Glencore,FY2025,EBITDA margin proxy,ratio,4,missing,,Glencore_mining_-_24&25.pdf,Computed: EBITDA / revenue,"implied coverage 1,497x outside plausible range"
E02,Glencore,FY2025,Employee cost ratio,ratio,4,missing,,Glencore_mining_-_24&25.pdf,Computed: employee costs / revenue,"implied coverage 1,497x outside plausible range"
E02,Glencore,FY2025,Gross margin proxy,ratio,4,suspect,0.0287948593598448,Glencore_mining_-_24&25.pdf,Computed: (revenue - cost of sales) / revenue,"implied coverage 1,497x outside plausible range"
E02,Glencore,FY2026,EBITDA margin proxy,ratio,4,missing,,Glencore_mining_-_24&25.pdf,Computed: EBITDA / revenue,"implied coverage 1,497x outside plausible range"
E02,Glencore,FY2026,Employee cost ratio,ratio,4,missing,,Glencore_mining_-_24&25.pdf,Computed: employee costs / revenue,"implied coverage 1,497x outside plausible range"
E02,Glencore,FY2026,Gross margin proxy,ratio,4,suspect,0.0236855394186681,Glencore_mining_-_24&25.pdf,Computed: (revenue - cost of sales) / revenue,"implied coverage 1,497x outside plausible range"
E03,Anglo American,FY2024,EBITDA margin proxy,ratio,4,missing,,Anglo_American_mining_-_22&23.pdf,Computed: EBITDA / revenue,
E03,Anglo American,FY2024,Employee cost ratio,ratio,4,missing,,Anglo_American_mining_-_22&23.pdf,Computed: employee costs / revenue,
E03,Anglo American,FY2024,Gross margin proxy,ratio,4,missing,,Anglo_American_mining_-_22&23.pdf,Computed: (revenue - cost of sales) / revenue,
E03,Anglo American,FY2025,EBITDA margin proxy,ratio,4,missing,,Anglo_American_mining_-_24&25.pdf,Computed: EBITDA / revenue,
E03,Anglo American,FY2025,Employee cost ratio,ratio,4,missing,,Anglo_American_mining_-_24&25.pdf,Computed: employee costs / revenue,
E03,Anglo American,FY2025,Gross margin proxy,ratio,4,missing,,Anglo_American_mining_-_24&25.pdf,Computed: (revenue - cost of sales) / revenue,
E03,Anglo American,FY2026,EBITDA margin proxy,ratio,4,missing,,Anglo_American_mining_-_24&25.pdf,Computed: EBITDA / revenue,
E03,Anglo American,FY2026,Employee cost ratio,ratio,4,missing,,Anglo_American_mining_-_24&25.pdf,Computed: employee costs / revenue,
E03,Anglo American,FY2026,Gross margin proxy,ratio,4,missing,,Anglo_American_mining_-_24&25.pdf,Computed: (revenue - cost of sales) / revenue,
E04,AngloGold Ashanti,FY2024,EBITDA margin proxy,ratio,4,missing,,AngloGold_Ashanti_-_23-25.pdf,Computed: EBITDA / revenue,
E04,AngloGold Ashanti,FY2024,Employee cost ratio,ratio,4,missing,,AngloGold_Ashanti_-_23-25.pdf,Computed: employee costs / revenue,
E04,AngloGold Ashanti,FY2024,Gross margin proxy,ratio,4,missing,,AngloGold_Ashanti_-_23-25.pdf,Computed: (revenue - cost of sales) / revenue,
E04,AngloGold Ashanti,FY2025,EBITDA margin proxy,ratio,4,missing,,AngloGold_Ashanti_-_23-25.pdf,Computed: EBITDA / revenue,
E04,AngloGold Ashanti,FY2025,Employee cost ratio,ratio,4,missing,,AngloGold_Ashanti_-_23-25.pdf,Computed: employee costs / revenue,
E04,AngloGold Ashanti,FY2025,Gross margin proxy,ratio,4,missing,,AngloGold_Ashanti_-_23-25.pdf,Computed: (revenue - cost of sales) / revenue,
E04,AngloGold Ashanti,FY2026,EBITDA margin proxy,ratio,4,missing,,AngloGold_Ashanti_-_23-25.pdf,Computed: EBITDA / revenue,
E04,AngloGold Ashanti,FY2026,Employee cost ratio,ratio,4,missing,,AngloGold_Ashanti_-_23-25.pdf,Computed: employee costs / revenue,
E04,AngloGold Ashanti,FY2026,Gross margin proxy,ratio,4,missing,,AngloGold_Ashanti_-_23-25.pdf,Computed: (revenue - cost of sales) / revenue,
E05,Gold Fields,FY2024,EBITDA margin proxy,ratio,4,missing,,Gold_Fields_mining_-_23-25.pdf,Computed: EBITDA / revenue,
E05,Gold Fields,FY2024,Employee cost ratio,ratio,4,missing,,Gold_Fields_mining_-_23-25.pdf,Computed: employee costs / revenue,
E05,Gold Fields,FY2024,Gross margin proxy,ratio,4,missing,,Gold_Fields_mining_-_23-25.pdf,Computed: (revenue - cost of sales) / revenue,
E05,Gold Fields,FY2025,EBITDA margin proxy,ratio,4,missing,,Gold_Fields_mining_-_23-25.pdf,Computed: EBITDA / revenue,
E05,Gold Fields,FY2025,Employee cost ratio,ratio,4,missing,,Gold_Fields_mining_-_23-25.pdf,Computed: employee costs / revenue,
E05,Gold Fields,FY2025,Gross margin proxy,ratio,4,missing,,Gold_Fields_mining_-_23-25.pdf,Computed: (revenue - cost of sales) / revenue,
E05,Gold Fields,FY2026,EBITDA margin proxy,ratio,4,missing,,Gold_Fields_mining_-_23-25.pdf,Computed: EBITDA / revenue,
E05,Gold Fields,FY2026,Employee cost ratio,ratio,4,missing,,Gold_Fields_mining_-_23-25.pdf,Computed: employee costs / revenue,
E05,Gold Fields,FY2026,Gross margin proxy,ratio,4,have,0.5793996320546662,Gold_Fields_mining_-_23-25.pdf,Computed: (revenue - cost of sales) / revenue,
E06,Valterra Platinum,FY2025,EBITDA margin proxy,ratio,4,missing,,Valterra_Platinum_mining_-_24&25.pdf,Computed: EBITDA / revenue,
E06,Valterra Platinum,FY2025,Employee cost ratio,ratio,4,missing,,Valterra_Platinum_mining_-_24&25.pdf,Computed: employee costs / revenue,
E06,Valterra Platinum,FY2025,Gross margin proxy,ratio,4,missing,,Valterra_Platinum_mining_-_24&25.pdf,Computed: (revenue - cost of sales) / revenue,
E06,Valterra Platinum,FY2026,EBITDA margin proxy,ratio,4,missing,,Valterra_Platinum_mining_-_24&25.pdf,Computed: EBITDA / revenue,
E06,Valterra Platinum,FY2026,Employee cost ratio,ratio,4,missing,,Valterra_Platinum_mining_-_24&25.pdf,Computed: employee costs / revenue,
E06,Valterra Platinum,FY2026,Gross margin proxy,ratio,4,missing,,Valterra_Platinum_mining_-_24&25.pdf,Computed: (revenue - cost of sales) / revenue,
E07,OUTsurance Group,FY2024,EBITDA margin proxy,ratio,4,missing,,Outsurance_group_-_23-24.pdf; Outsurance_group_-_24&25.pdf,Computed: EBITDA / revenue,
E07,OUTsurance Group,FY2024,Employee cost ratio,ratio,4,missing,,Outsurance_group_-_23-24.pdf; Outsurance_group_-_24&25.pdf,Computed: employee costs / revenue,
E07,OUTsurance Group,FY2024,Gross margin proxy,ratio,4,missing,,Outsurance_group_-_23-24.pdf; Outsurance_group_-_24&25.pdf,Computed: (revenue - cost of sales) / revenue,
E07,OUTsurance Group,FY2025,EBITDA margin proxy,ratio,4,missing,,Outsurance_group_-_24&25.pdf,Computed: EBITDA / revenue,
E07,OUTsurance Group,FY2025,Employee cost ratio,ratio,4,missing,,Outsurance_group_-_24&25.pdf,Computed: employee costs / revenue,
E07,OUTsurance Group,FY2025,Gross margin proxy,ratio,4,missing,,Outsurance_group_-_24&25.pdf,Computed: (revenue - cost of sales) / revenue,
E08,Sanlam,FY2024,EBITDA margin proxy,ratio,4,missing,,Sanlam_23&24.pdf,Computed: EBITDA / revenue,
E08,Sanlam,FY2024,Employee cost ratio,ratio,4,missing,,Sanlam_23&24.pdf,Computed: employee costs / revenue,
E08,Sanlam,FY2024,Gross margin proxy,ratio,4,missing,,Sanlam_23&24.pdf,Computed: (revenue - cost of sales) / revenue,
E08,Sanlam,FY2025,EBITDA margin proxy,ratio,4,missing,,Sanlam_23&24.pdf,Computed: EBITDA / revenue,
E08,Sanlam,FY2025,Employee cost ratio,ratio,4,missing,,Sanlam_23&24.pdf,Computed: employee costs / revenue,
E08,Sanlam,FY2025,Gross margin proxy,ratio,4,missing,,Sanlam_23&24.pdf,Computed: (revenue - cost of sales) / revenue,
E09,Shoprite Holdings,FY2024,EBITDA margin proxy,ratio,4,missing,,Shopright_-_23&24.pdf; Shopright_Holdings_-_24&25.pdf,Computed: EBITDA / revenue,
E09,Shoprite Holdings,FY2024,Employee cost ratio,ratio,4,missing,,Shopright_-_23&24.pdf; Shopright_Holdings_-_24&25.pdf,Computed: employee costs / revenue,
E09,Shoprite Holdings,FY2024,Gross margin proxy,ratio,4,missing,,Shopright_-_23&24.pdf; Shopright_Holdings_-_24&25.pdf,Computed: (revenue - cost of sales) / revenue,
E09,Shoprite Holdings,FY2025,EBITDA margin proxy,ratio,4,missing,,Shopright_Holdings_-_24&25.pdf,Computed: EBITDA / revenue,
E09,Shoprite Holdings,FY2025,Employee cost ratio,ratio,4,missing,,Shopright_Holdings_-_24&25.pdf,Computed: employee costs / revenue,
E09,Shoprite Holdings,FY2025,Gross margin proxy,ratio,4,missing,,Shopright_Holdings_-_24&25.pdf,Computed: (revenue - cost of sales) / revenue,
E10,Bid Corporation,FY2024,EBITDA margin proxy,ratio,4,missing,,Bid_Corporation_-_24&25.pdf,Computed: EBITDA / revenue,
E10,Bid Corporation,FY2024,Employee cost ratio,ratio,4,missing,,Bid_Corporation_-_24&25.pdf,Computed: employee costs / revenue,
E10,Bid Corporation,FY2024,Gross margin proxy,ratio,4,missing,,Bid_Corporation_-_24&25.pdf,Computed: (revenue - cost of sales) / revenue,
E10,Bid Corporation,FY2025,EBITDA margin proxy,ratio,4,missing,,Bid_Corporation_-_24&25.pdf,Computed: EBITDA / revenue,
E10,Bid Corporation,FY2025,Employee cost ratio,ratio,4,missing,,Bid_Corporation_-_24&25.pdf,Computed: employee costs / revenue,
E10,Bid Corporation,FY2025,Gross margin proxy,ratio,4,missing,,Bid_Corporation_-_24&25.pdf,Computed: (revenue - cost of sales) / revenue,
E11,Pepkor Holdings,FY2024,EBITDA margin proxy,ratio,4,missing,,Pepkor_Holdings_-_23&24.pdf,Computed: EBITDA / revenue,
E11,Pepkor Holdings,FY2024,Employee cost ratio,ratio,4,missing,,Pepkor_Holdings_-_23&24.pdf,Computed: employee costs / revenue,
E11,Pepkor Holdings,FY2024,Gross margin proxy,ratio,4,missing,,Pepkor_Holdings_-_23&24.pdf,Computed: (revenue - cost of sales) / revenue,
E11,Pepkor Holdings,FY2025,EBITDA margin proxy,ratio,4,missing,,Pepkor_Holdings_-_23&24.pdf; Pepkor_Holdings_-_24&25.pdf,Computed: EBITDA / revenue,
E11,Pepkor Holdings,FY2025,Employee cost ratio,ratio,4,missing,,Pepkor_Holdings_-_23&24.pdf; Pepkor_Holdings_-_24&25.pdf,Computed: employee costs / revenue,
E11,Pepkor Holdings,FY2025,Gross margin proxy,ratio,4,missing,,Pepkor_Holdings_-_23&24.pdf; Pepkor_Holdings_-_24&25.pdf,Computed: (revenue - cost of sales) / revenue,
E11,Pepkor Holdings,FY2026,EBITDA margin proxy,ratio,4,missing,,Pepkor_Holdings_-_24&25.pdf,Computed: EBITDA / revenue,
E11,Pepkor Holdings,FY2026,Employee cost ratio,ratio,4,missing,,Pepkor_Holdings_-_24&25.pdf,Computed: employee costs / revenue,
E11,Pepkor Holdings,FY2026,Gross margin proxy,ratio,4,missing,,Pepkor_Holdings_-_24&25.pdf,Computed: (revenue - cost of sales) / revenue,
E12,Clicks Group,FY2024,EBITDA margin proxy,ratio,4,missing,,Clicks_group_-_23&24.pdf,Computed: EBITDA / revenue,
E12,Clicks Group,FY2024,Employee cost ratio,ratio,4,missing,,Clicks_group_-_23&24.pdf,Computed: employee costs / revenue,
E12,Clicks Group,FY2024,Gross margin proxy,ratio,4,have,0.2749675879094083,Clicks_group_-_23&24.pdf,Computed: (revenue - cost of sales) / revenue,
E12,Clicks Group,FY2025,EBITDA margin proxy,ratio,4,missing,,Clicks_group_-_23&24.pdf,Computed: EBITDA / revenue,
E12,Clicks Group,FY2025,Employee cost ratio,ratio,4,missing,,Clicks_group_-_23&24.pdf,Computed: employee costs / revenue,
E12,Clicks Group,FY2025,Gross margin proxy,ratio,4,have,0.2839876882459605,Clicks_group_-_23&24.pdf,Computed: (revenue - cost of sales) / revenue,
E13,NEPI Rockcastle,FY2024,EBITDA margin proxy,ratio,4,missing,,NEPI_Rockcastle_-_23&24.pdf; NEPI_Rockcastle_-_23&24_(1).pdf,Computed: EBITDA / revenue,
E13,NEPI Rockcastle,FY2024,Employee cost ratio,ratio,4,missing,,NEPI_Rockcastle_-_23&24.pdf; NEPI_Rockcastle_-_23&24_(1).pdf,Computed: employee costs / revenue,
E13,NEPI Rockcastle,FY2024,Gross margin proxy,ratio,4,missing,,NEPI_Rockcastle_-_23&24.pdf; NEPI_Rockcastle_-_23&24_(1).pdf,Computed: (revenue - cost of sales) / revenue,
E13,NEPI Rockcastle,FY2025,EBITDA margin proxy,ratio,4,missing,,NEPI_Rockcastle_-_23&24.pdf; NEPI_Rockcastle_-_23&24_(1).pdf; NEPI_Rockcastle_-_24&25.pdf,Computed: EBITDA / revenue,
E13,NEPI Rockcastle,FY2025,Employee cost ratio,ratio,4,missing,,NEPI_Rockcastle_-_23&24.pdf; NEPI_Rockcastle_-_23&24_(1).pdf; NEPI_Rockcastle_-_24&25.pdf,Computed: employee costs / revenue,
E13,NEPI Rockcastle,FY2025,Gross margin proxy,ratio,4,missing,,NEPI_Rockcastle_-_23&24.pdf; NEPI_Rockcastle_-_23&24_(1).pdf; NEPI_Rockcastle_-_24&25.pdf,Computed: (revenue - cost of sales) / revenue,
E13,NEPI Rockcastle,FY2026,EBITDA margin proxy,ratio,4,missing,,NEPI_Rockcastle_-_24&25.pdf,Computed: EBITDA / revenue,
E13,NEPI Rockcastle,FY2026,Employee cost ratio,ratio,4,missing,,NEPI_Rockcastle_-_24&25.pdf,Computed: employee costs / revenue,
E13,NEPI Rockcastle,FY2026,Gross margin proxy,ratio,4,missing,,NEPI_Rockcastle_-_24&25.pdf,Computed: (revenue - cost of sales) / revenue,
E14,Prosus,FY2024,EBITDA margin proxy,ratio,4,missing,,Prosus_-_24&25.pdf,Computed: EBITDA / revenue,
E14,Prosus,FY2024,Employee cost ratio,ratio,4,missing,,Prosus_-_24&25.pdf,Computed: employee costs / revenue,
E14,Prosus,FY2024,Gross margin proxy,ratio,4,missing,,Prosus_-_24&25.pdf,Computed: (revenue - cost of sales) / revenue,
E14,Prosus,FY2025,EBITDA margin proxy,ratio,4,missing,,Prosus_-_24&25.pdf; Prosus_-_25&26.pdf,Computed: EBITDA / revenue,
E14,Prosus,FY2025,Employee cost ratio,ratio,4,missing,,Prosus_-_24&25.pdf; Prosus_-_25&26.pdf,Computed: employee costs / revenue,
E14,Prosus,FY2025,Gross margin proxy,ratio,4,missing,,Prosus_-_24&25.pdf; Prosus_-_25&26.pdf,Computed: (revenue - cost of sales) / revenue,
E14,Prosus,FY2026,EBITDA margin proxy,ratio,4,missing,,Prosus_-_25&26.pdf,Computed: EBITDA / revenue,
E14,Prosus,FY2026,Employee cost ratio,ratio,4,missing,,Prosus_-_25&26.pdf,Computed: employee costs / revenue,
E14,Prosus,FY2026,Gross margin proxy,ratio,4,missing,,Prosus_-_25&26.pdf,Computed: (revenue - cost of sales) / revenue,
E15,Naspers,FY2024,EBITDA margin proxy,ratio,4,missing,,Naspers_-_24&25.pdf,Computed: EBITDA / revenue,
E15,Naspers,FY2024,Employee cost ratio,ratio,4,missing,,Naspers_-_24&25.pdf,Computed: employee costs / revenue,
E15,Naspers,FY2024,Gross margin proxy,ratio,4,missing,,Naspers_-_24&25.pdf,Computed: (revenue - cost of sales) / revenue,
E15,Naspers,FY2025,EBITDA margin proxy,ratio,4,missing,,Naspers_-_24&25.pdf; Naspers_-_25&26.pdf,Computed: EBITDA / revenue,
E15,Naspers,FY2025,Employee cost ratio,ratio,4,missing,,Naspers_-_24&25.pdf; Naspers_-_25&26.pdf,Computed: employee costs / revenue,
E15,Naspers,FY2025,Gross margin proxy,ratio,4,missing,,Naspers_-_24&25.pdf; Naspers_-_25&26.pdf,Computed: (revenue - cost of sales) / revenue,
E15,Naspers,FY2026,EBITDA margin proxy,ratio,4,missing,,Naspers_-_25&26.pdf,Computed: EBITDA / revenue,
E15,Naspers,FY2026,Employee cost ratio,ratio,4,missing,,Naspers_-_25&26.pdf,Computed: employee costs / revenue,
E15,Naspers,FY2026,Gross margin proxy,ratio,4,missing,,Naspers_-_25&26.pdf,Computed: (revenue - cost of sales) / revenue,
E16,MTN Group,FY2024,EBITDA margin proxy,ratio,4,missing,,MTN_Group_-_23&24.pdf,Computed: EBITDA / revenue,
E16,MTN Group,FY2024,Employee cost ratio,ratio,4,have,0.0683039591777649,MTN_Group_-_23&24.pdf,Computed: employee costs / revenue,
E16,MTN Group,FY2024,Gross margin proxy,ratio,4,missing,,MTN_Group_-_23&24.pdf,Computed: (revenue - cost of sales) / revenue,
E16,MTN Group,FY2025,EBITDA margin proxy,ratio,4,missing,,MTN_Group_-_23&24.pdf; MTN_Group_-_24&25.pdf,Computed: EBITDA / revenue,
E16,MTN Group,FY2025,Employee cost ratio,ratio,4,have,0.0748240700847335,MTN_Group_-_23&24.pdf; MTN_Group_-_24&25.pdf,Computed: employee costs / revenue,
E16,MTN Group,FY2025,Gross margin proxy,ratio,4,missing,,MTN_Group_-_23&24.pdf; MTN_Group_-_24&25.pdf,Computed: (revenue - cost of sales) / revenue,
E16,MTN Group,FY2026,EBITDA margin proxy,ratio,4,missing,,MTN_Group_-_24&25.pdf,Computed: EBITDA / revenue,
E16,MTN Group,FY2026,Employee cost ratio,ratio,4,have,1.2233977478843198e-05,MTN_Group_-_24&25.pdf,Computed: employee costs / revenue,
E16,MTN Group,FY2026,Gross margin proxy,ratio,4,missing,,MTN_Group_-_24&25.pdf,Computed: (revenue - cost of sales) / revenue,
E17,Vodacom Group,FY2024,EBITDA margin proxy,ratio,4,have,0.3859582719099034,Vodacom_Group_-_24&25.pdf,Computed: EBITDA / revenue,
E17,Vodacom Group,FY2024,Employee cost ratio,ratio,4,have,0.0673067984116233,Vodacom_Group_-_24&25.pdf,Computed: employee costs / revenue,
E17,Vodacom Group,FY2024,Gross margin proxy,ratio,4,have,0.6168506049377798,Vodacom_Group_-_24&25.pdf,Computed: (revenue - cost of sales) / revenue,
E17,Vodacom Group,FY2025,EBITDA margin proxy,ratio,4,have,0.3792034264617971,Vodacom_Group_-_24&25.pdf; Vodacom_Group_-_25&26.pdf,Computed: EBITDA / revenue,
E17,Vodacom Group,FY2025,Employee cost ratio,ratio,4,have,0.0685489433543326,Vodacom_Group_-_24&25.pdf; Vodacom_Group_-_25&26.pdf,Computed: employee costs / revenue,
E17,Vodacom Group,FY2025,Gross margin proxy,ratio,4,have,0.610187417475218,Vodacom_Group_-_24&25.pdf; Vodacom_Group_-_25&26.pdf,Computed: (revenue - cost of sales) / revenue,
E17,Vodacom Group,FY2026,EBITDA margin proxy,ratio,4,missing,,Vodacom_Group_-_25&26.pdf,Computed: EBITDA / revenue,
E17,Vodacom Group,FY2026,Employee cost ratio,ratio,4,missing,,Vodacom_Group_-_25&26.pdf,Computed: employee costs / revenue,
E17,Vodacom Group,FY2026,Gross margin proxy,ratio,4,missing,,Vodacom_Group_-_25&26.pdf,Computed: (revenue - cost of sales) / revenue,
E18,The Bidvest Group,FY2024,EBITDA margin proxy,ratio,4,missing,,The_Bidvest_Group_-_23&24.pdf; The_Bidvest_Group_-_24&25.pdf,Computed: EBITDA / revenue,
E18,The Bidvest Group,FY2024,Employee cost ratio,ratio,4,missing,,The_Bidvest_Group_-_23&24.pdf; The_Bidvest_Group_-_24&25.pdf,Computed: employee costs / revenue,
E18,The Bidvest Group,FY2024,Gross margin proxy,ratio,4,missing,,The_Bidvest_Group_-_23&24.pdf; The_Bidvest_Group_-_24&25.pdf,Computed: (revenue - cost of sales) / revenue,
E18,The Bidvest Group,FY2025,EBITDA margin proxy,ratio,4,missing,,The_Bidvest_Group_-_24&25.pdf,Computed: EBITDA / revenue,
E18,The Bidvest Group,FY2025,Employee cost ratio,ratio,4,missing,,The_Bidvest_Group_-_24&25.pdf,Computed: employee costs / revenue,
E18,The Bidvest Group,FY2025,Gross margin proxy,ratio,4,missing,,The_Bidvest_Group_-_24&25.pdf,Computed: (revenue - cost of sales) / revenue,
E19,Aspen Pharmacare,FY2024,EBITDA margin proxy,ratio,4,missing,,Aspen_Pharmacare_-_24&25.pdf,Computed: EBITDA / revenue,impossible Gross margin proxy (-0.11)
E19,Aspen Pharmacare,FY2024,Employee cost ratio,ratio,4,missing,,Aspen_Pharmacare_-_24&25.pdf,Computed: employee costs / revenue,impossible Gross margin proxy (-0.11)
E19,Aspen Pharmacare,FY2024,Gross margin proxy,ratio,4,suspect,0.4411364527362036,Aspen_Pharmacare_-_24&25.pdf,Computed: (revenue - cost of sales) / revenue,impossible Gross margin proxy (-0.11)
E19,Aspen Pharmacare,FY2025,EBITDA margin proxy,ratio,4,missing,,Aspen_Pharmacare_-_24&25.pdf,Computed: EBITDA / revenue,impossible Gross margin proxy (-0.11)
E19,Aspen Pharmacare,FY2025,Employee cost ratio,ratio,4,missing,,Aspen_Pharmacare_-_24&25.pdf,Computed: employee costs / revenue,impossible Gross margin proxy (-0.11)
E19,Aspen Pharmacare,FY2025,Gross margin proxy,ratio,4,suspect,-0.1052631578947368,Aspen_Pharmacare_-_24&25.pdf,Computed: (revenue - cost of sales) / revenue,impossible Gross margin proxy (-0.11)
E20,Shaftesbury Capital plc,FY2024,EBITDA margin proxy,ratio,4,missing,,Shaftesbury_Capital_plc_-_23&24.pdf,Computed: EBITDA / revenue,
E20,Shaftesbury Capital plc,FY2024,Employee cost ratio,ratio,4,missing,,Shaftesbury_Capital_plc_-_23&24.pdf,Computed: employee costs / revenue,
E20,Shaftesbury Capital plc,FY2024,Gross margin proxy,ratio,4,missing,,Shaftesbury_Capital_plc_-_23&24.pdf,Computed: (revenue - cost of sales) / revenue,
E20,Shaftesbury Capital plc,FY2025,EBITDA margin proxy,ratio,4,missing,,Shaftesbury_Capital_plc_-_23&24.pdf; Shaftesbury_Capital_plc_-_24&25.pdf,Computed: EBITDA / revenue,
E20,Shaftesbury Capital plc,FY2025,Employee cost ratio,ratio,4,missing,,Shaftesbury_Capital_plc_-_23&24.pdf; Shaftesbury_Capital_plc_-_24&25.pdf,Computed: employee costs / revenue,
E20,Shaftesbury Capital plc,FY2025,Gross margin proxy,ratio,4,missing,,Shaftesbury_Capital_plc_-_23&24.pdf; Shaftesbury_Capital_plc_-_24&25.pdf,Computed: (revenue - cost of sales) / revenue,
E20,Shaftesbury Capital plc,FY2026,EBITDA margin proxy,ratio,4,missing,,Shaftesbury_Capital_plc_-_24&25.pdf,Computed: EBITDA / revenue,
E20,Shaftesbury Capital plc,FY2026,Employee cost ratio,ratio,4,missing,,Shaftesbury_Capital_plc_-_24&25.pdf,Computed: employee costs / revenue,
E20,Shaftesbury Capital plc,FY2026,Gross margin proxy,ratio,4,missing,,Shaftesbury_Capital_plc_-_24&25.pdf,Computed: (revenue - cost of sales) / revenue,
E01,BHP Group,FY2024,Export revenue share,ratio,5,missing,,BHB_group_mining_-_23-25.pdf,"Segment note, foreign revenue / total revenue - usually absent",
E01,BHP Group,FY2025,Export revenue share,ratio,5,missing,,BHB_group_mining_-_23-25.pdf,"Segment note, foreign revenue / total revenue - usually absent",
E02,Glencore,FY2024,Export revenue share,ratio,5,missing,,Glencore_mining_-_22&23.pdf,"Segment note, foreign revenue / total revenue - usually absent","implied coverage 1,497x outside plausible range"
E02,Glencore,FY2025,Export revenue share,ratio,5,missing,,Glencore_mining_-_24&25.pdf,"Segment note, foreign revenue / total revenue - usually absent","implied coverage 1,497x outside plausible range"
E02,Glencore,FY2026,Export revenue share,ratio,5,missing,,Glencore_mining_-_24&25.pdf,"Segment note, foreign revenue / total revenue - usually absent","implied coverage 1,497x outside plausible range"
E03,Anglo American,FY2024,Export revenue share,ratio,5,missing,,Anglo_American_mining_-_22&23.pdf,"Segment note, foreign revenue / total revenue - usually absent",
E03,Anglo American,FY2025,Export revenue share,ratio,5,missing,,Anglo_American_mining_-_24&25.pdf,"Segment note, foreign revenue / total revenue - usually absent",
E03,Anglo American,FY2026,Export revenue share,ratio,5,missing,,Anglo_American_mining_-_24&25.pdf,"Segment note, foreign revenue / total revenue - usually absent",
E04,AngloGold Ashanti,FY2024,Export revenue share,ratio,5,missing,,AngloGold_Ashanti_-_23-25.pdf,"Segment note, foreign revenue / total revenue - usually absent",
E04,AngloGold Ashanti,FY2025,Export revenue share,ratio,5,missing,,AngloGold_Ashanti_-_23-25.pdf,"Segment note, foreign revenue / total revenue - usually absent",
E04,AngloGold Ashanti,FY2026,Export revenue share,ratio,5,missing,,AngloGold_Ashanti_-_23-25.pdf,"Segment note, foreign revenue / total revenue - usually absent",
E05,Gold Fields,FY2024,Export revenue share,ratio,5,missing,,Gold_Fields_mining_-_23-25.pdf,"Segment note, foreign revenue / total revenue - usually absent",
E05,Gold Fields,FY2025,Export revenue share,ratio,5,missing,,Gold_Fields_mining_-_23-25.pdf,"Segment note, foreign revenue / total revenue - usually absent",
E05,Gold Fields,FY2026,Export revenue share,ratio,5,missing,,Gold_Fields_mining_-_23-25.pdf,"Segment note, foreign revenue / total revenue - usually absent",
E06,Valterra Platinum,FY2025,Export revenue share,ratio,5,missing,,Valterra_Platinum_mining_-_24&25.pdf,"Segment note, foreign revenue / total revenue - usually absent",
E06,Valterra Platinum,FY2026,Export revenue share,ratio,5,missing,,Valterra_Platinum_mining_-_24&25.pdf,"Segment note, foreign revenue / total revenue - usually absent",
E07,OUTsurance Group,FY2024,Export revenue share,ratio,5,missing,,Outsurance_group_-_23-24.pdf; Outsurance_group_-_24&25.pdf,"Segment note, foreign revenue / total revenue - usually absent",
E07,OUTsurance Group,FY2025,Export revenue share,ratio,5,missing,,Outsurance_group_-_24&25.pdf,"Segment note, foreign revenue / total revenue - usually absent",
E08,Sanlam,FY2024,Export revenue share,ratio,5,missing,,Sanlam_23&24.pdf,"Segment note, foreign revenue / total revenue - usually absent",
E08,Sanlam,FY2025,Export revenue share,ratio,5,missing,,Sanlam_23&24.pdf,"Segment note, foreign revenue / total revenue - usually absent",
E09,Shoprite Holdings,FY2024,Export revenue share,ratio,5,missing,,Shopright_-_23&24.pdf; Shopright_Holdings_-_24&25.pdf,"Segment note, foreign revenue / total revenue - usually absent",
E09,Shoprite Holdings,FY2025,Export revenue share,ratio,5,missing,,Shopright_Holdings_-_24&25.pdf,"Segment note, foreign revenue / total revenue - usually absent",
E10,Bid Corporation,FY2024,Export revenue share,ratio,5,missing,,Bid_Corporation_-_24&25.pdf,"Segment note, foreign revenue / total revenue - usually absent",
E10,Bid Corporation,FY2025,Export revenue share,ratio,5,missing,,Bid_Corporation_-_24&25.pdf,"Segment note, foreign revenue / total revenue - usually absent",
E11,Pepkor Holdings,FY2024,Export revenue share,ratio,5,missing,,Pepkor_Holdings_-_23&24.pdf,"Segment note, foreign revenue / total revenue - usually absent",
E11,Pepkor Holdings,FY2025,Export revenue share,ratio,5,missing,,Pepkor_Holdings_-_23&24.pdf; Pepkor_Holdings_-_24&25.pdf,"Segment note, foreign revenue / total revenue - usually absent",
E11,Pepkor Holdings,FY2026,Export revenue share,ratio,5,missing,,Pepkor_Holdings_-_24&25.pdf,"Segment note, foreign revenue / total revenue - usually absent",
E12,Clicks Group,FY2024,Export revenue share,ratio,5,missing,,Clicks_group_-_23&24.pdf,"Segment note, foreign revenue / total revenue - usually absent",
E12,Clicks Group,FY2025,Export revenue share,ratio,5,missing,,Clicks_group_-_23&24.pdf,"Segment note, foreign revenue / total revenue - usually absent",
E13,NEPI Rockcastle,FY2024,Export revenue share,ratio,5,missing,,NEPI_Rockcastle_-_23&24.pdf; NEPI_Rockcastle_-_23&24_(1).pdf,"Segment note, foreign revenue / total revenue - usually absent",
E13,NEPI Rockcastle,FY2025,Export revenue share,ratio,5,missing,,NEPI_Rockcastle_-_23&24.pdf; NEPI_Rockcastle_-_23&24_(1).pdf; NEPI_Rockcastle_-_24&25.pdf,"Segment note, foreign revenue / total revenue - usually absent",
E13,NEPI Rockcastle,FY2026,Export revenue share,ratio,5,missing,,NEPI_Rockcastle_-_24&25.pdf,"Segment note, foreign revenue / total revenue - usually absent",
E14,Prosus,FY2024,Export revenue share,ratio,5,missing,,Prosus_-_24&25.pdf,"Segment note, foreign revenue / total revenue - usually absent",
E14,Prosus,FY2025,Export revenue share,ratio,5,missing,,Prosus_-_24&25.pdf; Prosus_-_25&26.pdf,"Segment note, foreign revenue / total revenue - usually absent",
E14,Prosus,FY2026,Export revenue share,ratio,5,missing,,Prosus_-_25&26.pdf,"Segment note, foreign revenue / total revenue - usually absent",
E15,Naspers,FY2024,Export revenue share,ratio,5,missing,,Naspers_-_24&25.pdf,"Segment note, foreign revenue / total revenue - usually absent",
E15,Naspers,FY2025,Export revenue share,ratio,5,missing,,Naspers_-_24&25.pdf; Naspers_-_25&26.pdf,"Segment note, foreign revenue / total revenue - usually absent",
E15,Naspers,FY2026,Export revenue share,ratio,5,missing,,Naspers_-_25&26.pdf,"Segment note, foreign revenue / total revenue - usually absent",
E16,MTN Group,FY2024,Export revenue share,ratio,5,missing,,MTN_Group_-_23&24.pdf,"Segment note, foreign revenue / total revenue - usually absent",
E16,MTN Group,FY2025,Export revenue share,ratio,5,missing,,MTN_Group_-_23&24.pdf; MTN_Group_-_24&25.pdf,"Segment note, foreign revenue / total revenue - usually absent",
E16,MTN Group,FY2026,Export revenue share,ratio,5,missing,,MTN_Group_-_24&25.pdf,"Segment note, foreign revenue / total revenue - usually absent",
E17,Vodacom Group,FY2024,Export revenue share,ratio,5,missing,,Vodacom_Group_-_24&25.pdf,"Segment note, foreign revenue / total revenue - usually absent",
E17,Vodacom Group,FY2025,Export revenue share,ratio,5,missing,,Vodacom_Group_-_24&25.pdf; Vodacom_Group_-_25&26.pdf,"Segment note, foreign revenue / total revenue - usually absent",
E17,Vodacom Group,FY2026,Export revenue share,ratio,5,missing,,Vodacom_Group_-_25&26.pdf,"Segment note, foreign revenue / total revenue - usually absent",
E18,The Bidvest Group,FY2024,Export revenue share,ratio,5,missing,,The_Bidvest_Group_-_23&24.pdf; The_Bidvest_Group_-_24&25.pdf,"Segment note, foreign revenue / total revenue - usually absent",
E18,The Bidvest Group,FY2025,Export revenue share,ratio,5,missing,,The_Bidvest_Group_-_24&25.pdf,"Segment note, foreign revenue / total revenue - usually absent",
E19,Aspen Pharmacare,FY2024,Export revenue share,ratio,5,missing,,Aspen_Pharmacare_-_24&25.pdf,"Segment note, foreign revenue / total revenue - usually absent",impossible Gross margin proxy (-0.11)
E19,Aspen Pharmacare,FY2025,Export revenue share,ratio,5,missing,,Aspen_Pharmacare_-_24&25.pdf,"Segment note, foreign revenue / total revenue - usually absent",impossible Gross margin proxy (-0.11)
E20,Shaftesbury Capital plc,FY2024,Export revenue share,ratio,5,missing,,Shaftesbury_Capital_plc_-_23&24.pdf,"Segment note, foreign revenue / total revenue - usually absent",
E20,Shaftesbury Capital plc,FY2025,Export revenue share,ratio,5,missing,,Shaftesbury_Capital_plc_-_23&24.pdf; Shaftesbury_Capital_plc_-_24&25.pdf,"Segment note, foreign revenue / total revenue - usually absent",
E20,Shaftesbury Capital plc,FY2026,Export revenue share,ratio,5,missing,,Shaftesbury_Capital_plc_-_24&25.pdf,"Segment note, foreign revenue / total revenue - usually absent",
