entity_id,entity_name,fiscal_year,line_item,metric_type,priority,status,current_value,source_pdf,where_to_look,note
E01,BHP Group,FY2024,Total revenue,amount,1,have,902216180000.00,BHB_group_mining_-_23-25.pdf,"Income statement, 'Revenue' - the group total, not a segment line",
E01,BHP Group,FY2025,Total revenue,amount,1,have,830957020000.00,BHB_group_mining_-_23-25.pdf,"Income statement, 'Revenue' - the group total, not a segment line",
E02,Glencore,FY2024,Total revenue,amount,1,have,3743602240000.00,Glencore_mining_-_22&23.pdf,"Income statement, 'Revenue' - the group total, not a segment line","implied coverage 1,497x outside plausible range"
E02,Glencore,FY2025,Total revenue,amount,1,have,4012542350000.00,Glencore_mining_-_24&25.pdf,"Income statement, 'Revenue' - the group total, not a segment line","implied coverage 1,497x outside plausible range"
E02,Glencore,FY2026,Total revenue,amount,1,have,,Glencore_mining_-_24&25.pdf,"Income statement, 'Revenue' - the group total, not a segment line","implied coverage 1,497x outside plausible range"
E03,Anglo American,FY2024,Total revenue,amount,1,have,495385363200.00,Anglo_American_mining_-_22&23.pdf,"Income statement, 'Revenue' - the group total, not a segment line",
E03,Anglo American,FY2025,Total revenue,amount,1,have,286787592000.00,Anglo_American_mining_-_24&25.pdf,"Income statement, 'Revenue' - the group total, not a segment line",
E03,Anglo American,FY2026,Total revenue,amount,1,have,299733033600.00,Anglo_American_mining_-_24&25.pdf,"Income statement, 'Revenue' - the group total, not a segment line",
E04,AngloGold Ashanti,FY2024,Total revenue,amount,1,have,74052451200.00,AngloGold_Ashanti_-_23-25.pdf,"Income statement, 'Revenue' - the group total, not a segment line",
E04,AngloGold Ashanti,FY2025,Total revenue,amount,1,have,93624148800.00,AngloGold_Ashanti_-_23-25.pdf,"Income statement, 'Revenue' - the group total, not a segment line",
E04,AngloGold Ashanti,FY2026,Total revenue,amount,1,have,159886708800.00,AngloGold_Ashanti_-_23-25.pdf,"Income statement, 'Revenue' - the group total, not a segment line",
E05,Gold Fields,FY2024,Total revenue,amount,1,have,72827550000.00,Gold_Fields_mining_-_23-25.pdf,"Income statement, 'Revenue' - the group total, not a segment line",
E05,Gold Fields,FY2025,Total revenue,amount,1,have,84182174240.00,Gold_Fields_mining_-_23-25.pdf,"Income statement, 'Revenue' - the group total, not a segment line",
E05,Gold Fields,FY2026,Total revenue,amount,1,have,141630164070.00,Gold_Fields_mining_-_23-25.pdf,"Income statement, 'Revenue' - the group total, not a segment line",
E06,Valterra Platinum,FY2025,Total revenue,amount,1,have,116398000000.00,Valterra_Platinum_mining_-_24&25.pdf,"Income statement, 'Revenue' - the group total, not a segment line",
E06,Valterra Platinum,FY2026,Total revenue,amount,1,have,155856000000.00,Valterra_Platinum_mining_-_24&25.pdf,"Income statement, 'Revenue' - the group total, not a segment line",
E07,OUTsurance Group,FY2024,Total revenue,amount,1,have,31913000000.00,Outsurance_group_-_23-24.pdf; Outsurance_group_-_24&25.pdf,"Income statement, 'Revenue' - the group total, not a segment line",
E07,OUTsurance Group,FY2025,Total revenue,amount,1,have,37131000000.00,Outsurance_group_-_24&25.pdf,"Income statement, 'Revenue' - the group total, not a segment line",
E08,Sanlam,FY2024,Total revenue,amount,1,missing,,Sanlam_23&24.pdf,"Income statement, 'Revenue' - the group total, not a segment line",
E08,Sanlam,FY2025,Total revenue,amount,1,missing,,Sanlam_23&24.pdf,"Income statement, 'Revenue' - the group total, not a segment line",
E09,Shoprite Holdings,FY2024,Total revenue,amount,1,have,236328000000.00,Shopright_-_23&24.pdf; Shopright_Holdings_-_24&25.pdf,"Income statement, 'Revenue' - the group total, not a segment line",
E09,Shoprite Holdings,FY2025,Total revenue,amount,1,have,256682000000.00,Shopright_Holdings_-_24&25.pdf,"Income statement, 'Revenue' - the group total, not a segment line",
E10,Bid Corporation,FY2024,Total revenue,amount,1,have,225905337000.00,Bid_Corporation_-_24&25.pdf,"Income statement, 'Revenue' - the group total, not a segment line",
E10,Bid Corporation,FY2025,Total revenue,amount,1,have,235591182000.00,Bid_Corporation_-_24&25.pdf,"Income statement, 'Revenue' - the group total, not a segment line",
E11,Pepkor Holdings,FY2024,Total revenue,amount,1,have,85136000000.00,Pepkor_Holdings_-_23&24.pdf,"Income statement, 'Revenue' - the group total, not a segment line",
E11,Pepkor Holdings,FY2025,Total revenue,amount,1,have,95340000000.00,Pepkor_Holdings_-_23&24.pdf; Pepkor_Holdings_-_24&25.pdf,"Income statement, 'Revenue' - the group total, not a segment line",
E11,Pepkor Holdings,FY2026,Total revenue,amount,1,missing,,Pepkor_Holdings_-_24&25.pdf,"Income statement, 'Revenue' - the group total, not a segment line",
E12,Clicks Group,FY2024,Total revenue,amount,1,have,48609808000.00,Clicks_group_-_23&24.pdf,"Income statement, 'Revenue' - the group total, not a segment line",
E12,Clicks Group,FY2025,Total revenue,amount,1,have,51426992000.00,Clicks_group_-_23&24.pdf,"Income statement, 'Revenue' - the group total, not a segment line",
E13,NEPI Rockcastle,FY2024,Total revenue,amount,1,have,14278290133.64,NEPI_Rockcastle_-_23&24.pdf; NEPI_Rockcastle_-_23&24_(1).pdf,"Income statement, 'Revenue' - the group total, not a segment line",
E13,NEPI Rockcastle,FY2025,Total revenue,amount,1,have,15420595181.53,NEPI_Rockcastle_-_23&24.pdf; NEPI_Rockcastle_-_23&24_(1).pdf; NEPI_Rockcastle_-_24&25.pdf,"Income statement, 'Revenue' - the group total, not a segment line",
E13,NEPI Rockcastle,FY2026,Total revenue,amount,1,have,17256053024.35,NEPI_Rockcastle_-_24&25.pdf,"Income statement, 'Revenue' - the group total, not a segment line",
E14,Prosus,FY2024,Total revenue,amount,1,have,88477381300.00,Prosus_-_24&25.pdf,"Income statement, 'Revenue' - the group total, not a segment line",
E14,Prosus,FY2025,Total revenue,amount,1,have,99854663000.00,Prosus_-_24&25.pdf; Prosus_-_25&26.pdf,"Income statement, 'Revenue' - the group total, not a segment line",
E14,Prosus,FY2026,Total revenue,amount,1,have,157064749500.00,Prosus_-_25&26.pdf,"Income statement, 'Revenue' - the group total, not a segment line",
E15,Naspers,FY2024,Total revenue,amount,1,have,104078660900.00,Naspers_-_24&25.pdf,"Income statement, 'Revenue' - the group total, not a segment line",
E15,Naspers,FY2025,Total revenue,amount,1,have,116216585900.00,Naspers_-_24&25.pdf; Naspers_-_25&26.pdf,"Income statement, 'Revenue' - the group total, not a segment line",
E15,Naspers,FY2026,Total revenue,amount,1,have,175562947200.00,Naspers_-_25&26.pdf,"Income statement, 'Revenue' - the group total, not a segment line",
E16,MTN Group,FY2024,Total revenue,amount,1,have,188001000000.00,MTN_Group_-_23&24.pdf,"Income statement, 'Revenue' - the group total, not a segment line",
E16,MTN Group,FY2025,Total revenue,amount,1,have,226707000000.00,MTN_Group_-_23&24.pdf; MTN_Group_-_24&25.pdf,"Income statement, 'Revenue' - the group total, not a segment line",
E16,MTN Group,FY2026,Total revenue,amount,1,have,226707000000.00,MTN_Group_-_24&25.pdf,"Income statement, 'Revenue' - the group total, not a segment line",
E17,Vodacom Group,FY2024,Total revenue,amount,1,have,150594000000.00,Vodacom_Group_-_24&25.pdf,"Income statement, 'Revenue' - the group total, not a segment line",
E17,Vodacom Group,FY2025,Total revenue,amount,1,have,152227000000.00,Vodacom_Group_-_24&25.pdf; Vodacom_Group_-_25&26.pdf,"Income statement, 'Revenue' - the group total, not a segment line",
E17,Vodacom Group,FY2026,Total revenue,amount,1,have,167652000000.00,Vodacom_Group_-_25&26.pdf,"Income statement, 'Revenue' - the group total, not a segment line",
E18,The Bidvest Group,FY2024,Total revenue,amount,1,have,120708123000.00,The_Bidvest_Group_-_23&24.pdf; The_Bidvest_Group_-_24&25.pdf,"Income statement, 'Revenue' - the group total, not a segment line",
E18,The Bidvest Group,FY2025,Total revenue,amount,1,have,126605406000.00,The_Bidvest_Group_-_24&25.pdf,"Income statement, 'Revenue' - the group total, not a segment line",
E19,Aspen Pharmacare,FY2024,Total revenue,amount,1,have,44706000000.00,Aspen_Pharmacare_-_24&25.pdf,"Income statement, 'Revenue' - the group total, not a segment line",impossible Gross margin proxy (-0.11)
E19,Aspen Pharmacare,FY2025,Total revenue,amount,1,have,43363000000.00,Aspen_Pharmacare_-_24&25.pdf,"Income statement, 'Revenue' - the group total, not a segment line",impossible Gross margin proxy (-0.11)
E20,Shaftesbury Capital plc,FY2024,Total revenue,amount,1,have,4961879914.14,Shaftesbury_Capital_plc_-_23&24.pdf,"Income statement, 'Revenue' - the group total, not a segment line",
E20,Shaftesbury Capital plc,FY2025,Total revenue,amount,1,have,5336850000.00,Shaftesbury_Capital_plc_-_23&24.pdf; Shaftesbury_Capital_plc_-_24&25.pdf,"Income statement, 'Revenue' - the group total, not a segment line",
E20,Shaftesbury Capital plc,FY2026,Total revenue,amount,1,have,5219696660.01,Shaftesbury_Capital_plc_-_24&25.pdf,"Income statement, 'Revenue' - the group total, not a segment line",
E01,BHP Group,FY2024,Net cash from operating activities,amount,2,have,334979650000.00,BHB_group_mining_-_23-25.pdf,Cash flow statement subtotal,
E01,BHP Group,FY2024,Taxation paid,amount,2,have,-154375603200.00,BHB_group_mining_-_23-25.pdf,Cash flow statement 'taxation paid' - NOT the income statement charge,
E01,BHP Group,FY2025,Net cash from operating activities,amount,2,have,302997320000.00,BHB_group_mining_-_23-25.pdf,Cash flow statement subtotal,
E01,BHP Group,FY2025,Taxation paid,amount,2,have,-121260484800.00,BHB_group_mining_-_23-25.pdf,Cash flow statement 'taxation paid' - NOT the income statement charge,
E02,Glencore,FY2024,Net cash from operating activities,amount,2,have,162991550000.00,Glencore_mining_-_22&23.pdf,Cash flow statement subtotal,"implied coverage 1,497x outside plausible range"
E02,Glencore,FY2024,Taxation paid,amount,2,have,-105243901700.00,Glencore_mining_-_22&23.pdf,Cash flow statement 'taxation paid' - NOT the income statement charge,"implied coverage 1,497x outside plausible range"
E02,Glencore,FY2025,Net cash from operating activities,amount,2,have,91456820000.00,Glencore_mining_-_24&25.pdf,Cash flow statement subtotal,"implied coverage 1,497x outside plausible range"
E02,Glencore,FY2025,Taxation paid,amount,2,have,-26865274000.00,Glencore_mining_-_24&25.pdf,Cash flow statement 'taxation paid' - NOT the income statement charge,"implied coverage 1,497x outside plausible range"
E02,Glencore,FY2026,Net cash from operating activities,amount,2,suspect,,Glencore_mining_-_24&25.pdf,Cash flow statement subtotal,"implied coverage 1,497x outside plausible range"
E02,Glencore,FY2026,Taxation paid,amount,2,have,-31526237200.00,Glencore_mining_-_24&25.pdf,Cash flow statement 'taxation paid' - NOT the income statement charge,"implied coverage 1,497x outside plausible range"
E03,Anglo American,FY2024,Net cash from operating activities,amount,2,have,131349630000.00,Anglo_American_mining_-_22&23.pdf,Cash flow statement subtotal,
E03,Anglo American,FY2024,Taxation paid,amount,2,have,-37218600000.00,Anglo_American_mining_-_22&23.pdf,Cash flow statement 'taxation paid' - NOT the income statement charge,
E03,Anglo American,FY2025,Net cash from operating activities,amount,2,have,89333310000.00,Anglo_American_mining_-_24&25.pdf,Cash flow statement subtotal,
E03,Anglo American,FY2025,Taxation paid,amount,2,have,-23062603200.00,Anglo_American_mining_-_24&25.pdf,Cash flow statement 'taxation paid' - NOT the income statement charge,
E03,Anglo American,FY2026,Net cash from operating activities,amount,2,have,,Anglo_American_mining_-_24&25.pdf,Cash flow statement subtotal,
E03,Anglo American,FY2026,Taxation paid,amount,2,have,-21478766400.00,Anglo_American_mining_-_24&25.pdf,Cash flow statement 'taxation paid' - NOT the income statement charge,
E04,AngloGold Ashanti,FY2024,Net cash from operating activities,amount,2,have,15434328000.00,AngloGold_Ashanti_-_23-25.pdf,Cash flow statement subtotal,
E04,AngloGold Ashanti,FY2024,Taxation paid,amount,2,have,-1874745600.00,AngloGold_Ashanti_-_23-25.pdf,Cash flow statement 'taxation paid' - NOT the income statement charge,
E04,AngloGold Ashanti,FY2025,Net cash from operating activities,amount,2,have,22577755200.00,AngloGold_Ashanti_-_23-25.pdf,Cash flow statement subtotal,
E04,AngloGold Ashanti,FY2025,Taxation paid,amount,2,have,-3054542400.00,AngloGold_Ashanti_-_23-25.pdf,Cash flow statement 'taxation paid' - NOT the income statement charge,
E04,AngloGold Ashanti,FY2026,Net cash from operating activities,amount,2,have,46577731200.00,AngloGold_Ashanti_-_23-25.pdf,Cash flow statement subtotal,
E04,AngloGold Ashanti,FY2026,Taxation paid,amount,2,have,-12250492800.00,AngloGold_Ashanti_-_23-25.pdf,Cash flow statement 'taxation paid' - NOT the income statement charge,
E05,Gold Fields,FY2024,Net cash from operating activities,amount,2,have,19335288000.00,Gold_Fields_mining_-_23-25.pdf,Cash flow statement subtotal,
E05,Gold Fields,FY2024,Taxation paid,amount,2,have,-6837378000.00,Gold_Fields_mining_-_23-25.pdf,Cash flow statement 'taxation paid' - NOT the income statement charge,
E05,Gold Fields,FY2025,Net cash from operating activities,amount,2,have,26049470000.00,Gold_Fields_mining_-_23-25.pdf,Cash flow statement subtotal,
E05,Gold Fields,FY2025,Taxation paid,amount,2,have,-8518355000.00,Gold_Fields_mining_-_23-25.pdf,Cash flow statement 'taxation paid' - NOT the income statement charge,
E05,Gold Fields,FY2026,Net cash from operating activities,amount,2,have,61147362000.00,Gold_Fields_mining_-_23-25.pdf,Cash flow statement subtotal,
E05,Gold Fields,FY2026,Taxation paid,amount,2,have,-12801037000.00,Gold_Fields_mining_-_23-25.pdf,Cash flow statement 'taxation paid' - NOT the income statement charge,
E06,Valterra Platinum,FY2025,Net cash from operating activities,amount,2,have,28853000000.00,Valterra_Platinum_mining_-_24&25.pdf,Cash flow statement subtotal,
E06,Valterra Platinum,FY2025,Taxation paid,amount,2,have,-2182000000.00,Valterra_Platinum_mining_-_24&25.pdf,Cash flow statement 'taxation paid' - NOT the income statement charge,
E06,Valterra Platinum,FY2026,Net cash from operating activities,amount,2,have,,Valterra_Platinum_mining_-_24&25.pdf,Cash flow statement subtotal,
E06,Valterra Platinum,FY2026,Taxation paid,amount,2,have,-4420000000.00,Valterra_Platinum_mining_-_24&25.pdf,Cash flow statement 'taxation paid' - NOT the income statement charge,
E07,OUTsurance Group,FY2024,Net cash from operating activities,amount,2,missing,,Outsurance_group_-_23-24.pdf; Outsurance_group_-_24&25.pdf,Cash flow statement subtotal,
E07,OUTsurance Group,FY2024,Taxation paid,amount,2,missing,,Outsurance_group_-_23-24.pdf; Outsurance_group_-_24&25.pdf,Cash flow statement 'taxation paid' - NOT the income statement charge,
E07,OUTsurance Group,FY2025,Net cash from operating activities,amount,2,missing,,Outsurance_group_-_24&25.pdf,Cash flow statement subtotal,
E07,OUTsurance Group,FY2025,Taxation paid,amount,2,missing,,Outsurance_group_-_24&25.pdf,Cash flow statement 'taxation paid' - NOT the income statement charge,
E08,Sanlam,FY2024,Net cash from operating activities,amount,2,missing,,Sanlam_23&24.pdf,Cash flow statement subtotal,
E08,Sanlam,FY2024,Taxation paid,amount,2,missing,,Sanlam_23&24.pdf,Cash flow statement 'taxation paid' - NOT the income statement charge,
E08,Sanlam,FY2025,Net cash from operating activities,amount,2,missing,,Sanlam_23&24.pdf,Cash flow statement subtotal,
E08,Sanlam,FY2025,Taxation paid,amount,2,missing,,Sanlam_23&24.pdf,Cash flow statement 'taxation paid' - NOT the income statement charge,
E09,Shoprite Holdings,FY2024,Net cash from operating activities,amount,2,have,13841000000.00,Shopright_-_23&24.pdf; Shopright_Holdings_-_24&25.pdf,Cash flow statement subtotal,
E09,Shoprite Holdings,FY2024,Taxation paid,amount,2,have,-3519000000.00,Shopright_-_23&24.pdf; Shopright_Holdings_-_24&25.pdf,Cash flow statement 'taxation paid' - NOT the income statement charge,
E09,Shoprite Holdings,FY2025,Net cash from operating activities,amount,2,have,10984000000.00,Shopright_Holdings_-_24&25.pdf,Cash flow statement subtotal,
E09,Shoprite Holdings,FY2025,Taxation paid,amount,2,have,-3366000000.00,Shopright_Holdings_-_24&25.pdf,Cash flow statement 'taxation paid' - NOT the income statement charge,
E10,Bid Corporation,FY2024,Net cash from operating activities,amount,2,have,11559188000.00,Bid_Corporation_-_24&25.pdf,Cash flow statement subtotal,
E10,Bid Corporation,FY2024,Taxation paid,amount,2,have,-2602108000.00,Bid_Corporation_-_24&25.pdf,Cash flow statement 'taxation paid' - NOT the income statement charge,
E10,Bid Corporation,FY2025,Net cash from operating activities,amount,2,have,117676619000.00,Bid_Corporation_-_24&25.pdf,Cash flow statement subtotal,
E10,Bid Corporation,FY2025,Taxation paid,amount,2,have,-2803668000.00,Bid_Corporation_-_24&25.pdf,Cash flow statement 'taxation paid' - NOT the income statement charge,
E11,Pepkor Holdings,FY2024,Net cash from operating activities,amount,2,have,6167000000.00,Pepkor_Holdings_-_23&24.pdf,Cash flow statement subtotal,
E11,Pepkor Holdings,FY2024,Taxation paid,amount,2,have,-1181000000.00,Pepkor_Holdings_-_23&24.pdf,Cash flow statement 'taxation paid' - NOT the income statement charge,
E11,Pepkor Holdings,FY2025,Net cash from operating activities,amount,2,have,4466000000.00,Pepkor_Holdings_-_23&24.pdf; Pepkor_Holdings_-_24&25.pdf,Cash flow statement subtotal,
E11,Pepkor Holdings,FY2025,Taxation paid,amount,2,have,-1860000000.00,Pepkor_Holdings_-_23&24.pdf; Pepkor_Holdings_-_24&25.pdf,Cash flow statement 'taxation paid' - NOT the income statement charge,
E12,Clicks Group,FY2024,Net cash from operating activities,amount,2,have,3006144000000.00,Clicks_group_-_23&24.pdf,Cash flow statement subtotal,
E12,Clicks Group,FY2024,Taxation paid,amount,2,have,-1068149000000.00,Clicks_group_-_23&24.pdf,Cash flow statement 'taxation paid' - NOT the income statement charge,
E12,Clicks Group,FY2025,Net cash from operating activities,amount,2,have,3329892000000.00,Clicks_group_-_23&24.pdf,Cash flow statement subtotal,
E12,Clicks Group,FY2025,Taxation paid,amount,2,have,-1166561000000.00,Clicks_group_-_23&24.pdf,Cash flow statement 'taxation paid' - NOT the income statement charge,
E13,NEPI Rockcastle,FY2024,Net cash from operating activities,amount,2,have,80116890700.00,NEPI_Rockcastle_-_23&24.pdf; NEPI_Rockcastle_-_23&24_(1).pdf,Cash flow statement subtotal,
E13,NEPI Rockcastle,FY2024,Taxation paid,amount,2,have,-605240000000.00,NEPI_Rockcastle_-_23&24.pdf; NEPI_Rockcastle_-_23&24_(1).pdf,Cash flow statement 'taxation paid' - NOT the income statement charge,
E13,NEPI Rockcastle,FY2025,Net cash from operating activities,amount,2,have,8453683700000.00,NEPI_Rockcastle_-_23&24.pdf; NEPI_Rockcastle_-_23&24_(1).pdf; NEPI_Rockcastle_-_24&25.pdf,Cash flow statement subtotal,
E13,NEPI Rockcastle,FY2025,Taxation paid,amount,2,have,-567281200000.00,NEPI_Rockcastle_-_23&24.pdf; NEPI_Rockcastle_-_23&24_(1).pdf; NEPI_Rockcastle_-_24&25.pdf,Cash flow statement 'taxation paid' - NOT the income statement charge,
E13,NEPI Rockcastle,FY2026,Net cash from operating activities,amount,2,have,9343109400000.00,NEPI_Rockcastle_-_24&25.pdf,Cash flow statement subtotal,
E13,NEPI Rockcastle,FY2026,Taxation paid,amount,2,have,-694178800000.00,NEPI_Rockcastle_-_24&25.pdf,Cash flow statement 'taxation paid' - NOT the income statement charge,
E14,Prosus,FY2024,Net cash from operating activities,amount,2,have,11141400000.00,Prosus_-_24&25.pdf,Cash flow statement subtotal,
E14,Prosus,FY2024,Taxation paid,amount,2,have,-2064600000.00,Prosus_-_24&25.pdf,Cash flow statement 'taxation paid' - NOT the income statement charge,
E14,Prosus,FY2025,Net cash from operating activities,amount,2,have,34944000000.00,Prosus_-_24&25.pdf; Prosus_-_25&26.pdf,Cash flow statement subtotal,
E14,Prosus,FY2025,Taxation paid,amount,2,have,-2511600000.00,Prosus_-_24&25.pdf; Prosus_-_25&26.pdf,Cash flow statement 'taxation paid' - NOT the income statement charge,
E14,Prosus,FY2026,Net cash from operating activities,amount,2,have,28801100000.00,Prosus_-_25&26.pdf,Cash flow statement subtotal,
E14,Prosus,FY2026,Taxation paid,amount,2,missing,,Prosus_-_25&26.pdf,Cash flow statement 'taxation paid' - NOT the income statement charge,
E15,Naspers,FY2024,Net cash from operating activities,amount,2,have,144000000.00,Naspers_-_24&25.pdf,Cash flow statement subtotal,
E15,Naspers,FY2024,Taxation paid,amount,2,have,-144000000.00,Naspers_-_24&25.pdf,Cash flow statement 'taxation paid' - NOT the income statement charge,
E15,Naspers,FY2025,Net cash from operating activities,amount,2,have,610000000.00,Naspers_-_24&25.pdf; Naspers_-_25&26.pdf,Cash flow statement subtotal,
E15,Naspers,FY2025,Taxation paid,amount,2,have,-113000000.00,Naspers_-_24&25.pdf; Naspers_-_25&26.pdf,Cash flow statement 'taxation paid' - NOT the income statement charge,
E15,Naspers,FY2026,Net cash from operating activities,amount,2,have,519000000.00,Naspers_-_25&26.pdf,Cash flow statement subtotal,
E15,Naspers,FY2026,Taxation paid,amount,2,have,-252000000.00,Naspers_-_25&26.pdf,Cash flow statement 'taxation paid' - NOT the income statement charge,
E16,MTN Group,FY2024,Net cash from operating activities,amount,2,have,64058000000.00,MTN_Group_-_23&24.pdf,Cash flow statement subtotal,
E16,MTN Group,FY2024,Taxation paid,amount,2,have,-15824000000.00,MTN_Group_-_23&24.pdf,Cash flow statement 'taxation paid' - NOT the income statement charge,
E16,MTN Group,FY2025,Net cash from operating activities,amount,2,have,46814000000.00,MTN_Group_-_23&24.pdf; MTN_Group_-_24&25.pdf,Cash flow statement subtotal,
E16,MTN Group,FY2025,Taxation paid,amount,2,have,-10152000000.00,MTN_Group_-_23&24.pdf; MTN_Group_-_24&25.pdf,Cash flow statement 'taxation paid' - NOT the income statement charge,
E16,MTN Group,FY2026,Net cash from operating activities,amount,2,have,77944000000.00,MTN_Group_-_24&25.pdf,Cash flow statement subtotal,
E16,MTN Group,FY2026,Taxation paid,amount,2,have,-12120000000.00,MTN_Group_-_24&25.pdf,Cash flow statement 'taxation paid' - NOT the income statement charge,
E17,Vodacom Group,FY2024,Net cash from operating activities,amount,2,have,57123000000.00,Vodacom_Group_-_24&25.pdf,Cash flow statement subtotal,
E17,Vodacom Group,FY2024,Taxation paid,amount,2,have,-8112000000.00,Vodacom_Group_-_24&25.pdf,Cash flow statement 'taxation paid' - NOT the income statement charge,
E17,Vodacom Group,FY2025,Net cash from operating activities,amount,2,have,60865000000.00,Vodacom_Group_-_24&25.pdf; Vodacom_Group_-_25&26.pdf,Cash flow statement subtotal,
E17,Vodacom Group,FY2025,Taxation paid,amount,2,have,-8066000000.00,Vodacom_Group_-_24&25.pdf; Vodacom_Group_-_25&26.pdf,Cash flow statement 'taxation paid' - NOT the income statement charge,
E17,Vodacom Group,FY2026,Net cash from operating activities,amount,2,have,65837000000.00,Vodacom_Group_-_25&26.pdf,Cash flow statement subtotal,
E17,Vodacom Group,FY2026,Taxation paid,amount,2,have,-9818000000.00,Vodacom_Group_-_25&26.pdf,Cash flow statement 'taxation paid' - NOT the income statement charge,
E18,The Bidvest Group,FY2024,Net cash from operating activities,amount,2,have,5998996000.00,The_Bidvest_Group_-_23&24.pdf; The_Bidvest_Group_-_24&25.pdf,Cash flow statement subtotal,
E18,The Bidvest Group,FY2024,Taxation paid,amount,2,have,-2226713000.00,The_Bidvest_Group_-_23&24.pdf; The_Bidvest_Group_-_24&25.pdf,Cash flow statement 'taxation paid' - NOT the income statement charge,
E18,The Bidvest Group,FY2025,Net cash from operating activities,amount,2,have,6230717000.00,The_Bidvest_Group_-_24&25.pdf,Cash flow statement subtotal,
E18,The Bidvest Group,FY2025,Taxation paid,amount,2,have,-2487162000.00,The_Bidvest_Group_-_24&25.pdf,Cash flow statement 'taxation paid' - NOT the income statement charge,
E19,Aspen Pharmacare,FY2024,Net cash from operating activities,amount,2,have,6225000000.00,Aspen_Pharmacare_-_24&25.pdf,Cash flow statement subtotal,impossible Gross margin proxy (-0.11)
E19,Aspen Pharmacare,FY2024,Taxation paid,amount,2,have,-2149000000.00,Aspen_Pharmacare_-_24&25.pdf,Cash flow statement 'taxation paid' - NOT the income statement charge,impossible Gross margin proxy (-0.11)
E19,Aspen Pharmacare,FY2025,Net cash from operating activities,amount,2,have,5159000000.00,Aspen_Pharmacare_-_24&25.pdf,Cash flow statement subtotal,impossible Gross margin proxy (-0.11)
E19,Aspen Pharmacare,FY2025,Taxation paid,amount,2,have,-1757000000.00,Aspen_Pharmacare_-_24&25.pdf,Cash flow statement 'taxation paid' - NOT the income statement charge,impossible Gross margin proxy (-0.11)
E20,Shaftesbury Capital plc,FY2024,Net cash from operating activities,amount,2,have,697320000.00,Shaftesbury_Capital_plc_-_23&24.pdf,Cash flow statement subtotal,
E20,Shaftesbury Capital plc,FY2024,Taxation paid,amount,2,missing,,Shaftesbury_Capital_plc_-_23&24.pdf,Cash flow statement 'taxation paid' - NOT the income statement charge,
E20,Shaftesbury Capital plc,FY2025,Net cash from operating activities,amount,2,have,2554450000.00,Shaftesbury_Capital_plc_-_23&24.pdf; Shaftesbury_Capital_plc_-_24&25.pdf,Cash flow statement subtotal,
E20,Shaftesbury Capital plc,FY2025,Taxation paid,amount,2,missing,,Shaftesbury_Capital_plc_-_23&24.pdf; Shaftesbury_Capital_plc_-_24&25.pdf,Cash flow statement 'taxation paid' - NOT the income statement charge,
E20,Shaftesbury Capital plc,FY2026,Net cash from operating activities,amount,2,have,3884920000.00,Shaftesbury_Capital_plc_-_24&25.pdf,Cash flow statement subtotal,
E20,Shaftesbury Capital plc,FY2026,Taxation paid,amount,2,missing,,Shaftesbury_Capital_plc_-_24&25.pdf,Cash flow statement 'taxation paid' - NOT the income statement charge,
E01,BHP Group,FY2024,Cost of sales and supplier payments,amount,3,have,-595717500000.00,BHB_group_mining_-_23-25.pdf,"Cost of sales; if not disclosed, direct + other operating expenses",
E01,BHP Group,FY2024,Employee costs,amount,3,missing,,BHB_group_mining_-_23-25.pdf,"'Staff expenses' / employee benefits - often a note, not the face",
E01,BHP Group,FY2025,Cost of sales and supplier payments,amount,3,have,-523890990000.00,BHB_group_mining_-_23-25.pdf,"Cost of sales; if not disclosed, direct + other operating expenses",
E01,BHP Group,FY2025,Employee costs,amount,3,missing,,BHB_group_mining_-_23-25.pdf,"'Staff expenses' / employee benefits - often a note, not the face",
E02,Glencore,FY2024,Cost of sales and supplier payments,amount,3,have,-3635805740000.00,Glencore_mining_-_22&23.pdf,"Cost of sales; if not disclosed, direct + other operating expenses","implied coverage 1,497x outside plausible range"
E02,Glencore,FY2024,Employee costs,amount,3,missing,,Glencore_mining_-_22&23.pdf,"'Staff expenses' / employee benefits - often a note, not the face","implied coverage 1,497x outside plausible range"
E02,Glencore,FY2025,Cost of sales and supplier payments,amount,3,have,-3917503120000.00,Glencore_mining_-_24&25.pdf,"Cost of sales; if not disclosed, direct + other operating expenses","implied coverage 1,497x outside plausible range"
E02,Glencore,FY2025,Employee costs,amount,3,missing,,Glencore_mining_-_24&25.pdf,"'Staff expenses' / employee benefits - often a note, not the face","implied coverage 1,497x outside plausible range"
E03,Anglo American,FY2024,Cost of sales and supplier payments,amount,3,have,-303451200000.00,Anglo_American_mining_-_22&23.pdf,"Cost of sales; if not disclosed, direct + other operating expenses",
E03,Anglo American,FY2024,Employee costs,amount,3,missing,,Anglo_American_mining_-_22&23.pdf,"'Staff expenses' / employee benefits - often a note, not the face",
E03,Anglo American,FY2025,Cost of sales and supplier payments,amount,3,have,-278714740000.00,Anglo_American_mining_-_24&25.pdf,"Cost of sales; if not disclosed, direct + other operating expenses",
E03,Anglo American,FY2025,Employee costs,amount,3,missing,,Anglo_American_mining_-_24&25.pdf,"'Staff expenses' / employee benefits - often a note, not the face",
E03,Anglo American,FY2026,Cost of sales and supplier payments,amount,3,missing,,Anglo_American_mining_-_24&25.pdf,"Cost of sales; if not disclosed, direct + other operating expenses",
E03,Anglo American,FY2026,Employee costs,amount,3,missing,,Anglo_American_mining_-_24&25.pdf,"'Staff expenses' / employee benefits - often a note, not the face",
E04,AngloGold Ashanti,FY2024,Cost of sales and supplier payments,amount,3,have,-57399610000.00,AngloGold_Ashanti_-_23-25.pdf,"Cost of sales; if not disclosed, direct + other operating expenses",
E04,AngloGold Ashanti,FY2024,Employee costs,amount,3,missing,,AngloGold_Ashanti_-_23-25.pdf,"'Staff expenses' / employee benefits - often a note, not the face",
E04,AngloGold Ashanti,FY2025,Cost of sales and supplier payments,amount,3,have,-60398460000.00,AngloGold_Ashanti_-_23-25.pdf,"Cost of sales; if not disclosed, direct + other operating expenses",
E04,AngloGold Ashanti,FY2025,Employee costs,amount,3,missing,,AngloGold_Ashanti_-_23-25.pdf,"'Staff expenses' / employee benefits - often a note, not the face",
E04,AngloGold Ashanti,FY2026,Cost of sales and supplier payments,amount,3,have,-81406620000.00,AngloGold_Ashanti_-_23-25.pdf,"Cost of sales; if not disclosed, direct + other operating expenses",
E04,AngloGold Ashanti,FY2026,Employee costs,amount,3,missing,,AngloGold_Ashanti_-_23-25.pdf,"'Staff expenses' / employee benefits - often a note, not the face",
E05,Gold Fields,FY2024,Cost of sales and supplier payments,amount,3,have,-44528870000.00,Gold_Fields_mining_-_23-25.pdf,"Cost of sales; if not disclosed, direct + other operating expenses",
E05,Gold Fields,FY2024,Employee costs,amount,3,missing,,Gold_Fields_mining_-_23-25.pdf,"'Staff expenses' / employee benefits - often a note, not the face",
E05,Gold Fields,FY2025,Cost of sales and supplier payments,amount,3,have,-46085030000.00,Gold_Fields_mining_-_23-25.pdf,"Cost of sales; if not disclosed, direct + other operating expenses",
E05,Gold Fields,FY2025,Employee costs,amount,3,missing,,Gold_Fields_mining_-_23-25.pdf,"'Staff expenses' / employee benefits - often a note, not the face",
E05,Gold Fields,FY2026,Cost of sales and supplier payments,amount,3,have,-59652800000.00,Gold_Fields_mining_-_23-25.pdf,"Cost of sales; if not disclosed, direct + other operating expenses",
E05,Gold Fields,FY2026,Employee costs,amount,3,missing,,Gold_Fields_mining_-_23-25.pdf,"'Staff expenses' / employee benefits - often a note, not the face",
E06,Valterra Platinum,FY2024,Cost of sales and supplier payments,amount,3,have,-90769000000.00,Valterra_Platinum_mining_-_24&25.pdf,"Cost of sales; if not disclosed, direct + other operating expenses",
E06,Valterra Platinum,FY2024,Employee costs,amount,3,missing,,Valterra_Platinum_mining_-_24&25.pdf,"'Staff expenses' / employee benefits - often a note, not the face",
E06,Valterra Platinum,FY2025,Cost of sales and supplier payments,amount,3,have,-87772000000.00,Valterra_Platinum_mining_-_24&25.pdf,"Cost of sales; if not disclosed, direct + other operating expenses",
E06,Valterra Platinum,FY2025,Employee costs,amount,3,missing,,Valterra_Platinum_mining_-_24&25.pdf,"'Staff expenses' / employee benefits - often a note, not the face",
E07,OUTsurance Group,FY2024,Cost of sales and supplier payments,amount,3,have,-24977000000.00,Outsurance_group_-_23-24.pdf; Outsurance_group_-_24&25.pdf,"Cost of sales; if not disclosed, direct + other operating expenses",
E07,OUTsurance Group,FY2024,Employee costs,amount,3,missing,,Outsurance_group_-_23-24.pdf; Outsurance_group_-_24&25.pdf,"'Staff expenses' / employee benefits - often a note, not the face",
E07,OUTsurance Group,FY2025,Cost of sales and supplier payments,amount,3,have,-28668000000.00,Outsurance_group_-_24&25.pdf,"Cost of sales; if not disclosed, direct + other operating expenses",
E07,OUTsurance Group,FY2025,Employee costs,amount,3,missing,,Outsurance_group_-_24&25.pdf,"'Staff expenses' / employee benefits - often a note, not the face",
E08,Sanlam,FY2024,Cost of sales and supplier payments,amount,3,have,,Sanlam_23&24.pdf,"Cost of sales; if not disclosed, direct + other operating expenses",
E08,Sanlam,FY2024,Employee costs,amount,3,missing,,Sanlam_23&24.pdf,"'Staff expenses' / employee benefits - often a note, not the face",
E08,Sanlam,FY2025,Cost of sales and supplier payments,amount,3,have,,Sanlam_23&24.pdf,"Cost of sales; if not disclosed, direct + other operating expenses",
E08,Sanlam,FY2025,Employee costs,amount,3,missing,,Sanlam_23&24.pdf,"'Staff expenses' / employee benefits - often a note, not the face",
E09,Shoprite Holdings,FY2024,Cost of sales and supplier payments,amount,3,have,-176549000000.00,Shopright_-_23&24.pdf; Shopright_Holdings_-_24&25.pdf,"Cost of sales; if not disclosed, direct + other operating expenses",
E09,Shoprite Holdings,FY2024,Employee costs,amount,3,missing,,Shopright_-_23&24.pdf; Shopright_Holdings_-_24&25.pdf,"'Staff expenses' / employee benefits - often a note, not the face",
E09,Shoprite Holdings,FY2025,Cost of sales and supplier payments,amount,3,have,-191259000000.00,Shopright_Holdings_-_24&25.pdf,"Cost of sales; if not disclosed, direct + other operating expenses",
E09,Shoprite Holdings,FY2025,Employee costs,amount,3,missing,,Shopright_Holdings_-_24&25.pdf,"'Staff expenses' / employee benefits - often a note, not the face",
E10,Bid Corporation,FY2024,Cost of sales and supplier payments,amount,3,have,-171444523000.00,Bid_Corporation_-_24&25.pdf,"Cost of sales; if not disclosed, direct + other operating expenses",
E10,Bid Corporation,FY2024,Employee costs,amount,3,missing,,Bid_Corporation_-_24&25.pdf,"'Staff expenses' / employee benefits - often a note, not the face",
E10,Bid Corporation,FY2025,Cost of sales and supplier payments,amount,3,have,-177918144000.00,Bid_Corporation_-_24&25.pdf,"Cost of sales; if not disclosed, direct + other operating expenses",
E10,Bid Corporation,FY2025,Employee costs,amount,3,missing,,Bid_Corporation_-_24&25.pdf,"'Staff expenses' / employee benefits - often a note, not the face",
E11,Pepkor Holdings,FY2024,Cost of sales and supplier payments,amount,3,have,-50226000000.00,Pepkor_Holdings_-_23&24.pdf,"Cost of sales; if not disclosed, direct + other operating expenses",
E11,Pepkor Holdings,FY2024,Employee costs,amount,3,missing,,Pepkor_Holdings_-_23&24.pdf,"'Staff expenses' / employee benefits - often a note, not the face",
E11,Pepkor Holdings,FY2025,Cost of sales and supplier payments,amount,3,have,-52527000000.00,Pepkor_Holdings_-_23&24.pdf; Pepkor_Holdings_-_24&25.pdf,"Cost of sales; if not disclosed, direct + other operating expenses",
E11,Pepkor Holdings,FY2025,Employee costs,amount,3,missing,,Pepkor_Holdings_-_23&24.pdf; Pepkor_Holdings_-_24&25.pdf,"'Staff expenses' / employee benefits - often a note, not the face",
E11,Pepkor Holdings,FY2026,Cost of sales and supplier payments,amount,3,have,-57388000000.00,Pepkor_Holdings_-_24&25.pdf,"Cost of sales; if not disclosed, direct + other operating expenses",
E11,Pepkor Holdings,FY2026,Employee costs,amount,3,missing,,Pepkor_Holdings_-_24&25.pdf,"'Staff expenses' / employee benefits - often a note, not the face",
E12,Clicks Group,FY2024,Cost of sales and supplier payments,amount,3,have,-32307830000.00,Clicks_group_-_23&24.pdf,"Cost of sales; if not disclosed, direct + other operating expenses",
E12,Clicks Group,FY2024,Employee costs,amount,3,missing,,Clicks_group_-_23&24.pdf,"'Staff expenses' / employee benefits - often a note, not the face",
E12,Clicks Group,FY2025,Cost of sales and supplier payments,amount,3,have,-34805221000.00,Clicks_group_-_23&24.pdf,"Cost of sales; if not disclosed, direct + other operating expenses",
E12,Clicks Group,FY2025,Employee costs,amount,3,missing,,Clicks_group_-_23&24.pdf,"'Staff expenses' / employee benefits - often a note, not the face",
E13,NEPI Rockcastle,FY2024,Cost of sales and supplier payments,amount,3,have,-5215244110.00,NEPI_Rockcastle_-_23&24.pdf; NEPI_Rockcastle_-_23&24_(1).pdf,"Cost of sales; if not disclosed, direct + other operating expenses",
E13,NEPI Rockcastle,FY2024,Employee costs,amount,3,missing,,NEPI_Rockcastle_-_23&24.pdf; NEPI_Rockcastle_-_23&24_(1).pdf,"'Staff expenses' / employee benefits - often a note, not the face",
E13,NEPI Rockcastle,FY2025,Cost of sales and supplier payments,amount,3,have,-5693995590.00,NEPI_Rockcastle_-_23&24.pdf; NEPI_Rockcastle_-_23&24_(1).pdf; NEPI_Rockcastle_-_24&25.pdf,"Cost of sales; if not disclosed, direct + other operating expenses",
E13,NEPI Rockcastle,FY2025,Employee costs,amount,3,missing,,NEPI_Rockcastle_-_23&24.pdf; NEPI_Rockcastle_-_23&24_(1).pdf; NEPI_Rockcastle_-_24&25.pdf,"'Staff expenses' / employee benefits - often a note, not the face",
E14,Prosus,FY2024,Cost of sales and supplier payments,amount,3,missing,-91132620000.00,Prosus_-_24&25.pdf,"Cost of sales; if not disclosed, direct + other operating expenses",
E14,Prosus,FY2024,Employee costs,amount,3,missing,,Prosus_-_24&25.pdf,"'Staff expenses' / employee benefits - often a note, not the face",
E14,Prosus,FY2025,Cost of sales and supplier payments,amount,3,have,-97405890000.00,Prosus_-_24&25.pdf; Prosus_-_25&26.pdf,"Cost of sales; if not disclosed, direct + other operating expenses",
E14,Prosus,FY2025,Employee costs,amount,3,missing,,Prosus_-_24&25.pdf; Prosus_-_25&26.pdf,"'Staff expenses' / employee benefits - often a note, not the face",
E14,Prosus,FY2026,Cost of sales and supplier payments,amount,3,have,-152390210000.00,Prosus_-_25&26.pdf,"Cost of sales; if not disclosed, direct + other operating expenses",
E14,Prosus,FY2026,Employee costs,amount,3,missing,,Prosus_-_25&26.pdf,"'Staff expenses' / employee benefits - often a note, not the face",
E15,Naspers,FY2024,Cost of sales and supplier payments,amount,3,have,-107196730000.00,Naspers_-_24&25.pdf,"Cost of sales; if not disclosed, direct + other operating expenses",
E15,Naspers,FY2024,Employee costs,amount,3,missing,,Naspers_-_24&25.pdf,"'Staff expenses' / employee benefits - often a note, not the face",
E15,Naspers,FY2025,Cost of sales and supplier payments,amount,3,have,-114475020000.00,Naspers_-_24&25.pdf; Naspers_-_25&26.pdf,"Cost of sales; if not disclosed, direct + other operating expenses",
E15,Naspers,FY2025,Employee costs,amount,3,missing,,Naspers_-_24&25.pdf; Naspers_-_25&26.pdf,"'Staff expenses' / employee benefits - often a note, not the face",
E15,Naspers,FY2026,Cost of sales and supplier payments,amount,3,have,-171323490000.00,Naspers_-_25&26.pdf,"Cost of sales; if not disclosed, direct + other operating expenses",
E15,Naspers,FY2026,Employee costs,amount,3,missing,,Naspers_-_25&26.pdf,"'Staff expenses' / employee benefits - often a note, not the face",
E16,MTN Group,FY2024,Cost of sales and supplier payments,amount,3,have,-35857000000.00,MTN_Group_-_23&24.pdf,"Cost of sales; if not disclosed, direct + other operating expenses",
E16,MTN Group,FY2024,Employee costs,amount,3,have,-14067000000.00,MTN_Group_-_23&24.pdf,"'Staff expenses' / employee benefits - often a note, not the face",
E16,MTN Group,FY2025,Cost of sales and supplier payments,amount,3,have,-37560000000.00,MTN_Group_-_23&24.pdf; MTN_Group_-_24&25.pdf,"Cost of sales; if not disclosed, direct + other operating expenses",
E16,MTN Group,FY2025,Employee costs,amount,3,have,-16670000000.00,MTN_Group_-_23&24.pdf; MTN_Group_-_24&25.pdf,"'Staff expenses' / employee benefits - often a note, not the face",
E16,MTN Group,FY2026,Cost of sales and supplier payments,amount,3,missing,,MTN_Group_-_24&25.pdf,"Cost of sales; if not disclosed, direct + other operating expenses",
E16,MTN Group,FY2026,Employee costs,amount,3,missing,,MTN_Group_-_24&25.pdf,"'Staff expenses' / employee benefits - often a note, not the face",
E17,Vodacom Group,FY2024,Cost of sales and supplier payments,amount,3,have,-57700000000.00,Vodacom_Group_-_24&25.pdf,"Cost of sales; if not disclosed, direct + other operating expenses",
E17,Vodacom Group,FY2024,Employee costs,amount,3,have,-10136000000.00,Vodacom_Group_-_24&25.pdf,"'Staff expenses' / employee benefits - often a note, not the face",
E17,Vodacom Group,FY2025,Cost of sales and supplier payments,amount,3,have,-59340000000.00,Vodacom_Group_-_24&25.pdf; Vodacom_Group_-_25&26.pdf,"Cost of sales; if not disclosed, direct + other operating expenses",
E17,Vodacom Group,FY2025,Employee costs,amount,3,have,-10435000000.00,Vodacom_Group_-_24&25.pdf; Vodacom_Group_-_25&26.pdf,"'Staff expenses' / employee benefits - often a note, not the face",
E17,Vodacom Group,FY2026,Cost of sales and supplier payments,amount,3,have,-64262000000.00,Vodacom_Group_-_25&26.pdf,"Cost of sales; if not disclosed, direct + other operating expenses",
E17,Vodacom Group,FY2026,Employee costs,amount,3,have,-11082000000.00,Vodacom_Group_-_25&26.pdf,"'Staff expenses' / employee benefits - often a note, not the face",
E18,The Bidvest Group,FY2024,Cost of sales and supplier payments,amount,3,have,-87087926000.00,The_Bidvest_Group_-_23&24.pdf; The_Bidvest_Group_-_24&25.pdf,"Cost of sales; if not disclosed, direct + other operating expenses",
E18,The Bidvest Group,FY2024,Employee costs,amount,3,missing,,The_Bidvest_Group_-_23&24.pdf; The_Bidvest_Group_-_24&25.pdf,"'Staff expenses' / employee benefits - often a note, not the face",
E18,The Bidvest Group,FY2025,Cost of sales and supplier payments,amount,3,have,-91540464000.00,The_Bidvest_Group_-_24&25.pdf,"Cost of sales; if not disclosed, direct + other operating expenses",
E18,The Bidvest Group,FY2025,Employee costs,amount,3,missing,,The_Bidvest_Group_-_24&25.pdf,"'Staff expenses' / employee benefits - often a note, not the face",
E19,Aspen Pharmacare,FY2024,Cost of sales and supplier payments,amount,3,have,-25252000000.00,Aspen_Pharmacare_-_24&25.pdf,"Cost of sales; if not disclosed, direct + other operating expenses",impossible Gross margin proxy (-0.11)
E19,Aspen Pharmacare,FY2024,Employee costs,amount,3,missing,,Aspen_Pharmacare_-_24&25.pdf,"'Staff expenses' / employee benefits - often a note, not the face",impossible Gross margin proxy (-0.11)
E19,Aspen Pharmacare,FY2025,Cost of sales and supplier payments,amount,3,have,-24234000000.00,Aspen_Pharmacare_-_24&25.pdf,"Cost of sales; if not disclosed, direct + other operating expenses",impossible Gross margin proxy (-0.11)
E19,Aspen Pharmacare,FY2025,Employee costs,amount,3,missing,,Aspen_Pharmacare_-_24&25.pdf,"'Staff expenses' / employee benefits - often a note, not the face",impossible Gross margin proxy (-0.11)
E20,Shaftesbury Capital plc,FY2024,Cost of sales and supplier payments,amount,3,have,-1312800000.00,Shaftesbury_Capital_plc_-_23&24.pdf,"Cost of sales; if not disclosed, direct + other operating expenses",
E20,Shaftesbury Capital plc,FY2024,Employee costs,amount,3,missing,,Shaftesbury_Capital_plc_-_23&24.pdf,"'Staff expenses' / employee benefits - often a note, not the face",
E20,Shaftesbury Capital plc,FY2025,Cost of sales and supplier payments,amount,3,have,-1339056000.00,Shaftesbury_Capital_plc_-_23&24.pdf; Shaftesbury_Capital_plc_-_24&25.pdf,"Cost of sales; if not disclosed, direct + other operating expenses",
E20,Shaftesbury Capital plc,FY2025,Employee costs,amount,3,missing,,Shaftesbury_Capital_plc_-_23&24.pdf; Shaftesbury_Capital_plc_-_24&25.pdf,"'Staff expenses' / employee benefits - often a note, not the face",
